id,pais,año,mes,MOR,Log_MOR,CAPR,Log_CAPR,ROA,Log_ROA,CRED,Log_CRED,origen_MOR,origen_CAPR,origen_ROA,origen_CRED,atipico
1,Perú,2005,Enero,7.1401,0.853704,13.833154,1.140921,2.164354,0.335328,18.006588,1.255431,interpolado_lineal,interpolado_lineal,interpolado_lineal,interpolado_lineal,1
2,Perú,2005,Febrero,6.933887,0.840977,13.666489,1.135657,2.267937,0.355631,18.102937,1.257749,interpolado_lineal,interpolado_lineal,interpolado_lineal,interpolado_lineal,1
3,Perú,2005,Marzo,6.727675,0.827865,13.499824,1.130328,2.37152,0.375027,18.199285,1.260054,interpolado_lineal,interpolado_lineal,interpolado_lineal,interpolado_lineal,1
4,Perú,2005,Abril,6.521463,0.814345,13.33316,1.124933,2.475103,0.393593,18.295634,1.262347,interpolado_lineal,interpolado_lineal,interpolado_lineal,interpolado_lineal,1
5,Perú,2005,Mayo,6.315251,0.800391,13.166496,1.11947,2.578686,0.411398,18.391982,1.264629,interpolado_lineal,interpolado_lineal,interpolado_lineal,interpolado_lineal,0
6,Perú,2005,Junio,6.109038,0.785973,12.999831,1.113938,2.682269,0.428502,18.488331,1.266898,interpolado_lineal,interpolado_lineal,interpolado_lineal,interpolado_lineal,0
7,Perú,2005,Julio,5.902826,0.77106,12.833166,1.108334,2.785851,0.444958,18.584679,1.269155,interpolado_lineal,interpolado_lineal,interpolado_lineal,interpolado_lineal,0
8,Perú,2005,Agosto,5.696614,0.755617,12.666502,1.102657,2.889434,0.460813,18.681028,1.271401,interpolado_lineal,interpolado_lineal,interpolado_lineal,interpolado_lineal,0
9,Perú,2005,Setiembre,5.490402,0.739604,12.499838,1.096904,2.993017,0.476109,18.777376,1.273635,interpolado_lineal,interpolado_lineal,interpolado_lineal,interpolado_lineal,0
10,Perú,2005,Octubre,5.284189,0.722978,12.333173,1.091075,3.0966,0.490885,18.873725,1.275858,interpolado_lineal,interpolado_lineal,interpolado_lineal,interpolado_lineal,0
11,Perú,2005,Noviembre,5.077977,0.705691,12.166508,1.085166,3.200183,0.505175,18.970073,1.278069,interpolado_lineal,interpolado_lineal,interpolado_lineal,interpolado_lineal,0
12,Perú,2005,Diciembre,4.871765,0.687686,11.999844,1.079176,3.303765,0.519009,19.066422,1.280269,BM_GFDD_anual_empalmado,BM_GFDD_anual_empalmado,BM_GFDD_anual_empalmado,BM_WDI_anual_observado,0
13,Perú,2006,Enero,4.729994,0.674861,12.04151,1.080681,3.297845,0.51823,19.211983,1.283572,interpolado_lineal,interpolado_lineal,interpolado_lineal,interpolado_lineal,0
14,Perú,2006,Febrero,4.588223,0.661645,12.083176,1.082181,3.291925,0.51745,19.357545,1.28685,interpolado_lineal,interpolado_lineal,interpolado_lineal,interpolado_lineal,0
15,Perú,2006,Marzo,4.446452,0.648014,12.124842,1.083676,3.286005,0.516668,19.503107,1.290104,interpolado_lineal,interpolado_lineal,interpolado_lineal,interpolado_lineal,0
16,Perú,2006,Abril,4.304681,0.633941,12.166508,1.085166,3.280085,0.515885,19.648669,1.293333,interpolado_lineal,interpolado_lineal,interpolado_lineal,interpolado_lineal,0
17,Perú,2006,Mayo,4.16291,0.619397,12.208175,1.086651,3.274165,0.515101,19.794231,1.296539,interpolado_lineal,interpolado_lineal,interpolado_lineal,interpolado_lineal,0
18,Perú,2006,Junio,4.021139,0.604349,12.249841,1.08813,3.268245,0.514315,19.939793,1.299721,interpolado_lineal,interpolado_lineal,interpolado_lineal,interpolado_lineal,0
19,Perú,2006,Julio,3.879368,0.588761,12.291507,1.089605,3.262325,0.513527,20.085355,1.30288,interpolado_lineal,interpolado_lineal,interpolado_lineal,interpolado_lineal,0
20,Perú,2006,Agosto,3.737597,0.572592,12.333173,1.091075,3.256405,0.512738,20.230917,1.306016,interpolado_lineal,interpolado_lineal,interpolado_lineal,interpolado_lineal,0
21,Perú,2006,Setiembre,3.595826,0.555799,12.374839,1.09254,3.250485,0.511948,20.376478,1.309129,interpolado_lineal,interpolado_lineal,interpolado_lineal,interpolado_lineal,0
22,Perú,2006,Octubre,3.454055,0.538329,12.416505,1.093999,3.244565,0.511156,20.52204,1.312221,interpolado_lineal,interpolado_lineal,interpolado_lineal,interpolado_lineal,0
23,Perú,2006,Noviembre,3.312284,0.520128,12.458171,1.095454,3.238645,0.510363,20.667602,1.31529,interpolado_lineal,interpolado_lineal,interpolado_lineal,interpolado_lineal,0
24,Perú,2006,Diciembre,3.170514,0.50113,12.499838,1.096904,3.232725,0.509569,20.813164,1.318338,BM_GFDD_anual_empalmado,BM_GFDD_anual_empalmado,BM_GFDD_anual_empalmado,BM_WDI_anual_observado,0
25,Perú,2007,Enero,3.080296,0.488592,12.433172,1.094582,3.254886,0.512536,21.129323,1.324886,interpolado_lineal,interpolado_lineal,interpolado_lineal,interpolado_lineal,0
26,Perú,2007,Febrero,2.990078,0.475683,12.366506,1.092247,3.277048,0.515483,21.445482,1.331336,interpolado_lineal,interpolado_lineal,interpolado_lineal,interpolado_lineal,0
27,Perú,2007,Marzo,2.89986,0.462377,12.29984,1.089899,3.29921,0.51841,21.761641,1.337692,interpolado_lineal,interpolado_lineal,interpolado_lineal,interpolado_lineal,0
28,Perú,2007,Abril,2.809642,0.448651,12.233174,1.087539,3.321372,0.521318,22.077801,1.343956,interpolado_lineal,interpolado_lineal,interpolado_lineal,interpolado_lineal,0
29,Perú,2007,Mayo,2.719424,0.434477,12.166508,1.085166,3.343533,0.524206,22.39396,1.350131,interpolado_lineal,interpolado_lineal,interpolado_lineal,interpolado_lineal,0
30,Perú,2007,Junio,2.629206,0.419825,12.099843,1.08278,3.365695,0.527075,22.710119,1.356219,interpolado_lineal,interpolado_lineal,interpolado_lineal,interpolado_lineal,0
31,Perú,2007,Julio,2.538989,0.404661,12.033177,1.08038,3.387857,0.529925,23.026278,1.362224,interpolado_lineal,interpolado_lineal,interpolado_lineal,interpolado_lineal,0
32,Perú,2007,Agosto,2.448771,0.388948,11.966511,1.077968,3.410018,0.532757,23.342437,1.368146,interpolado_lineal,interpolado_lineal,interpolado_lineal,interpolado_lineal,0
33,Perú,2007,Setiembre,2.358553,0.372646,11.899845,1.075541,3.43218,0.53557,23.658596,1.373989,interpolado_lineal,interpolado_lineal,interpolado_lineal,interpolado_lineal,0
34,Perú,2007,Octubre,2.268335,0.355707,11.833179,1.073101,3.454342,0.538365,23.974755,1.379754,interpolado_lineal,interpolado_lineal,interpolado_lineal,interpolado_lineal,0
35,Perú,2007,Noviembre,2.178117,0.338081,11.766514,1.070648,3.476504,0.541143,24.290915,1.385444,interpolado_lineal,interpolado_lineal,interpolado_lineal,interpolado_lineal,0
36,Perú,2007,Diciembre,2.087899,0.319709,11.699848,1.06818,3.498665,0.543902,24.607074,1.39106,BM_GFDD_anual_empalmado,BM_GFDD_anual_empalmado,BM_GFDD_anual_empalmado,BM_WDI_anual_observado,0
37,Perú,2008,Enero,2.055679,0.312955,11.716514,1.068798,3.505418,0.54474,25.036814,1.398579,interpolado_lineal,interpolado_lineal,interpolado_lineal,interpolado_lineal,0
38,Perú,2008,Febrero,2.023458,0.306094,11.733181,1.069416,3.512171,0.545576,25.466555,1.40597,interpolado_lineal,interpolado_lineal,interpolado_lineal,interpolado_lineal,0
39,Perú,2008,Marzo,1.991237,0.299123,11.749847,1.070032,3.518924,0.54641,25.896295,1.413238,interpolado_lineal,interpolado_lineal,interpolado_lineal,interpolado_lineal,0
40,Perú,2008,Abril,1.959017,0.292038,11.766514,1.070648,3.525676,0.547242,26.326036,1.420385,interpolado_lineal,interpolado_lineal,interpolado_lineal,interpolado_lineal,0
41,Perú,2008,Mayo,1.926796,0.284836,11.78318,1.071263,3.532429,0.548073,26.755777,1.427418,interpolado_lineal,interpolado_lineal,interpolado_lineal,interpolado_lineal,0
42,Perú,2008,Junio,1.894575,0.277512,11.799847,1.071876,3.539182,0.548903,27.185517,1.434338,interpolado_lineal,interpolado_lineal,interpolado_lineal,interpolado_lineal,0
43,Perú,2008,Julio,1.862355,0.270062,11.816513,1.072489,3.545935,0.549731,27.615258,1.441149,interpolado_lineal,interpolado_lineal,interpolado_lineal,interpolado_lineal,0
44,Perú,2008,Agosto,1.830134,0.262483,11.833179,1.073101,3.552687,0.550557,28.044998,1.447855,interpolado_lineal,interpolado_lineal,interpolado_lineal,interpolado_lineal,0
45,Perú,2008,Setiembre,1.797913,0.254769,11.849846,1.073713,3.55944,0.551382,28.474739,1.45446,interpolado_lineal,interpolado_lineal,interpolado_lineal,interpolado_lineal,0
46,Perú,2008,Octubre,1.765693,0.246915,11.866512,1.074323,3.566193,0.552205,28.90448,1.460965,interpolado_lineal,interpolado_lineal,interpolado_lineal,interpolado_lineal,0
47,Perú,2008,Noviembre,1.733472,0.238917,11.883179,1.074933,3.572946,0.553026,29.33422,1.467375,interpolado_lineal,interpolado_lineal,interpolado_lineal,interpolado_lineal,0
48,Perú,2008,Diciembre,1.701251,0.230768,11.899845,1.075541,3.579699,0.553847,29.763961,1.473691,BM_GFDD_anual_empalmado,BM_GFDD_anual_empalmado,BM_GFDD_anual_empalmado,BM_WDI_anual_observado,0
49,Perú,2009,Enero,1.733472,0.238917,12.033177,1.08038,3.540691,0.549088,29.784841,1.473995,interpolado_lineal,interpolado_lineal,interpolado_lineal,interpolado_lineal,0
50,Perú,2009,Febrero,1.765693,0.246915,12.166508,1.085166,3.501684,0.544277,29.805722,1.4743,interpolado_lineal,interpolado_lineal,interpolado_lineal,interpolado_lineal,0
51,Perú,2009,Marzo,1.797913,0.254769,12.29984,1.089899,3.462677,0.539412,29.826603,1.474604,interpolado_lineal,interpolado_lineal,interpolado_lineal,interpolado_lineal,0
52,Perú,2009,Abril,1.830134,0.262483,12.433172,1.094582,3.42367,0.534492,29.847484,1.474908,interpolado_lineal,interpolado_lineal,interpolado_lineal,interpolado_lineal,0
53,Perú,2009,Mayo,1.862355,0.270062,12.566503,1.099214,3.384663,0.529515,29.868364,1.475211,interpolado_lineal,interpolado_lineal,interpolado_lineal,interpolado_lineal,0
54,Perú,2009,Junio,1.894575,0.277512,12.699835,1.103798,3.345656,0.524481,29.889245,1.475515,interpolado_lineal,interpolado_lineal,interpolado_lineal,interpolado_lineal,0
55,Perú,2009,Julio,1.926796,0.284836,12.833166,1.108334,3.306649,0.519388,29.910126,1.475818,interpolado_lineal,interpolado_lineal,interpolado_lineal,interpolado_lineal,0
56,Perú,2009,Agosto,1.959017,0.292038,12.966498,1.112823,3.267642,0.514234,29.931006,1.476121,interpolado_lineal,interpolado_lineal,interpolado_lineal,interpolado_lineal,0
57,Perú,2009,Setiembre,1.991237,0.299123,13.09983,1.117266,3.228635,0.509019,29.951887,1.476424,interpolado_lineal,interpolado_lineal,interpolado_lineal,interpolado_lineal,0
58,Perú,2009,Octubre,2.023458,0.306094,13.233161,1.121664,3.189627,0.50374,29.972768,1.476727,interpolado_lineal,interpolado_lineal,interpolado_lineal,interpolado_lineal,0
59,Perú,2009,Noviembre,2.055679,0.312955,13.366493,1.126017,3.15062,0.498396,29.993648,1.477029,interpolado_lineal,interpolado_lineal,interpolado_lineal,interpolado_lineal,0
60,Perú,2009,Diciembre,2.087899,0.319709,13.499824,1.130328,3.111613,0.492986,30.014529,1.477332,BM_GFDD_anual_empalmado,BM_GFDD_anual_empalmado,BM_GFDD_anual_empalmado,BM_WDI_anual_observado,0
61,Perú,2010,Enero,2.069544,0.315875,13.538345,1.131566,3.086622,0.489483,30.035126,1.477629,interpolado_lineal,interpolado_lineal,interpolado_lineal,interpolado_lineal,0
62,Perú,2010,Febrero,2.051188,0.312005,13.576865,1.132799,3.061632,0.485953,30.055722,1.477927,interpolado_lineal,interpolado_lineal,interpolado_lineal,interpolado_lineal,0
63,Perú,2010,Marzo,2.032833,0.308102,13.615385,1.13403,3.036641,0.482393,30.076319,1.478225,interpolado_lineal,interpolado_lineal,interpolado_lineal,interpolado_lineal,0
64,Perú,2010,Abril,2.014478,0.304163,13.653905,1.135257,3.01165,0.478804,30.096915,1.478522,interpolado_lineal,interpolado_lineal,interpolado_lineal,interpolado_lineal,0
65,Perú,2010,Mayo,1.996122,0.300187,13.692425,1.13648,2.986659,0.475186,30.117512,1.478819,interpolado_lineal,interpolado_lineal,interpolado_lineal,interpolado_lineal,0
66,Perú,2010,Junio,1.977767,0.296175,13.730945,1.1377,2.961669,0.471537,30.138108,1.479116,interpolado_lineal,interpolado_lineal,interpolado_lineal,interpolado_lineal,0
67,Perú,2010,Julio,1.959412,0.292126,13.769465,1.138917,2.936678,0.467856,30.158705,1.479413,interpolado_lineal,interpolado_lineal,interpolado_lineal,interpolado_lineal,0
68,Perú,2010,Agosto,1.941056,0.288038,13.807985,1.14013,2.911687,0.464145,30.179301,1.479709,interpolado_lineal,interpolado_lineal,interpolado_lineal,interpolado_lineal,0
69,Perú,2010,Setiembre,1.922701,0.283912,13.846505,1.14134,2.886696,0.460401,30.199898,1.480005,interpolado_lineal,interpolado_lineal,interpolado_lineal,interpolado_lineal,0
70,Perú,2010,Octubre,1.904346,0.279746,13.885025,1.142547,2.861705,0.456625,30.220494,1.480302,interpolado_lineal,interpolado_lineal,interpolado_lineal,interpolado_lineal,0
71,Perú,2010,Noviembre,1.88599,0.275539,13.923545,1.14375,2.836715,0.452816,30.241091,1.480597,interpolado_lineal,interpolado_lineal,interpolado_lineal,interpolado_lineal,0
72,Perú,2010,Diciembre,1.867635,0.271292,13.962065,1.14495,2.811724,0.448973,30.261687,1.480893,FMI_trimestral_observado,FMI_trimestral_observado,FMI_trimestral_observado,BM_WDI_anual_observado,0
73,Perú,2011,Enero,1.878136,0.273727,14.061992,1.148047,2.915696,0.464742,30.432316,1.483335,interpolado_lineal,interpolado_lineal,interpolado_lineal,interpolado_lineal,0
74,Perú,2011,Febrero,1.888638,0.276149,14.161919,1.151122,3.019668,0.479959,30.602944,1.485763,interpolado_lineal,interpolado_lineal,interpolado_lineal,interpolado_lineal,0
75,Perú,2011,Marzo,1.899139,0.278557,14.261846,1.154176,3.123641,0.494661,30.773572,1.488178,FMI_trimestral_observado,FMI_trimestral_observado,FMI_trimestral_observado,interpolado_lineal,0
76,Perú,2011,Abril,1.905485,0.280006,14.207273,1.152511,3.085516,0.489328,30.944201,1.490579,interpolado_lineal,interpolado_lineal,interpolado_lineal,interpolado_lineal,0
77,Perú,2011,Mayo,1.911831,0.281449,14.152701,1.150839,3.047391,0.483928,31.114829,1.492967,interpolado_lineal,interpolado_lineal,interpolado_lineal,interpolado_lineal,0
78,Perú,2011,Junio,1.918176,0.282888,14.098128,1.149161,3.009266,0.478461,31.285457,1.495343,FMI_trimestral_observado,FMI_trimestral_observado,FMI_trimestral_observado,interpolado_lineal,0
79,Perú,2011,Julio,1.931501,0.285895,14.085614,1.148776,3.04487,0.483569,31.456086,1.497705,interpolado_lineal,interpolado_lineal,interpolado_lineal,interpolado_lineal,0
80,Perú,2011,Agosto,1.944825,0.288881,14.0731,1.14839,3.080473,0.488617,31.626714,1.500054,interpolado_lineal,interpolado_lineal,interpolado_lineal,interpolado_lineal,0
81,Perú,2011,Setiembre,1.95815,0.291846,14.060586,1.148003,3.116077,0.493608,31.797342,1.502391,FMI_trimestral_observado,FMI_trimestral_observado,FMI_trimestral_observado,interpolado_lineal,0
82,Perú,2011,Octubre,1.918397,0.282938,13.930987,1.143982,3.119257,0.494051,31.967971,1.504715,interpolado_lineal,interpolado_lineal,interpolado_lineal,interpolado_lineal,0
83,Perú,2011,Noviembre,1.878643,0.273844,13.801389,1.139923,3.122437,0.494494,32.138599,1.507027,interpolado_lineal,interpolado_lineal,interpolado_lineal,interpolado_lineal,0
84,Perú,2011,Diciembre,1.83889,0.264556,13.67179,1.135825,3.125617,0.494936,32.309228,1.509327,FMI_trimestral_observado,FMI_trimestral_observado,FMI_trimestral_observado,BM_WDI_anual_observado,0
85,Perú,2012,Enero,1.902197,0.279255,13.982672,1.14559,3.163997,0.500236,32.453771,1.511265,interpolado_lineal,interpolado_lineal,interpolado_lineal,interpolado_lineal,0
86,Perú,2012,Febrero,1.965504,0.293474,14.293554,1.15514,3.202376,0.505472,32.598314,1.513195,interpolado_lineal,interpolado_lineal,interpolado_lineal,interpolado_lineal,0
87,Perú,2012,Marzo,2.028811,0.307242,14.604436,1.164485,3.240755,0.510646,32.742857,1.515117,FMI_trimestral_observado,FMI_trimestral_observado,FMI_trimestral_observado,interpolado_lineal,0
88,Perú,2012,Abril,2.062631,0.314422,14.691662,1.167071,3.165349,0.500422,32.887401,1.51703,interpolado_lineal,interpolado_lineal,interpolado_lineal,interpolado_lineal,0
89,Perú,2012,Mayo,2.096451,0.321485,14.778887,1.169642,3.089942,0.48995,33.031944,1.518934,interpolado_lineal,interpolado_lineal,interpolado_lineal,interpolado_lineal,0
90,Perú,2012,Junio,2.130271,0.328435,14.866113,1.172197,3.014535,0.47922,33.176487,1.52083,FMI_trimestral_observado,FMI_trimestral_observado,FMI_trimestral_observado,interpolado_lineal,0
91,Perú,2012,Julio,2.147169,0.331866,14.547636,1.162792,3.012124,0.478873,33.32103,1.522718,interpolado_lineal,interpolado_lineal,interpolado_lineal,interpolado_lineal,0
92,Perú,2012,Agosto,2.164066,0.335271,14.22916,1.153179,3.009712,0.478525,33.465574,1.524598,interpolado_lineal,interpolado_lineal,interpolado_lineal,interpolado_lineal,0
93,Perú,2012,Setiembre,2.180963,0.338648,13.910683,1.143348,3.0073,0.478177,33.610117,1.52647,FMI_trimestral_observado,FMI_trimestral_observado,FMI_trimestral_observado,interpolado_lineal,0
94,Perú,2012,Octubre,2.176209,0.337701,14.072209,1.148362,2.990839,0.475793,33.75466,1.528334,interpolado_lineal,interpolado_lineal,interpolado_lineal,interpolado_lineal,0
95,Perú,2012,Noviembre,2.171454,0.336751,14.233735,1.153319,2.974378,0.473396,33.899204,1.53019,interpolado_lineal,interpolado_lineal,interpolado_lineal,interpolado_lineal,0
96,Perú,2012,Diciembre,2.166699,0.335799,14.395261,1.15822,2.957917,0.470986,34.043747,1.532037,FMI_trimestral_observado,FMI_trimestral_observado,FMI_trimestral_observado,BM_WDI_anual_observado,0
97,Perú,2013,Enero,2.256331,0.353403,14.521319,1.162006,2.899781,0.462365,34.350095,1.535928,interpolado_lineal,interpolado_lineal,interpolado_lineal,interpolado_lineal,0
98,Perú,2013,Febrero,2.345963,0.370321,14.647377,1.16576,2.841646,0.45357,34.656444,1.539784,interpolado_lineal,interpolado_lineal,interpolado_lineal,interpolado_lineal,0
99,Perú,2013,Marzo,2.435595,0.386605,14.773436,1.169482,2.78351,0.444593,34.962792,1.543606,FMI_trimestral_observado,FMI_trimestral_observado,FMI_trimestral_observado,interpolado_lineal,0
100,Perú,2013,Abril,2.455312,0.390107,14.771688,1.16943,2.744298,0.438431,35.269141,1.547395,interpolado_lineal,interpolado_lineal,interpolado_lineal,interpolado_lineal,0
101,Perú,2013,Mayo,2.475029,0.39358,14.769941,1.169379,2.705086,0.432181,35.575489,1.551151,interpolado_lineal,interpolado_lineal,interpolado_lineal,interpolado_lineal,0
102,Perú,2013,Junio,2.494745,0.397026,14.768194,1.169327,2.665874,0.42584,35.881838,1.554875,FMI_trimestral_observado,FMI_trimestral_observado,FMI_trimestral_observado,interpolado_lineal,0
103,Perú,2013,Julio,2.51735,0.400944,14.519839,1.161962,2.678262,0.427853,36.188187,1.558567,interpolado_lineal,interpolado_lineal,interpolado_lineal,interpolado_lineal,0
104,Perú,2013,Agosto,2.539954,0.404826,14.271484,1.154469,2.690651,0.429857,36.494535,1.562228,interpolado_lineal,interpolado_lineal,interpolado_lineal,interpolado_lineal,0
105,Perú,2013,Setiembre,2.562558,0.408674,14.02313,1.146845,2.703039,0.431852,36.800884,1.565858,FMI_trimestral_observado,FMI_trimestral_observado,FMI_trimestral_observado,interpolado_lineal,0
106,Perú,2013,Octubre,2.550148,0.406565,13.996436,1.146017,2.700316,0.431415,37.107232,1.569459,interpolado_lineal,interpolado_lineal,interpolado_lineal,interpolado_lineal,0
107,Perú,2013,Noviembre,2.537739,0.404447,13.969743,1.145188,2.697592,0.430976,37.413581,1.573029,interpolado_lineal,interpolado_lineal,interpolado_lineal,interpolado_lineal,0
108,Perú,2013,Diciembre,2.525329,0.402318,13.943049,1.144358,2.694869,0.430538,37.719929,1.576571,FMI_trimestral_observado,FMI_trimestral_observado,FMI_trimestral_observado,BM_WDI_anual_observado,0
109,Perú,2014,Enero,2.608651,0.416416,14.146477,1.150648,2.614062,0.417316,37.984904,1.579611,interpolado_lineal,interpolado_lineal,interpolado_lineal,interpolado_lineal,0
110,Perú,2014,Febrero,2.691973,0.430071,14.349905,1.156849,2.533255,0.403679,38.249879,1.58263,interpolado_lineal,interpolado_lineal,interpolado_lineal,interpolado_lineal,0
111,Perú,2014,Marzo,2.775295,0.443309,14.553333,1.162962,2.452448,0.3896,38.514854,1.585628,FMI_trimestral_observado,FMI_trimestral_observado,FMI_trimestral_observado,interpolado_lineal,0
112,Perú,2014,Abril,2.792494,0.445992,14.51029,1.161676,2.439306,0.387266,38.779828,1.588606,interpolado_lineal,interpolado_lineal,interpolado_lineal,interpolado_lineal,0
113,Perú,2014,Mayo,2.809693,0.448659,14.467247,1.160386,2.426164,0.38492,39.044803,1.591563,interpolado_lineal,interpolado_lineal,interpolado_lineal,interpolado_lineal,0
114,Perú,2014,Junio,2.826892,0.451309,14.424204,1.159092,2.413022,0.382561,39.309778,1.594501,FMI_trimestral_observado,FMI_trimestral_observado,FMI_trimestral_observado,interpolado_lineal,0
115,Perú,2014,Julio,2.850327,0.454895,14.520613,1.161985,2.47035,0.392758,39.574753,1.597418,interpolado_lineal,interpolado_lineal,interpolado_lineal,interpolado_lineal,0
116,Perú,2014,Agosto,2.873761,0.458451,14.617023,1.164859,2.527679,0.402722,39.839728,1.600316,interpolado_lineal,interpolado_lineal,interpolado_lineal,interpolado_lineal,0
117,Perú,2014,Setiembre,2.897195,0.461978,14.713432,1.167714,2.585007,0.412462,40.104702,1.603195,FMI_trimestral_observado,FMI_trimestral_observado,FMI_trimestral_observado,interpolado_lineal,0
118,Perú,2014,Octubre,2.886914,0.460434,14.555557,1.163029,2.613182,0.41717,40.369677,1.606055,interpolado_lineal,interpolado_lineal,interpolado_lineal,interpolado_lineal,0
119,Perú,2014,Noviembre,2.876633,0.458884,14.397683,1.158293,2.641356,0.421827,40.634652,1.608897,interpolado_lineal,interpolado_lineal,interpolado_lineal,interpolado_lineal,0
120,Perú,2014,Diciembre,2.866352,0.45733,14.239808,1.153504,2.669531,0.426435,40.899627,1.611719,FMI_trimestral_observado,FMI_trimestral_observado,FMI_trimestral_observado,BM_WDI_anual_observado,0
121,Perú,2015,Enero,2.895634,0.461744,14.335474,1.156412,2.814919,0.449466,41.146986,1.614338,interpolado_lineal,interpolado_lineal,interpolado_lineal,interpolado_lineal,0
122,Perú,2015,Febrero,2.924917,0.466114,14.431139,1.159301,2.960308,0.471337,41.394344,1.616941,interpolado_lineal,interpolado_lineal,interpolado_lineal,interpolado_lineal,0
123,Perú,2015,Marzo,2.954199,0.47044,14.526805,1.16217,3.105696,0.492159,41.641703,1.619528,FMI_trimestral_observado,FMI_trimestral_observado,FMI_trimestral_observado,interpolado_lineal,0
124,Perú,2015,Abril,2.978276,0.473965,14.490584,1.161086,3.083709,0.489073,41.889062,1.622101,interpolado_lineal,interpolado_lineal,interpolado_lineal,interpolado_lineal,0
125,Perú,2015,Mayo,3.002352,0.477462,14.454364,1.159999,3.061722,0.485966,42.13642,1.624658,interpolado_lineal,interpolado_lineal,interpolado_lineal,interpolado_lineal,0
126,Perú,2015,Junio,3.026429,0.48093,14.418144,1.158909,3.039735,0.482836,42.383779,1.6272,FMI_trimestral_observado,FMI_trimestral_observado,FMI_trimestral_observado,interpolado_lineal,0
127,Perú,2015,Julio,2.987525,0.475312,14.390822,1.158086,3.020566,0.480088,42.631138,1.629727,interpolado_lineal,interpolado_lineal,interpolado_lineal,interpolado_lineal,0
128,Perú,2015,Agosto,2.94862,0.469619,14.3635,1.15726,3.001397,0.477323,42.878497,1.63224,interpolado_lineal,interpolado_lineal,interpolado_lineal,interpolado_lineal,0
129,Perú,2015,Setiembre,2.909716,0.463851,14.336178,1.156433,2.982228,0.474541,43.125855,1.634738,FMI_trimestral_observado,FMI_trimestral_observado,FMI_trimestral_observado,interpolado_lineal,0
130,Perú,2015,Octubre,2.881901,0.459679,14.331984,1.156306,2.954899,0.470543,43.373214,1.637222,interpolado_lineal,interpolado_lineal,interpolado_lineal,interpolado_lineal,0
131,Perú,2015,Noviembre,2.854086,0.455467,14.327791,1.156179,2.92757,0.466507,43.620573,1.639691,interpolado_lineal,interpolado_lineal,interpolado_lineal,interpolado_lineal,0
132,Perú,2015,Diciembre,2.826271,0.451214,14.323597,1.156052,2.900241,0.462434,43.867931,1.642147,FMI_trimestral_observado,FMI_trimestral_observado,FMI_trimestral_observado,BM_WDI_anual_observado,0
133,Perú,2016,Enero,2.889596,0.460837,14.502836,1.161453,2.790084,0.445617,43.779689,1.641273,interpolado_lineal,interpolado_lineal,interpolado_lineal,interpolado_lineal,0
134,Perú,2016,Febrero,2.95292,0.470252,14.682075,1.166787,2.679927,0.428123,43.691447,1.640396,interpolado_lineal,interpolado_lineal,interpolado_lineal,interpolado_lineal,0
135,Perú,2016,Marzo,3.016244,0.479466,14.861314,1.172057,2.56977,0.409894,43.603205,1.639518,FMI_trimestral_observado,FMI_trimestral_observado,FMI_trimestral_observado,interpolado_lineal,0
136,Perú,2016,Abril,3.060948,0.485856,14.945028,1.174497,2.56803,0.4096,43.514963,1.638639,interpolado_lineal,interpolado_lineal,interpolado_lineal,interpolado_lineal,0
137,Perú,2016,Mayo,3.105652,0.492153,15.028741,1.176923,2.56629,0.409306,43.426721,1.637757,interpolado_lineal,interpolado_lineal,interpolado_lineal,interpolado_lineal,0
138,Perú,2016,Junio,3.150355,0.498359,15.112455,1.179335,2.56455,0.409011,43.338478,1.636874,FMI_trimestral_observado,FMI_trimestral_observado,FMI_trimestral_observado,interpolado_lineal,0
139,Perú,2016,Julio,3.150443,0.498372,15.158868,1.180667,2.584522,0.41238,43.250236,1.635988,interpolado_lineal,interpolado_lineal,interpolado_lineal,interpolado_lineal,0
140,Perú,2016,Agosto,3.15053,0.498384,15.205281,1.181994,2.604494,0.415723,43.161994,1.635102,interpolado_lineal,interpolado_lineal,interpolado_lineal,interpolado_lineal,0
141,Perú,2016,Setiembre,3.150618,0.498396,15.251695,1.183318,2.624467,0.419041,43.073752,1.634213,FMI_trimestral_observado,FMI_trimestral_observado,FMI_trimestral_observado,interpolado_lineal,0
142,Perú,2016,Octubre,3.112718,0.49314,15.193175,1.181649,2.638677,0.421386,42.98551,1.633322,interpolado_lineal,interpolado_lineal,interpolado_lineal,interpolado_lineal,0
143,Perú,2016,Noviembre,3.074817,0.487819,15.134656,1.179973,2.652887,0.423719,42.897268,1.63243,interpolado_lineal,interpolado_lineal,interpolado_lineal,interpolado_lineal,0
144,Perú,2016,Diciembre,3.036917,0.482433,15.076137,1.17829,2.667097,0.426039,42.809025,1.631535,FMI_trimestral_observado,FMI_trimestral_observado,FMI_trimestral_observado,BM_WDI_anual_observado,0
145,Perú,2017,Enero,3.115867,0.493579,15.315177,1.185122,2.634866,0.420759,42.776158,1.631202,interpolado_lineal,interpolado_lineal,interpolado_lineal,interpolado_lineal,0
146,Perú,2017,Febrero,3.194818,0.504446,15.554218,1.191848,2.602636,0.415413,42.74329,1.630868,interpolado_lineal,interpolado_lineal,interpolado_lineal,interpolado_lineal,0
147,Perú,2017,Marzo,3.273769,0.515048,15.793259,1.198472,2.570405,0.410002,42.710423,1.630534,FMI_trimestral_observado,FMI_trimestral_observado,FMI_trimestral_observado,interpolado_lineal,0
148,Perú,2017,Abril,3.300003,0.518514,15.78616,1.198277,2.575606,0.410879,42.677555,1.6302,interpolado_lineal,interpolado_lineal,interpolado_lineal,interpolado_lineal,0
149,Perú,2017,Mayo,3.326238,0.521953,15.779062,1.198081,2.580807,0.411756,42.644687,1.629865,interpolado_lineal,interpolado_lineal,interpolado_lineal,interpolado_lineal,0
150,Perú,2017,Junio,3.352473,0.525365,15.771963,1.197886,2.586007,0.41263,42.61182,1.62953,FMI_trimestral_observado,FMI_trimestral_observado,FMI_trimestral_observado,interpolado_lineal,0
151,Perú,2017,Julio,3.345369,0.524444,15.7821,1.198165,2.623447,0.418872,42.578952,1.629195,interpolado_lineal,interpolado_lineal,interpolado_lineal,interpolado_lineal,0
152,Perú,2017,Agosto,3.338266,0.523521,15.792236,1.198444,2.660886,0.425026,42.546085,1.62886,interpolado_lineal,interpolado_lineal,interpolado_lineal,interpolado_lineal,0
153,Perú,2017,Setiembre,3.331162,0.522596,15.802372,1.198722,2.698325,0.431094,42.513217,1.628524,FMI_trimestral_observado,FMI_trimestral_observado,FMI_trimestral_observado,interpolado_lineal,0
154,Perú,2017,Octubre,3.307774,0.519536,15.606457,1.193304,2.711026,0.433134,42.480349,1.628188,interpolado_lineal,interpolado_lineal,interpolado_lineal,interpolado_lineal,0
155,Perú,2017,Noviembre,3.284386,0.516454,15.410541,1.187818,2.723728,0.435164,42.447482,1.627852,interpolado_lineal,interpolado_lineal,interpolado_lineal,interpolado_lineal,0
156,Perú,2017,Diciembre,3.260998,0.513351,15.214625,1.182261,2.736429,0.437184,42.414614,1.627516,FMI_trimestral_observado,FMI_trimestral_observado,FMI_trimestral_observado,BM_WDI_anual_observado,0
157,Perú,2018,Enero,3.290991,0.517327,15.406178,1.187695,2.788876,0.445429,42.538725,1.628784,interpolado_lineal,interpolado_lineal,interpolado_lineal,interpolado_lineal,0
158,Perú,2018,Febrero,3.320983,0.521267,15.597731,1.193061,2.841324,0.453521,42.662836,1.63005,interpolado_lineal,interpolado_lineal,interpolado_lineal,interpolado_lineal,0
159,Perú,2018,Marzo,3.350976,0.525171,15.789285,1.198362,2.893771,0.461464,42.786946,1.631311,FMI_trimestral_observado,FMI_trimestral_observado,FMI_trimestral_observado,interpolado_lineal,0
160,Perú,2018,Abril,3.365577,0.52706,15.576161,1.19246,2.896006,0.461799,42.911057,1.632569,interpolado_lineal,interpolado_lineal,interpolado_lineal,interpolado_lineal,0
161,Perú,2018,Mayo,3.380178,0.52894,15.363037,1.186477,2.89824,0.462134,43.035168,1.633824,interpolado_lineal,interpolado_lineal,interpolado_lineal,interpolado_lineal,0
162,Perú,2018,Junio,3.394779,0.530812,15.149914,1.18041,2.900475,0.462469,43.159278,1.635074,FMI_trimestral_observado,FMI_trimestral_observado,FMI_trimestral_observado,interpolado_lineal,0
163,Perú,2018,Julio,3.398771,0.531322,15.111189,1.179299,2.914182,0.464517,43.283389,1.636321,interpolado_lineal,interpolado_lineal,interpolado_lineal,interpolado_lineal,0
164,Perú,2018,Agosto,3.402762,0.531832,15.072464,1.178184,2.927888,0.466554,43.4075,1.637565,interpolado_lineal,interpolado_lineal,interpolado_lineal,interpolado_lineal,0
165,Perú,2018,Setiembre,3.406754,0.532341,15.033739,1.177067,2.941594,0.468583,43.53161,1.638805,FMI_trimestral_observado,FMI_trimestral_observado,FMI_trimestral_observado,interpolado_lineal,0
166,Perú,2018,Octubre,3.361519,0.526536,14.938535,1.174308,2.942832,0.468765,43.655721,1.640041,interpolado_lineal,interpolado_lineal,interpolado_lineal,interpolado_lineal,0
167,Perú,2018,Noviembre,3.316284,0.520652,14.843331,1.171531,2.94407,0.468948,43.779832,1.641274,interpolado_lineal,interpolado_lineal,interpolado_lineal,interpolado_lineal,0
168,Perú,2018,Diciembre,3.27105,0.514687,14.748126,1.168737,2.945308,0.469131,43.903942,1.642504,FMI_trimestral_observado,FMI_trimestral_observado,FMI_trimestral_observado,BM_WDI_anual_observado,0
169,Perú,2019,Enero,3.302532,0.518847,14.937277,1.174271,2.942611,0.468733,43.9723,1.643179,interpolado_lineal,interpolado_lineal,interpolado_lineal,interpolado_lineal,0
170,Perú,2019,Febrero,3.334014,0.522967,15.126428,1.179736,2.939914,0.468335,44.040658,1.643854,interpolado_lineal,interpolado_lineal,interpolado_lineal,interpolado_lineal,0
171,Perú,2019,Marzo,3.365496,0.527049,15.315578,1.185133,2.937217,0.467936,44.109016,1.644527,FMI_trimestral_observado,FMI_trimestral_observado,FMI_trimestral_observado,interpolado_lineal,0
172,Perú,2019,Abril,3.391008,0.530329,15.189844,1.181553,2.95053,0.4699,44.177374,1.6452,interpolado_lineal,interpolado_lineal,interpolado_lineal,interpolado_lineal,0
173,Perú,2019,Mayo,3.41652,0.533584,15.06411,1.177943,2.963843,0.471855,44.245732,1.645871,interpolado_lineal,interpolado_lineal,interpolado_lineal,interpolado_lineal,0
174,Perú,2019,Junio,3.442033,0.536815,14.938376,1.174303,2.977156,0.473802,44.31409,1.646542,FMI_trimestral_observado,FMI_trimestral_observado,FMI_trimestral_observado,interpolado_lineal,0
175,Perú,2019,Julio,3.449134,0.53771,14.967822,1.175159,3.009106,0.478437,44.382448,1.647211,interpolado_lineal,interpolado_lineal,interpolado_lineal,interpolado_lineal,0
176,Perú,2019,Agosto,3.456235,0.538603,14.997269,1.176012,3.041056,0.483024,44.450805,1.64788,interpolado_lineal,interpolado_lineal,interpolado_lineal,interpolado_lineal,0
177,Perú,2019,Setiembre,3.463336,0.539495,15.026715,1.176864,3.073006,0.487563,44.519163,1.648547,FMI_trimestral_observado,FMI_trimestral_observado,FMI_trimestral_observado,interpolado_lineal,0
178,Perú,2019,Octubre,3.430889,0.535407,14.914986,1.173623,3.044591,0.483529,44.587521,1.649213,interpolado_lineal,interpolado_lineal,interpolado_lineal,interpolado_lineal,0
179,Perú,2019,Noviembre,3.398442,0.53128,14.803257,1.170357,3.016177,0.479457,44.655879,1.649879,interpolado_lineal,interpolado_lineal,interpolado_lineal,interpolado_lineal,0
180,Perú,2019,Diciembre,3.365994,0.527113,14.691528,1.167067,2.987762,0.475346,44.724237,1.650543,FMI_trimestral_observado,FMI_trimestral_observado,FMI_trimestral_observado,BM_WDI_anual_observado,0
181,Perú,2020,Enero,3.410294,0.532792,14.623045,1.165038,2.751048,0.439498,45.606585,1.659028,interpolado_lineal,interpolado_lineal,interpolado_lineal,interpolado_lineal,0
182,Perú,2020,Febrero,3.454594,0.538397,14.554561,1.162999,2.514334,0.400423,46.488932,1.66735,interpolado_lineal,interpolado_lineal,interpolado_lineal,interpolado_lineal,0
183,Perú,2020,Marzo,3.498893,0.543931,14.486078,1.160951,2.277621,0.357481,47.37128,1.675515,FMI_trimestral_observado,FMI_trimestral_observado,FMI_trimestral_observado,interpolado_lineal,0
184,Perú,2020,Abril,3.489849,0.542807,14.670402,1.166442,1.912711,0.281649,48.253628,1.68353,interpolado_lineal,interpolado_lineal,interpolado_lineal,interpolado_lineal,0
185,Perú,2020,Mayo,3.480804,0.54168,14.854725,1.171865,1.547801,0.189715,49.135976,1.6914,interpolado_lineal,interpolado_lineal,interpolado_lineal,interpolado_lineal,1
186,Perú,2020,Junio,3.471759,0.54055,15.039048,1.17722,1.182891,0.072945,50.018323,1.699129,FMI_trimestral_observado,FMI_trimestral_observado,FMI_trimestral_observado,interpolado_lineal,1
187,Perú,2020,Julio,3.517768,0.546267,15.304346,1.184815,1.041495,0.017657,50.900671,1.706724,interpolado_lineal,interpolado_lineal,interpolado_lineal,interpolado_lineal,1
188,Perú,2020,Agosto,3.563777,0.551911,15.569644,1.192279,0.900099,-0.04571,51.783019,1.714187,interpolado_lineal,interpolado_lineal,interpolado_lineal,interpolado_lineal,1
189,Perú,2020,Setiembre,3.609786,0.557481,15.834942,1.199616,0.758703,-0.119928,52.665367,1.721525,FMI_trimestral_observado,FMI_trimestral_observado,FMI_trimestral_observado,interpolado_lineal,1
190,Perú,2020,Octubre,3.782394,0.577767,15.752901,1.197361,0.652731,-0.185266,53.547714,1.728741,interpolado_lineal,interpolado_lineal,interpolado_lineal,interpolado_lineal,1
191,Perú,2020,Noviembre,3.955001,0.597147,15.670859,1.195093,0.54676,-0.262203,54.430062,1.735839,interpolado_lineal,interpolado_lineal,interpolado_lineal,interpolado_lineal,1
192,Perú,2020,Diciembre,4.127609,0.615699,15.588818,1.192813,0.440789,-0.355769,55.31241,1.742823,FMI_trimestral_observado,FMI_trimestral_observado,FMI_trimestral_observado,BM_WDI_anual_observado,1
193,Perú,2021,Enero,4.127828,0.615722,15.817236,1.199131,0.565111,-0.247866,54.62932,1.737426,interpolado_lineal,interpolado_lineal,interpolado_lineal,interpolado_lineal,1
194,Perú,2021,Febrero,4.128048,0.615745,16.045654,1.205357,0.689433,-0.161508,53.946231,1.731961,interpolado_lineal,interpolado_lineal,interpolado_lineal,interpolado_lineal,1
195,Perú,2021,Marzo,4.128268,0.615768,16.274073,1.211496,0.813755,-0.089506,53.263141,1.726427,FMI_trimestral_observado,FMI_trimestral_observado,FMI_trimestral_observado,interpolado_lineal,1
196,Perú,2021,Abril,4.054517,0.607939,16.01668,1.204572,0.913297,-0.039388,52.580051,1.720821,interpolado_lineal,interpolado_lineal,interpolado_lineal,interpolado_lineal,1
197,Perú,2021,Mayo,3.980767,0.599967,15.759287,1.197537,1.012839,0.00554,51.896962,1.715142,interpolado_lineal,interpolado_lineal,interpolado_lineal,interpolado_lineal,1
198,Perú,2021,Junio,3.907017,0.591845,15.501894,1.190385,1.112381,0.046254,51.213872,1.709388,FMI_trimestral_observado,FMI_trimestral_observado,FMI_trimestral_observado,interpolado_lineal,1
199,Perú,2021,Julio,3.925203,0.593862,15.413935,1.187914,1.217143,0.085342,50.530782,1.703556,interpolado_lineal,interpolado_lineal,interpolado_lineal,interpolado_lineal,1
200,Perú,2021,Agosto,3.943388,0.59587,15.325975,1.185428,1.321906,0.121201,49.847693,1.697645,interpolado_lineal,interpolado_lineal,interpolado_lineal,interpolado_lineal,1
201,Perú,2021,Setiembre,3.961573,0.597868,15.238015,1.182928,1.426669,0.154323,49.164603,1.691653,FMI_trimestral_observado,FMI_trimestral_observado,FMI_trimestral_observado,interpolado_lineal,1
202,Perú,2021,Octubre,3.943965,0.595933,15.153725,1.180519,1.523958,0.182973,48.481514,1.685576,interpolado_lineal,interpolado_lineal,interpolado_lineal,interpolado_lineal,1
203,Perú,2021,Noviembre,3.926356,0.59399,15.069435,1.178097,1.621248,0.209849,47.798424,1.679414,interpolado_lineal,interpolado_lineal,interpolado_lineal,interpolado_lineal,1
204,Perú,2021,Diciembre,3.908747,0.592038,14.985146,1.175661,1.718537,0.235159,47.115334,1.673162,FMI_trimestral_observado,FMI_trimestral_observado,FMI_trimestral_observado,BM_WDI_anual_observado,1
205,Perú,2022,Enero,3.931451,0.594553,15.030282,1.176967,2.001993,0.301463,46.993127,1.672034,interpolado_lineal,interpolado_lineal,interpolado_lineal,interpolado_lineal,0
206,Perú,2022,Febrero,3.954155,0.597054,15.075418,1.178269,2.28545,0.358972,46.870919,1.670903,interpolado_lineal,interpolado_lineal,interpolado_lineal,interpolado_lineal,0
207,Perú,2022,Marzo,3.976859,0.59954,15.120554,1.179568,2.568907,0.409748,46.748712,1.66977,FMI_trimestral_observado,FMI_trimestral_observado,FMI_trimestral_observado,interpolado_lineal,0
208,Perú,2022,Abril,3.983277,0.600241,15.008798,1.176346,2.569284,0.409812,46.626504,1.668633,interpolado_lineal,interpolado_lineal,interpolado_lineal,interpolado_lineal,0
209,Perú,2022,Mayo,3.989694,0.60094,14.897043,1.1731,2.569662,0.409876,46.504297,1.667493,interpolado_lineal,interpolado_lineal,interpolado_lineal,interpolado_lineal,0
210,Perú,2022,Junio,3.996112,0.601638,14.785288,1.16983,2.570039,0.40994,46.382089,1.66635,FMI_trimestral_observado,FMI_trimestral_observado,FMI_trimestral_observado,interpolado_lineal,0
211,Perú,2022,Julio,4.043011,0.606705,14.73044,1.168216,2.578962,0.411445,46.259882,1.665205,interpolado_lineal,interpolado_lineal,interpolado_lineal,interpolado_lineal,0
212,Perú,2022,Agosto,4.08991,0.611714,14.675593,1.166596,2.587885,0.412945,46.137674,1.664056,interpolado_lineal,interpolado_lineal,interpolado_lineal,interpolado_lineal,0
213,Perú,2022,Setiembre,4.136809,0.616665,14.620745,1.16497,2.596808,0.41444,46.015467,1.662904,FMI_trimestral_observado,FMI_trimestral_observado,FMI_trimestral_observado,interpolado_lineal,0
214,Perú,2022,Octubre,4.130044,0.615955,14.579931,1.163755,2.579809,0.411588,45.893259,1.661749,interpolado_lineal,interpolado_lineal,interpolado_lineal,interpolado_lineal,0
215,Perú,2022,Noviembre,4.123278,0.615243,14.539116,1.162538,2.562811,0.408717,45.771052,1.660591,interpolado_lineal,interpolado_lineal,interpolado_lineal,interpolado_lineal,0
216,Perú,2022,Diciembre,4.116513,0.614529,14.498302,1.161317,2.545812,0.405826,45.648844,1.65943,FMI_trimestral_observado,FMI_trimestral_observado,FMI_trimestral_observado,BM_WDI_anual_observado,0
217,Perú,2023,Enero,4.134593,0.616433,14.882712,1.172682,2.5619,0.408562,45.423866,1.657284,interpolado_lineal,interpolado_lineal,interpolado_lineal,interpolado_lineal,0
218,Perú,2023,Febrero,4.152673,0.618328,15.267123,1.183757,2.577987,0.411281,45.198889,1.655128,interpolado_lineal,interpolado_lineal,interpolado_lineal,interpolado_lineal,0
219,Perú,2023,Marzo,4.170753,0.620214,15.651534,1.194557,2.594074,0.413982,44.973911,1.652961,FMI_trimestral_observado,FMI_trimestral_observado,FMI_trimestral_observado,interpolado_lineal,0
220,Perú,2023,Abril,4.213017,0.624593,15.798342,1.198612,2.566743,0.409382,44.748933,1.650783,interpolado_lineal,interpolado_lineal,interpolado_lineal,interpolado_lineal,0
221,Perú,2023,Mayo,4.25528,0.628928,15.945149,1.202629,2.539413,0.404733,44.523955,1.648594,interpolado_lineal,interpolado_lineal,interpolado_lineal,interpolado_lineal,0
222,Perú,2023,Junio,4.297544,0.63322,16.091957,1.206609,2.512083,0.400034,44.298978,1.646394,FMI_trimestral_observado,FMI_trimestral_observado,FMI_trimestral_observado,interpolado_lineal,0
223,Perú,2023,Julio,4.344981,0.637988,16.13272,1.207708,2.463051,0.391473,44.074,1.644182,interpolado_lineal,interpolado_lineal,interpolado_lineal,interpolado_lineal,0
224,Perú,2023,Agosto,4.392418,0.642704,16.173483,1.208804,2.41402,0.382741,43.849022,1.64196,interpolado_lineal,interpolado_lineal,interpolado_lineal,interpolado_lineal,0
225,Perú,2023,Setiembre,4.439854,0.647369,16.214246,1.209897,2.364988,0.373829,43.624044,1.639726,FMI_trimestral_observado,FMI_trimestral_observado,FMI_trimestral_observado,interpolado_lineal,0
226,Perú,2023,Octubre,4.453382,0.64869,16.250577,1.210869,2.293871,0.360569,43.399067,1.63748,interpolado_lineal,interpolado_lineal,interpolado_lineal,interpolado_lineal,0
227,Perú,2023,Noviembre,4.466909,0.650007,16.286909,1.211839,2.222754,0.346891,43.174089,1.635223,interpolado_lineal,interpolado_lineal,interpolado_lineal,interpolado_lineal,0
228,Perú,2023,Diciembre,4.480436,0.65132,16.323241,1.212806,2.151637,0.332769,42.949111,1.632954,FMI_trimestral_observado,FMI_trimestral_observado,FMI_trimestral_observado,BM_WDI_anual_observado,0
229,Perú,2024,Enero,4.567241,0.659654,16.086314,1.206457,2.083762,0.318848,42.671579,1.630139,interpolado_lineal,interpolado_lineal,interpolado_lineal,interpolado_lineal,0
230,Perú,2024,Febrero,4.654046,0.667831,15.849386,1.200012,2.015887,0.304466,42.394046,1.627305,interpolado_lineal,interpolado_lineal,interpolado_lineal,interpolado_lineal,0
231,Perú,2024,Marzo,4.740851,0.675856,15.612459,1.193471,1.948012,0.289592,42.116513,1.624452,FMI_trimestral_observado,FMI_trimestral_observado,FMI_trimestral_observado,interpolado_lineal,0
232,Perú,2024,Abril,4.741646,0.675929,15.691955,1.195677,1.933248,0.286288,41.838981,1.621581,interpolado_lineal,interpolado_lineal,interpolado_lineal,interpolado_lineal,0
233,Perú,2024,Mayo,4.742441,0.676002,15.771452,1.197872,1.918485,0.282958,41.561448,1.618691,interpolado_lineal,interpolado_lineal,interpolado_lineal,interpolado_lineal,0
234,Perú,2024,Junio,4.743236,0.676075,15.850948,1.200055,1.903722,0.279604,41.283915,1.615781,FMI_trimestral_observado,FMI_trimestral_observado,FMI_trimestral_observado,interpolado_lineal,0
235,Perú,2024,Julio,4.628448,0.665435,16.268085,1.211336,2.01278,0.303796,41.006383,1.612851,interpolado_lineal,interpolado_lineal,interpolado_lineal,interpolado_lineal,0
236,Perú,2024,Agosto,4.51366,0.654529,16.685222,1.222332,2.121838,0.326712,40.72885,1.609902,interpolado_lineal,interpolado_lineal,interpolado_lineal,interpolado_lineal,0
237,Perú,2024,Setiembre,4.398872,0.643341,17.102359,1.233056,2.230896,0.348479,40.451318,1.606933,FMI_trimestral_observado,FMI_trimestral_observado,FMI_trimestral_observado,interpolado_lineal,0
238,Perú,2024,Octubre,4.262672,0.629682,17.130618,1.233773,2.273569,0.356708,40.173785,1.603943,interpolado_lineal,interpolado_lineal,interpolado_lineal,interpolado_lineal,0
239,Perú,2024,Noviembre,4.126472,0.615579,17.158877,1.234489,2.316241,0.364784,39.896252,1.600932,interpolado_lineal,interpolado_lineal,interpolado_lineal,interpolado_lineal,0
240,Perú,2024,Diciembre,3.990272,0.601003,17.187136,1.235204,2.358914,0.372712,39.61872,1.5979,FMI_trimestral_observado,FMI_trimestral_observado,FMI_trimestral_observado,BM_WDI_anual_observado,0
241,Perú,2025,Enero,3.986945,0.60064,17.041644,1.231511,2.588322,0.413018,39.878734,1.600741,interpolado_lineal,interpolado_lineal,interpolado_lineal,interpolado_lineal,0
242,Perú,2025,Febrero,3.983618,0.600278,16.896152,1.227788,2.817731,0.4499,40.138748,1.603564,interpolado_lineal,interpolado_lineal,interpolado_lineal,interpolado_lineal,0
243,Perú,2025,Marzo,3.980291,0.599915,16.750661,1.224032,3.04714,0.483892,40.398763,1.606368,FMI_trimestral_observado,FMI_trimestral_observado,FMI_trimestral_observado,interpolado_lineal,0
244,Perú,2025,Abril,3.906987,0.591842,16.842977,1.226419,3.094307,0.490563,40.658777,1.609154,interpolado_lineal,interpolado_lineal,interpolado_lineal,interpolado_lineal,0
245,Perú,2025,Mayo,3.833683,0.583616,16.935293,1.228793,3.141475,0.497134,40.918791,1.611923,interpolado_lineal,interpolado_lineal,interpolado_lineal,interpolado_lineal,0
246,Perú,2025,Junio,3.76038,0.575232,17.027609,1.231154,3.188643,0.503606,41.178806,1.614674,FMI_trimestral_observado,FMI_trimestral_observado,FMI_trimestral_observado,interpolado_lineal,0
247,Perú,2025,Julio,3.723411,0.570941,17.084479,1.232602,3.212389,0.506828,41.43882,1.617407,interpolado_lineal,interpolado_lineal,interpolado_lineal,interpolado_lineal,0
248,Perú,2025,Agosto,3.686441,0.566607,17.14135,1.234045,3.236135,0.510027,41.698834,1.620124,interpolado_lineal,interpolado_lineal,interpolado_lineal,interpolado_lineal,0
249,Perú,2025,Setiembre,3.649472,0.56223,17.19822,1.235484,3.259882,0.513202,41.958849,1.622824,FMI_trimestral_observado,FMI_trimestral_observado,FMI_trimestral_observado,interpolado_lineal,0
250,Perú,2025,Octubre,3.796714,0.579408,16.992163,1.230249,3.165221,0.500404,42.218863,1.625507,imputado_media,imputado_media,imputado_media,interpolado_lineal,0
251,Perú,2025,Noviembre,3.796714,0.579408,16.992163,1.230249,3.165221,0.500404,42.478877,1.628173,imputado_media,imputado_media,imputado_media,interpolado_lineal,0
252,Perú,2025,Diciembre,3.796714,0.579408,16.992163,1.230249,3.165221,0.500404,42.738892,1.630823,imputado_media,imputado_media,imputado_media,imputado_media,0
253,Chile,2005,Enero,1.201667,0.079784,14.973253,1.175316,2.029644,0.30742,76.823701,1.885495,interpolado_lineal,FMI_mensual_observado,FMI_mensual_observado,interpolado_lineal,1
254,Chile,2005,Febrero,1.200836,0.079484,14.810805,1.170579,1.738946,0.240286,76.897416,1.885912,interpolado_lineal,FMI_mensual_observado,FMI_mensual_observado,interpolado_lineal,1
255,Chile,2005,Marzo,1.200005,0.079183,14.196418,1.152179,1.835056,0.263649,76.971131,1.886328,FMI_trimestral_observado,FMI_mensual_observado,FMI_mensual_observado,interpolado_lineal,1
256,Chile,2005,Abril,1.167813,0.067373,13.485679,1.129873,1.785479,0.251755,77.044846,1.886744,interpolado_lineal,FMI_mensual_observado,FMI_mensual_observado,interpolado_lineal,1
257,Chile,2005,Mayo,1.135621,0.055233,13.405787,1.127292,1.766879,0.247207,77.118561,1.887159,interpolado_lineal,FMI_mensual_observado,FMI_mensual_observado,interpolado_lineal,1
258,Chile,2005,Junio,1.10343,0.042745,13.455085,1.128886,1.782115,0.250936,77.192276,1.887574,FMI_trimestral_observado,FMI_mensual_observado,FMI_mensual_observado,interpolado_lineal,1
259,Chile,2005,Julio,1.072872,0.030548,13.508019,1.130592,1.745343,0.241881,77.265991,1.887988,interpolado_lineal,FMI_mensual_observado,FMI_mensual_observado,interpolado_lineal,1
260,Chile,2005,Agosto,1.042314,0.017999,13.499303,1.130311,1.738701,0.240225,77.339706,1.888403,interpolado_lineal,FMI_mensual_observado,FMI_mensual_observado,interpolado_lineal,1
261,Chile,2005,Setiembre,1.011756,0.005076,13.321542,1.124554,1.727477,0.237412,77.413421,1.888816,FMI_trimestral_observado,FMI_mensual_observado,FMI_mensual_observado,interpolado_lineal,1
262,Chile,2005,Octubre,0.976267,-0.010431,13.270109,1.122874,1.687002,0.227116,77.487135,1.88923,interpolado_lineal,FMI_mensual_observado,FMI_mensual_observado,interpolado_lineal,1
263,Chile,2005,Noviembre,0.940778,-0.026513,12.968618,1.112894,1.656388,0.219162,77.56085,1.889643,interpolado_lineal,FMI_mensual_observado,FMI_mensual_observado,interpolado_lineal,1
264,Chile,2005,Diciembre,0.905289,-0.043213,12.950216,1.112277,1.61801,0.208981,77.634565,1.890055,FMI_trimestral_observado,FMI_mensual_observado,FMI_mensual_observado,BM_WDI_anual_observado,1
265,Chile,2006,Enero,0.899184,-0.046151,14.569543,1.163446,1.976798,0.295962,77.674462,1.890278,interpolado_lineal,FMI_mensual_observado,FMI_mensual_observado,interpolado_lineal,1
266,Chile,2006,Febrero,0.89308,-0.04911,14.462684,1.160249,1.73468,0.239219,77.714358,1.890501,interpolado_lineal,FMI_mensual_observado,FMI_mensual_observado,interpolado_lineal,1
267,Chile,2006,Marzo,0.886975,-0.052089,13.845156,1.141298,1.839534,0.264708,77.754255,1.890724,FMI_trimestral_observado,FMI_mensual_observado,FMI_mensual_observado,interpolado_lineal,1
268,Chile,2006,Abril,0.865926,-0.062519,13.180147,1.11992,1.770415,0.248075,77.794151,1.890947,interpolado_lineal,FMI_mensual_observado,FMI_mensual_observado,interpolado_lineal,1
269,Chile,2006,Mayo,0.844878,-0.073206,13.01399,1.11441,1.794321,0.2539,77.834048,1.89117,interpolado_lineal,FMI_mensual_observado,FMI_mensual_observado,interpolado_lineal,1
270,Chile,2006,Junio,0.823829,-0.084163,12.862881,1.109338,1.781005,0.250665,77.873944,1.891392,FMI_trimestral_observado,FMI_mensual_observado,FMI_mensual_observado,interpolado_lineal,1
271,Chile,2006,Julio,0.811185,-0.09088,12.866211,1.109451,1.776592,0.249588,77.913841,1.891615,interpolado_lineal,FMI_mensual_observado,FMI_mensual_observado,interpolado_lineal,1
272,Chile,2006,Agosto,0.79854,-0.097703,12.761329,1.105896,1.781018,0.250668,77.953737,1.891837,interpolado_lineal,FMI_mensual_observado,FMI_mensual_observado,interpolado_lineal,1
273,Chile,2006,Setiembre,0.785896,-0.104635,12.999521,1.113927,1.751553,0.243423,77.993634,1.892059,FMI_trimestral_observado,FMI_mensual_observado,FMI_mensual_observado,interpolado_lineal,1
274,Chile,2006,Octubre,0.773308,-0.111647,12.955086,1.11244,1.709213,0.232796,78.03353,1.892281,interpolado_lineal,FMI_mensual_observado,FMI_mensual_observado,interpolado_lineal,1
275,Chile,2006,Noviembre,0.760719,-0.118776,12.689121,1.103432,1.676644,0.224441,78.073427,1.892503,interpolado_lineal,FMI_mensual_observado,FMI_mensual_observado,interpolado_lineal,1
276,Chile,2006,Diciembre,0.748131,-0.126022,12.535711,1.098149,1.626313,0.211204,78.113323,1.892725,FMI_trimestral_observado,FMI_mensual_observado,FMI_mensual_observado,BM_WDI_anual_observado,1
277,Chile,2007,Enero,0.757491,-0.120623,13.912882,1.143417,1.549418,0.190169,78.61015,1.895479,interpolado_lineal,FMI_mensual_observado,FMI_mensual_observado,interpolado_lineal,1
278,Chile,2007,Febrero,0.766852,-0.115288,13.781895,1.139309,1.45249,0.162113,79.106977,1.898215,interpolado_lineal,FMI_mensual_observado,FMI_mensual_observado,interpolado_lineal,1
279,Chile,2007,Marzo,0.776212,-0.11002,13.30284,1.123944,1.592065,0.201961,79.603804,1.900934,FMI_trimestral_observado,FMI_mensual_observado,FMI_mensual_observado,interpolado_lineal,1
280,Chile,2007,Abril,0.787773,-0.103599,12.762117,1.105923,1.517293,0.181069,80.100631,1.903636,interpolado_lineal,FMI_mensual_observado,FMI_mensual_observado,interpolado_lineal,1
281,Chile,2007,Mayo,0.799334,-0.097272,12.626919,1.101297,1.521465,0.182262,80.597458,1.906321,interpolado_lineal,FMI_mensual_observado,FMI_mensual_observado,interpolado_lineal,1
282,Chile,2007,Junio,0.810894,-0.091036,12.553128,1.098752,1.513473,0.179975,81.094285,1.90899,FMI_trimestral_observado,FMI_mensual_observado,FMI_mensual_observado,interpolado_lineal,1
283,Chile,2007,Julio,0.807554,-0.092828,12.655328,1.102273,1.515154,0.180457,81.591112,1.911643,interpolado_lineal,FMI_mensual_observado,FMI_mensual_observado,interpolado_lineal,1
284,Chile,2007,Agosto,0.804213,-0.094629,12.622576,1.101148,1.517585,0.181153,82.087939,1.914279,interpolado_lineal,FMI_mensual_observado,FMI_mensual_observado,interpolado_lineal,1
285,Chile,2007,Setiembre,0.800872,-0.096437,12.462164,1.095593,1.520624,0.182022,82.584766,1.9169,FMI_trimestral_observado,FMI_mensual_observado,FMI_mensual_observado,interpolado_lineal,1
286,Chile,2007,Octubre,0.784148,-0.105602,12.24927,1.08811,1.547362,0.189592,83.081593,1.919505,interpolado_lineal,FMI_mensual_observado,FMI_mensual_observado,interpolado_lineal,1
287,Chile,2007,Noviembre,0.767425,-0.114964,12.026823,1.080151,1.502683,0.176867,83.57842,1.922094,interpolado_lineal,FMI_mensual_observado,FMI_mensual_observado,interpolado_lineal,1
288,Chile,2007,Diciembre,0.750702,-0.124532,12.18033,1.085659,1.453675,0.162467,84.075247,1.924668,FMI_trimestral_observado,FMI_mensual_observado,FMI_mensual_observado,BM_WDI_anual_observado,1
289,Chile,2008,Enero,0.818127,-0.087179,12.731323,1.104874,1.801227,0.255568,85.416691,1.931543,FMI_mensual_observado,FMI_mensual_observado,FMI_mensual_observado,interpolado_lineal,1
290,Chile,2008,Febrero,0.83166,-0.080054,12.565666,1.099186,1.65185,0.217971,86.758134,1.93831,FMI_mensual_observado,FMI_mensual_observado,FMI_mensual_observado,interpolado_lineal,0
291,Chile,2008,Marzo,0.841465,-0.074964,12.359927,1.092016,1.502223,0.176734,88.099578,1.944974,FMI_mensual_observado,FMI_mensual_observado,FMI_mensual_observado,interpolado_lineal,0
292,Chile,2008,Abril,0.851202,-0.069967,12.244871,1.087954,1.482019,0.170854,89.441021,1.951537,FMI_mensual_observado,FMI_mensual_observado,FMI_mensual_observado,interpolado_lineal,0
293,Chile,2008,Mayo,0.844057,-0.073628,12.236123,1.087644,1.461245,0.164723,90.782464,1.958002,FMI_mensual_observado,FMI_mensual_observado,FMI_mensual_observado,interpolado_lineal,0
294,Chile,2008,Junio,0.859743,-0.065631,11.988316,1.078758,1.411063,0.149546,92.123908,1.964372,FMI_mensual_observado,FMI_mensual_observado,FMI_mensual_observado,interpolado_lineal,0
295,Chile,2008,Julio,0.892885,-0.049204,12.410704,1.093796,1.434498,0.1567,93.465351,1.970651,FMI_mensual_observado,FMI_mensual_observado,FMI_mensual_observado,interpolado_lineal,0
296,Chile,2008,Agosto,0.89532,-0.048022,12.392337,1.093153,1.424865,0.153774,94.806794,1.976839,FMI_mensual_observado,FMI_mensual_observado,FMI_mensual_observado,interpolado_lineal,0
297,Chile,2008,Setiembre,0.89482,-0.048264,12.200818,1.086389,1.383573,0.141002,96.148238,1.982941,FMI_mensual_observado,FMI_mensual_observado,FMI_mensual_observado,interpolado_lineal,0
298,Chile,2008,Octubre,0.8737,-0.058638,11.707745,1.068473,1.36358,0.134681,97.489681,1.988959,FMI_mensual_observado,FMI_mensual_observado,FMI_mensual_observado,interpolado_lineal,0
299,Chile,2008,Noviembre,0.915031,-0.038564,12.052284,1.081069,1.360489,0.133695,98.831125,1.994894,FMI_mensual_observado,FMI_mensual_observado,FMI_mensual_observado,interpolado_lineal,0
300,Chile,2008,Diciembre,0.963982,-0.015931,12.526018,1.097813,1.289833,0.110533,100.172568,2.000749,FMI_mensual_observado,FMI_mensual_observado,FMI_mensual_observado,BM_WDI_anual_observado,0
301,Chile,2009,Enero,2.462654,0.391403,12.916206,1.111135,1.168898,0.067777,100.38211,2.001656,FMI_mensual_observado,FMI_mensual_observado,FMI_mensual_observado,interpolado_lineal,0
302,Chile,2009,Febrero,2.676734,0.427605,13.373865,1.126257,1.094141,0.039073,100.591653,2.002562,FMI_mensual_observado,FMI_mensual_observado,FMI_mensual_observado,interpolado_lineal,0
303,Chile,2009,Marzo,2.664014,0.425537,13.572112,1.132647,1.229462,0.089715,100.801195,2.003466,FMI_mensual_observado,FMI_mensual_observado,FMI_mensual_observado,interpolado_lineal,0
304,Chile,2009,Abril,2.72576,0.435488,13.639396,1.134795,1.336886,0.126094,101.010737,2.004368,FMI_mensual_observado,FMI_mensual_observado,FMI_mensual_observado,interpolado_lineal,0
305,Chile,2009,Mayo,2.832008,0.452094,13.708542,1.136991,1.314967,0.118915,101.22028,2.005268,FMI_mensual_observado,FMI_mensual_observado,FMI_mensual_observado,interpolado_lineal,0
306,Chile,2009,Junio,2.972477,0.473119,13.999877,1.146124,1.307461,0.116429,101.429822,2.006166,FMI_mensual_observado,FMI_mensual_observado,FMI_mensual_observado,interpolado_lineal,0
307,Chile,2009,Julio,3.262505,0.513551,14.14793,1.150693,1.358642,0.133105,101.639364,2.007062,FMI_mensual_observado,FMI_mensual_observado,FMI_mensual_observado,interpolado_lineal,0
308,Chile,2009,Agosto,3.212054,0.506783,14.175403,1.151535,1.388938,0.142683,101.848907,2.007956,FMI_mensual_observado,FMI_mensual_observado,FMI_mensual_observado,interpolado_lineal,0
309,Chile,2009,Setiembre,3.222984,0.508258,14.224631,1.153041,1.412854,0.150097,102.058449,2.008849,FMI_mensual_observado,FMI_mensual_observado,FMI_mensual_observado,interpolado_lineal,0
310,Chile,2009,Octubre,3.252077,0.512161,14.318813,1.155907,1.502236,0.176738,102.267991,2.00974,FMI_mensual_observado,FMI_mensual_observado,FMI_mensual_observado,interpolado_lineal,0
311,Chile,2009,Noviembre,2.934074,0.467471,14.347437,1.156774,1.511675,0.179458,102.477534,2.010629,FMI_mensual_observado,FMI_mensual_observado,FMI_mensual_observado,interpolado_lineal,0
312,Chile,2009,Diciembre,2.878041,0.459097,14.338512,1.156504,1.510789,0.179204,102.687076,2.011516,FMI_mensual_observado,FMI_mensual_observado,FMI_mensual_observado,BM_WDI_anual_observado,0
313,Chile,2010,Enero,2.895484,0.461721,13.622426,1.134254,1.983959,0.297533,102.419452,2.010382,FMI_mensual_observado,FMI_mensual_observado,FMI_mensual_observado,interpolado_lineal,0
314,Chile,2010,Febrero,2.895256,0.461687,14.538167,1.16251,1.916833,0.282584,102.151828,2.009246,FMI_mensual_observado,FMI_mensual_observado,FMI_mensual_observado,interpolado_lineal,0
315,Chile,2010,Marzo,2.990236,0.475705,13.674146,1.1359,1.924484,0.284314,101.884205,2.008107,FMI_mensual_observado,FMI_mensual_observado,FMI_mensual_observado,interpolado_lineal,0
316,Chile,2010,Abril,2.979384,0.474126,13.740991,1.138018,1.974987,0.295564,101.616581,2.006965,FMI_mensual_observado,FMI_mensual_observado,FMI_mensual_observado,interpolado_lineal,0
317,Chile,2010,Mayo,3.178869,0.502273,14.186947,1.151889,1.946261,0.289201,101.348957,2.005819,FMI_mensual_observado,FMI_mensual_observado,FMI_mensual_observado,interpolado_lineal,0
318,Chile,2010,Junio,3.205801,0.505937,13.943086,1.144359,1.966836,0.293768,101.081333,2.004671,FMI_mensual_observado,FMI_mensual_observado,FMI_mensual_observado,interpolado_lineal,0
319,Chile,2010,Julio,3.192012,0.504065,14.210823,1.152619,1.932923,0.286215,100.81371,2.00352,FMI_mensual_observado,FMI_mensual_observado,FMI_mensual_observado,interpolado_lineal,0
320,Chile,2010,Agosto,2.851157,0.455021,14.307359,1.155559,1.964661,0.293288,100.546086,2.002365,FMI_mensual_observado,FMI_mensual_observado,FMI_mensual_observado,interpolado_lineal,0
321,Chile,2010,Setiembre,2.77863,0.443831,14.190383,1.151994,1.93963,0.287719,100.278462,2.001208,FMI_mensual_observado,FMI_mensual_observado,FMI_mensual_observado,interpolado_lineal,0
322,Chile,2010,Octubre,2.693965,0.430392,14.15394,1.150877,1.93682,0.287089,100.010838,2.000047,FMI_mensual_observado,FMI_mensual_observado,FMI_mensual_observado,interpolado_lineal,0
323,Chile,2010,Noviembre,2.687025,0.429272,14.084245,1.148734,1.931739,0.285948,99.743214,1.998883,FMI_mensual_observado,FMI_mensual_observado,FMI_mensual_observado,interpolado_lineal,0
324,Chile,2010,Diciembre,2.642364,0.421993,14.138363,1.150399,1.781919,0.250888,99.475591,1.997717,FMI_mensual_observado,FMI_mensual_observado,FMI_mensual_observado,BM_WDI_anual_observado,0
325,Chile,2011,Enero,2.639069,0.421451,13.830638,1.140842,1.956109,0.291393,99.674582,1.998584,FMI_mensual_observado,FMI_mensual_observado,FMI_mensual_observado,interpolado_lineal,0
326,Chile,2011,Febrero,2.611554,0.416899,13.824356,1.140645,1.811458,0.258028,99.873573,1.999451,FMI_mensual_observado,FMI_mensual_observado,FMI_mensual_observado,interpolado_lineal,0
327,Chile,2011,Marzo,2.544588,0.405617,13.767908,1.138868,2.045918,0.310888,100.072564,2.000315,FMI_mensual_observado,FMI_mensual_observado,FMI_mensual_observado,interpolado_lineal,0
328,Chile,2011,Abril,2.440755,0.387524,13.660946,1.135481,2.081914,0.318463,100.271556,2.001178,FMI_mensual_observado,FMI_mensual_observado,FMI_mensual_observado,interpolado_lineal,0
329,Chile,2011,Mayo,2.484323,0.395208,13.613883,1.133982,2.092698,0.320707,100.470547,2.002039,FMI_mensual_observado,FMI_mensual_observado,FMI_mensual_observado,interpolado_lineal,0
330,Chile,2011,Junio,2.456918,0.390391,13.774023,1.139061,2.017919,0.304904,100.669538,2.002898,FMI_mensual_observado,FMI_mensual_observado,FMI_mensual_observado,interpolado_lineal,0
331,Chile,2011,Julio,2.420766,0.383953,14.073377,1.148398,1.920406,0.283393,100.868529,2.003756,FMI_mensual_observado,FMI_mensual_observado,FMI_mensual_observado,interpolado_lineal,0
332,Chile,2011,Agosto,2.410789,0.382159,14.205927,1.15247,1.864104,0.27047,101.06752,2.004612,FMI_mensual_observado,FMI_mensual_observado,FMI_mensual_observado,interpolado_lineal,0
333,Chile,2011,Setiembre,2.387528,0.377948,13.73477,1.137821,1.819743,0.26001,101.266512,2.005466,FMI_mensual_observado,FMI_mensual_observado,FMI_mensual_observado,interpolado_lineal,0
334,Chile,2011,Octubre,2.444967,0.388273,13.887545,1.142625,1.757956,0.245008,101.465503,2.006318,FMI_mensual_observado,FMI_mensual_observado,FMI_mensual_observado,interpolado_lineal,0
335,Chile,2011,Noviembre,2.422823,0.384322,13.690132,1.136408,1.713444,0.23387,101.664494,2.007169,FMI_mensual_observado,FMI_mensual_observado,FMI_mensual_observado,interpolado_lineal,0
336,Chile,2011,Diciembre,2.296898,0.361142,13.93459,1.144094,1.711611,0.233405,101.863485,2.008019,FMI_mensual_observado,FMI_mensual_observado,FMI_mensual_observado,BM_WDI_anual_observado,0
337,Chile,2012,Enero,2.466734,0.392122,13.875389,1.142245,1.823848,0.260989,102.063752,2.008872,FMI_mensual_observado,FMI_mensual_observado,FMI_mensual_observado,interpolado_lineal,0
338,Chile,2012,Febrero,2.511936,0.400009,13.745331,1.138155,1.646622,0.216594,102.264019,2.009723,FMI_mensual_observado,FMI_mensual_observado,FMI_mensual_observado,interpolado_lineal,0
339,Chile,2012,Marzo,2.498864,0.397743,13.635352,1.134666,1.660907,0.220345,102.464286,2.010573,FMI_mensual_observado,FMI_mensual_observado,FMI_mensual_observado,interpolado_lineal,0
340,Chile,2012,Abril,2.46131,0.391166,13.465946,1.129237,1.581702,0.199125,102.664552,2.011421,FMI_mensual_observado,FMI_mensual_observado,FMI_mensual_observado,interpolado_lineal,0
341,Chile,2012,Mayo,2.32072,0.365623,12.915041,1.111096,1.593211,0.202273,102.864819,2.012267,FMI_mensual_observado,FMI_mensual_observado,FMI_mensual_observado,interpolado_lineal,0
342,Chile,2012,Junio,2.321314,0.365734,13.103096,1.117374,1.555686,0.191922,103.065086,2.013112,FMI_mensual_observado,FMI_mensual_observado,FMI_mensual_observado,interpolado_lineal,0
343,Chile,2012,Julio,2.233033,0.348895,13.256827,1.12244,1.436489,0.157302,103.265353,2.013955,FMI_mensual_observado,FMI_mensual_observado,FMI_mensual_observado,interpolado_lineal,0
344,Chile,2012,Agosto,2.173933,0.337246,13.088115,1.116877,1.376007,0.138621,103.465619,2.014796,FMI_mensual_observado,FMI_mensual_observado,FMI_mensual_observado,interpolado_lineal,0
345,Chile,2012,Setiembre,2.170136,0.336487,13.193867,1.120372,1.374389,0.13811,103.665886,2.015636,FMI_mensual_observado,FMI_mensual_observado,FMI_mensual_observado,interpolado_lineal,0
346,Chile,2012,Octubre,2.173671,0.337194,13.21215,1.120973,1.453879,0.162528,103.866153,2.016474,FMI_mensual_observado,FMI_mensual_observado,FMI_mensual_observado,interpolado_lineal,0
347,Chile,2012,Noviembre,2.103166,0.322874,13.155752,1.119116,1.481207,0.170616,104.06642,2.017311,FMI_mensual_observado,FMI_mensual_observado,FMI_mensual_observado,interpolado_lineal,0
348,Chile,2012,Diciembre,2.065214,0.314965,13.312122,1.124247,1.453051,0.162281,104.266687,2.018146,FMI_mensual_observado,FMI_mensual_observado,FMI_mensual_observado,BM_WDI_anual_observado,0
349,Chile,2013,Enero,2.099838,0.322186,13.336842,1.125053,1.311305,0.117704,104.256908,2.018105,FMI_mensual_observado,FMI_mensual_observado,FMI_mensual_observado,interpolado_lineal,0
350,Chile,2013,Febrero,2.162277,0.334911,13.573521,1.132693,1.270433,0.103952,104.24713,2.018064,FMI_mensual_observado,FMI_mensual_observado,FMI_mensual_observado,interpolado_lineal,0
351,Chile,2013,Marzo,2.118658,0.326061,13.732664,1.137755,1.361312,0.133958,104.237351,2.018023,FMI_mensual_observado,FMI_mensual_observado,FMI_mensual_observado,interpolado_lineal,0
352,Chile,2013,Abril,2.079254,0.317908,13.420468,1.127768,1.438047,0.157773,104.227573,2.017983,FMI_mensual_observado,FMI_mensual_observado,FMI_mensual_observado,interpolado_lineal,0
353,Chile,2013,Mayo,2.127924,0.327956,13.228174,1.1215,1.424579,0.153687,104.217794,2.017942,FMI_mensual_observado,FMI_mensual_observado,FMI_mensual_observado,interpolado_lineal,0
354,Chile,2013,Junio,2.098792,0.321969,13.177764,1.119842,1.437536,0.157619,104.208016,2.017901,FMI_mensual_observado,FMI_mensual_observado,FMI_mensual_observado,interpolado_lineal,0
355,Chile,2013,Julio,2.077423,0.317525,13.084564,1.116759,1.47707,0.169401,104.198237,2.01786,FMI_mensual_observado,FMI_mensual_observado,FMI_mensual_observado,interpolado_lineal,0
356,Chile,2013,Agosto,1.967748,0.293969,12.847942,1.108834,1.507219,0.178176,104.188459,2.01782,FMI_mensual_observado,FMI_mensual_observado,FMI_mensual_observado,interpolado_lineal,0
357,Chile,2013,Setiembre,2.011222,0.30346,13.133236,1.118372,1.474446,0.168629,104.17868,2.017779,FMI_mensual_observado,FMI_mensual_observado,FMI_mensual_observado,interpolado_lineal,0
358,Chile,2013,Octubre,2.014488,0.304165,13.222449,1.121312,1.514351,0.180227,104.168902,2.017738,FMI_mensual_observado,FMI_mensual_observado,FMI_mensual_observado,interpolado_lineal,0
359,Chile,2013,Noviembre,1.98608,0.297997,12.96729,1.112849,1.517762,0.181204,104.159123,2.017697,FMI_mensual_observado,FMI_mensual_observado,FMI_mensual_observado,interpolado_lineal,0
360,Chile,2013,Diciembre,1.959807,0.292213,13.324354,1.124646,1.594919,0.202739,104.149345,2.017657,FMI_mensual_observado,FMI_mensual_observado,FMI_mensual_observado,BM_WDI_anual_observado,0
361,Chile,2014,Enero,1.983257,0.297379,13.076906,1.116505,2.051636,0.3121,104.411401,2.018748,FMI_mensual_observado,FMI_mensual_observado,FMI_mensual_observado,interpolado_lineal,0
362,Chile,2014,Febrero,2.031373,0.30779,13.157485,1.119173,1.801381,0.255606,104.673458,2.019837,FMI_mensual_observado,FMI_mensual_observado,FMI_mensual_observado,interpolado_lineal,0
363,Chile,2014,Marzo,1.971341,0.294762,13.184769,1.120073,1.86844,0.271479,104.935515,2.020922,FMI_mensual_observado,FMI_mensual_observado,FMI_mensual_observado,interpolado_lineal,0
364,Chile,2014,Abril,1.948357,0.289669,13.152787,1.119018,1.902359,0.279292,105.197572,2.022006,FMI_mensual_observado,FMI_mensual_observado,FMI_mensual_observado,interpolado_lineal,0
365,Chile,2014,Mayo,1.996578,0.300286,13.32868,1.124787,1.910617,0.281174,105.459629,2.023086,FMI_mensual_observado,FMI_mensual_observado,FMI_mensual_observado,interpolado_lineal,0
366,Chile,2014,Junio,2.005691,0.302264,13.463727,1.129165,1.866452,0.271017,105.721686,2.024164,FMI_mensual_observado,FMI_mensual_observado,FMI_mensual_observado,interpolado_lineal,0
367,Chile,2014,Julio,1.960475,0.292361,13.335483,1.125009,1.837297,0.264179,105.983743,2.025239,FMI_mensual_observado,FMI_mensual_observado,FMI_mensual_observado,interpolado_lineal,0
368,Chile,2014,Agosto,1.950923,0.29024,13.25182,1.122276,1.792457,0.253449,106.2458,2.026312,FMI_mensual_observado,FMI_mensual_observado,FMI_mensual_observado,interpolado_lineal,0
369,Chile,2014,Setiembre,1.952036,0.290488,13.178594,1.119869,1.745843,0.242005,106.507857,2.027382,FMI_mensual_observado,FMI_mensual_observado,FMI_mensual_observado,interpolado_lineal,0
370,Chile,2014,Octubre,1.927275,0.284944,13.382732,1.126545,1.705908,0.231956,106.769914,2.028449,FMI_mensual_observado,FMI_mensual_observado,FMI_mensual_observado,interpolado_lineal,0
371,Chile,2014,Noviembre,1.876446,0.273336,13.186294,1.120123,1.712515,0.233634,107.031971,2.029514,FMI_mensual_observado,FMI_mensual_observado,FMI_mensual_observado,interpolado_lineal,0
372,Chile,2014,Diciembre,1.920555,0.283427,13.38505,1.12662,1.626078,0.211141,107.294028,2.030576,FMI_mensual_observado,FMI_mensual_observado,FMI_mensual_observado,BM_WDI_anual_observado,0
373,Chile,2015,Enero,1.967863,0.293995,13.166457,1.119469,1.12879,0.052613,107.409789,2.031044,FMI_mensual_observado,FMI_mensual_observado,FMI_mensual_observado,interpolado_lineal,0
374,Chile,2015,Febrero,2.044171,0.310517,13.369598,1.126118,1.230487,0.090077,107.525549,2.031512,FMI_mensual_observado,FMI_mensual_observado,FMI_mensual_observado,interpolado_lineal,0
375,Chile,2015,Marzo,1.926282,0.28472,13.247634,1.122138,1.460556,0.164518,107.64131,2.031979,FMI_mensual_observado,FMI_mensual_observado,FMI_mensual_observado,interpolado_lineal,0
376,Chile,2015,Abril,1.927129,0.284911,13.35106,1.125516,1.530358,0.184793,107.757071,2.032446,FMI_mensual_observado,FMI_mensual_observado,FMI_mensual_observado,interpolado_lineal,0
377,Chile,2015,Mayo,1.927431,0.284979,13.332247,1.124903,1.614324,0.207991,107.872832,2.032912,FMI_mensual_observado,FMI_mensual_observado,FMI_mensual_observado,interpolado_lineal,0
378,Chile,2015,Junio,1.895507,0.277725,12.999369,1.113922,1.617837,0.208935,107.988593,2.033378,FMI_mensual_observado,FMI_mensual_observado,FMI_mensual_observado,interpolado_lineal,0
379,Chile,2015,Julio,1.844278,0.265826,12.699866,1.103799,1.60634,0.205837,108.104354,2.033843,FMI_mensual_observado,FMI_mensual_observado,FMI_mensual_observado,interpolado_lineal,0
380,Chile,2015,Agosto,1.835148,0.263671,12.669755,1.102768,1.592579,0.202101,108.220115,2.034308,FMI_mensual_observado,FMI_mensual_observado,FMI_mensual_observado,interpolado_lineal,0
381,Chile,2015,Setiembre,1.826402,0.261596,12.612149,1.100789,1.56841,0.19546,108.335875,2.034772,FMI_mensual_observado,FMI_mensual_observado,FMI_mensual_observado,interpolado_lineal,0
382,Chile,2015,Octubre,1.762157,0.246045,12.608028,1.100647,1.557646,0.192469,108.451636,2.035236,FMI_mensual_observado,FMI_mensual_observado,FMI_mensual_observado,interpolado_lineal,0
383,Chile,2015,Noviembre,1.733481,0.238919,12.635328,1.101587,1.513572,0.180003,108.567397,2.035699,FMI_mensual_observado,FMI_mensual_observado,FMI_mensual_observado,interpolado_lineal,0
384,Chile,2015,Diciembre,1.719744,0.235464,12.620351,1.101071,1.464982,0.165832,108.683158,2.036162,FMI_mensual_observado,FMI_mensual_observado,FMI_mensual_observado,BM_WDI_anual_observado,0
385,Chile,2016,Enero,1.844449,0.265867,12.437672,1.094739,0.921239,-0.035628,108.764477,2.036487,FMI_mensual_observado,FMI_mensual_observado,FMI_mensual_observado,interpolado_lineal,0
386,Chile,2016,Febrero,1.894329,0.277455,12.583524,1.099802,1.065428,0.027524,108.845796,2.036812,FMI_mensual_observado,FMI_mensual_observado,FMI_mensual_observado,interpolado_lineal,0
387,Chile,2016,Marzo,1.930682,0.285711,12.941658,1.11199,1.12263,0.050237,108.927115,2.037136,FMI_mensual_observado,FMI_mensual_observado,FMI_mensual_observado,interpolado_lineal,0
388,Chile,2016,Abril,1.830292,0.26252,13.274642,1.123023,1.249199,0.096632,109.008434,2.03746,FMI_mensual_observado,FMI_mensual_observado,FMI_mensual_observado,interpolado_lineal,0
389,Chile,2016,Mayo,1.754066,0.244046,13.362379,1.125884,1.324631,0.122095,109.089753,2.037784,FMI_mensual_observado,FMI_mensual_observado,FMI_mensual_observado,interpolado_lineal,0
390,Chile,2016,Junio,1.785228,0.251694,13.514582,1.130803,1.272931,0.104805,109.171072,2.038108,FMI_mensual_observado,FMI_mensual_observado,FMI_mensual_observado,interpolado_lineal,0
391,Chile,2016,Julio,1.80243,0.255858,13.765385,1.138788,1.294154,0.111986,109.252391,2.038431,FMI_mensual_observado,FMI_mensual_observado,FMI_mensual_observado,interpolado_lineal,0
392,Chile,2016,Agosto,1.800207,0.255322,13.620717,1.1342,1.286956,0.109564,109.33371,2.038754,FMI_mensual_observado,FMI_mensual_observado,FMI_mensual_observado,interpolado_lineal,0
393,Chile,2016,Setiembre,1.80677,0.256903,13.764543,1.138762,1.267221,0.102852,109.415029,2.039077,FMI_mensual_observado,FMI_mensual_observado,FMI_mensual_observado,interpolado_lineal,0
394,Chile,2016,Octubre,1.822701,0.260715,13.814274,1.140328,1.241748,0.094033,109.496348,2.0394,FMI_mensual_observado,FMI_mensual_observado,FMI_mensual_observado,interpolado_lineal,0
395,Chile,2016,Noviembre,1.863044,0.270223,13.707542,1.13696,1.169968,0.068174,109.577667,2.039722,FMI_mensual_observado,FMI_mensual_observado,FMI_mensual_observado,interpolado_lineal,0
396,Chile,2016,Diciembre,1.832636,0.263076,13.779784,1.139242,1.185777,0.074003,109.658986,2.040044,FMI_mensual_observado,FMI_mensual_observado,FMI_mensual_observado,BM_WDI_anual_observado,0
397,Chile,2017,Enero,1.903334,0.279515,13.74649,1.138192,1.020143,0.008661,109.842382,2.04077,FMI_mensual_observado,FMI_mensual_observado,FMI_mensual_observado,interpolado_lineal,0
398,Chile,2017,Febrero,1.930081,0.285576,13.650804,1.135158,1.149662,0.06057,110.025777,2.041494,FMI_mensual_observado,FMI_mensual_observado,FMI_mensual_observado,interpolado_lineal,0
399,Chile,2017,Marzo,1.982377,0.297186,13.554468,1.132082,1.521267,0.182205,110.209172,2.042218,FMI_mensual_observado,FMI_mensual_observado,FMI_mensual_observado,interpolado_lineal,0
400,Chile,2017,Abril,1.959256,0.292091,13.525282,1.131146,1.477328,0.169477,110.392568,2.04294,FMI_mensual_observado,FMI_mensual_observado,FMI_mensual_observado,interpolado_lineal,0
401,Chile,2017,Mayo,1.895935,0.277823,13.490912,1.130041,1.510662,0.179167,110.575963,2.043661,FMI_mensual_observado,FMI_mensual_observado,FMI_mensual_observado,interpolado_lineal,0
402,Chile,2017,Junio,1.844281,0.265827,13.627137,1.134405,1.490282,0.173268,110.759359,2.04438,FMI_mensual_observado,FMI_mensual_observado,FMI_mensual_observado,interpolado_lineal,0
403,Chile,2017,Julio,1.855489,0.268458,13.674508,1.135912,1.413546,0.15031,110.942754,2.045099,FMI_mensual_observado,FMI_mensual_observado,FMI_mensual_observado,interpolado_lineal,0
404,Chile,2017,Agosto,1.833176,0.263204,13.6849,1.136242,1.38158,0.140376,111.126149,2.045816,FMI_mensual_observado,FMI_mensual_observado,FMI_mensual_observado,interpolado_lineal,0
405,Chile,2017,Setiembre,1.852917,0.267856,13.74625,1.138184,1.397725,0.145422,111.309545,2.046532,FMI_mensual_observado,FMI_mensual_observado,FMI_mensual_observado,interpolado_lineal,0
406,Chile,2017,Octubre,1.896397,0.277929,13.755028,1.138461,1.372997,0.13767,111.49294,2.047247,FMI_mensual_observado,FMI_mensual_observado,FMI_mensual_observado,interpolado_lineal,0
407,Chile,2017,Noviembre,1.867544,0.271271,13.565282,1.132429,1.361119,0.133896,111.676336,2.047961,FMI_mensual_observado,FMI_mensual_observado,FMI_mensual_observado,interpolado_lineal,0
408,Chile,2017,Diciembre,1.916363,0.282478,13.764409,1.138758,1.33179,0.124436,111.859731,2.048674,FMI_mensual_observado,FMI_mensual_observado,FMI_mensual_observado,BM_WDI_anual_observado,0
409,Chile,2018,Enero,1.963043,0.29293,13.672973,1.135863,1.487896,0.172573,112.212943,2.050043,FMI_mensual_observado,FMI_mensual_observado,FMI_mensual_observado,interpolado_lineal,0
410,Chile,2018,Febrero,1.964849,0.293329,13.776857,1.13915,1.437809,0.157701,112.566155,2.051408,FMI_mensual_observado,FMI_mensual_observado,FMI_mensual_observado,interpolado_lineal,0
411,Chile,2018,Marzo,1.945761,0.289089,13.622449,1.134255,1.478076,0.169697,112.919367,2.052768,FMI_mensual_observado,FMI_mensual_observado,FMI_mensual_observado,interpolado_lineal,0
412,Chile,2018,Abril,1.914686,0.282098,13.479335,1.129668,1.473287,0.168287,113.272579,2.054125,FMI_mensual_observado,FMI_mensual_observado,FMI_mensual_observado,interpolado_lineal,0
413,Chile,2018,Mayo,1.923143,0.284012,13.279075,1.123168,1.494553,0.174511,113.625791,2.055477,FMI_mensual_observado,FMI_mensual_observado,FMI_mensual_observado,interpolado_lineal,0
414,Chile,2018,Junio,1.903542,0.279562,13.042845,1.115372,1.523221,0.182763,113.979003,2.056825,FMI_mensual_observado,FMI_mensual_observado,FMI_mensual_observado,interpolado_lineal,0
415,Chile,2018,Julio,1.940494,0.287912,13.1796,1.119902,1.525216,0.183331,114.332215,2.058169,FMI_mensual_observado,FMI_mensual_observado,FMI_mensual_observado,interpolado_lineal,0
416,Chile,2018,Agosto,1.889836,0.276424,12.806926,1.107445,1.494049,0.174365,114.685427,2.059508,FMI_mensual_observado,FMI_mensual_observado,FMI_mensual_observado,interpolado_lineal,0
417,Chile,2018,Setiembre,1.918171,0.282887,13.080429,1.116622,1.406036,0.147996,115.038639,2.060844,FMI_mensual_observado,FMI_mensual_observado,FMI_mensual_observado,interpolado_lineal,0
418,Chile,2018,Octubre,1.91218,0.281529,12.888709,1.110209,1.40353,0.147222,115.391851,2.062175,FMI_mensual_observado,FMI_mensual_observado,FMI_mensual_observado,interpolado_lineal,0
419,Chile,2018,Noviembre,1.902826,0.279399,13.323076,1.124605,1.398528,0.145671,115.745063,2.063502,FMI_mensual_observado,FMI_mensual_observado,FMI_mensual_observado,interpolado_lineal,0
420,Chile,2018,Diciembre,1.872015,0.272309,13.320456,1.124519,1.382723,0.140735,116.098275,2.064826,FMI_mensual_observado,FMI_mensual_observado,FMI_mensual_observado,BM_WDI_anual_observado,0
421,Chile,2019,Enero,1.92572,0.284593,13.366765,1.126026,1.35163,0.130858,116.693313,2.067046,FMI_mensual_observado,FMI_mensual_observado,FMI_mensual_observado,interpolado_lineal,0
422,Chile,2019,Febrero,1.947123,0.289393,13.514599,1.130803,1.275542,0.105695,117.28835,2.069255,FMI_mensual_observado,FMI_mensual_observado,FMI_mensual_observado,interpolado_lineal,0
423,Chile,2019,Marzo,1.923232,0.284032,13.281734,1.123255,1.370195,0.136782,117.883388,2.071453,FMI_mensual_observado,FMI_mensual_observado,FMI_mensual_observado,interpolado_lineal,0
424,Chile,2019,Abril,1.90765,0.280499,13.191664,1.1203,1.466223,0.1662,118.478426,2.073639,FMI_mensual_observado,FMI_mensual_observado,FMI_mensual_observado,interpolado_lineal,0
425,Chile,2019,Mayo,1.922029,0.28376,12.964543,1.112757,1.522951,0.182686,119.073464,2.075815,FMI_mensual_observado,FMI_mensual_observado,FMI_mensual_observado,interpolado_lineal,0
426,Chile,2019,Junio,1.875373,0.273088,13.248357,1.122162,1.564107,0.194266,119.668502,2.07798,FMI_mensual_observado,FMI_mensual_observado,FMI_mensual_observado,interpolado_lineal,0
427,Chile,2019,Julio,1.913441,0.281815,13.129437,1.118246,1.552448,0.191017,120.26354,2.080134,FMI_mensual_observado,FMI_mensual_observado,FMI_mensual_observado,interpolado_lineal,0
428,Chile,2019,Agosto,1.855349,0.268426,13.074761,1.116434,1.515982,0.180694,120.858578,2.082277,FMI_mensual_observado,FMI_mensual_observado,FMI_mensual_observado,interpolado_lineal,0
429,Chile,2019,Setiembre,1.886713,0.275706,12.984493,1.113425,1.4976,0.175396,121.453616,2.08441,FMI_mensual_observado,FMI_mensual_observado,FMI_mensual_observado,interpolado_lineal,0
430,Chile,2019,Octubre,1.94414,0.288728,12.862458,1.109324,1.406247,0.148062,122.048654,2.086533,FMI_mensual_observado,FMI_mensual_observado,FMI_mensual_observado,interpolado_lineal,0
431,Chile,2019,Noviembre,1.908973,0.2808,12.468724,1.095822,1.380576,0.14006,122.643692,2.088645,FMI_mensual_observado,FMI_mensual_observado,FMI_mensual_observado,interpolado_lineal,0
432,Chile,2019,Diciembre,2.055049,0.312822,12.836554,1.108448,1.337009,0.126134,123.23873,2.090747,FMI_mensual_observado,FMI_mensual_observado,FMI_mensual_observado,BM_WDI_anual_observado,0
433,Chile,2020,Enero,2.04368,0.310413,12.806214,1.107421,1.538936,0.187221,123.263217,2.090833,FMI_mensual_observado,FMI_mensual_observado,FMI_mensual_observado,interpolado_lineal,0
434,Chile,2020,Febrero,2.023731,0.306153,12.767717,1.106113,1.398062,0.145526,123.287703,2.09092,FMI_mensual_observado,FMI_mensual_observado,FMI_mensual_observado,interpolado_lineal,0
435,Chile,2020,Marzo,2.008297,0.302828,12.530046,1.097953,1.231482,0.090428,123.31219,2.091006,FMI_mensual_observado,FMI_mensual_observado,FMI_mensual_observado,interpolado_lineal,0
436,Chile,2020,Abril,1.9964,0.300248,12.902581,1.110677,1.137138,0.055813,123.336677,2.091092,FMI_mensual_observado,FMI_mensual_observado,FMI_mensual_observado,interpolado_lineal,0
437,Chile,2020,Mayo,2.048685,0.311475,12.994577,1.113762,1.00063,0.000274,123.361163,2.091178,FMI_mensual_observado,FMI_mensual_observado,FMI_mensual_observado,interpolado_lineal,0
438,Chile,2020,Junio,1.99512,0.299969,13.404056,1.127236,0.431822,-0.364695,123.38565,2.091265,FMI_mensual_observado,FMI_mensual_observado,FMI_mensual_observado,interpolado_lineal,1
439,Chile,2020,Julio,1.953266,0.290761,13.851797,1.141506,0.42886,-0.367684,123.410137,2.091351,FMI_mensual_observado,FMI_mensual_observado,FMI_mensual_observado,interpolado_lineal,1
440,Chile,2020,Agosto,1.812717,0.25833,14.016263,1.146632,0.500201,-0.300855,123.434624,2.091437,FMI_mensual_observado,FMI_mensual_observado,FMI_mensual_observado,interpolado_lineal,1
441,Chile,2020,Setiembre,1.722873,0.236253,14.058441,1.147937,0.552078,-0.258,123.45911,2.091523,FMI_mensual_observado,FMI_mensual_observado,FMI_mensual_observado,interpolado_lineal,1
442,Chile,2020,Octubre,1.630199,0.212241,14.282781,1.154813,0.502319,-0.29902,123.483597,2.091609,FMI_mensual_observado,FMI_mensual_observado,FMI_mensual_observado,interpolado_lineal,1
443,Chile,2020,Noviembre,1.611249,0.207163,14.283433,1.154833,0.550071,-0.259581,123.508084,2.091695,FMI_mensual_observado,FMI_mensual_observado,FMI_mensual_observado,interpolado_lineal,1
444,Chile,2020,Diciembre,1.552989,0.191168,14.668479,1.166385,0.531233,-0.274715,123.532571,2.091781,FMI_mensual_observado,FMI_mensual_observado,FMI_mensual_observado,BM_WDI_anual_observado,1
445,Chile,2021,Enero,1.506869,0.178075,14.734932,1.168348,1.579973,0.19865,122.343094,2.087579,FMI_mensual_observado,FMI_mensual_observado,FMI_mensual_observado,interpolado_lineal,0
446,Chile,2021,Febrero,1.511345,0.179364,14.642038,1.165602,1.475902,0.169058,121.153617,2.083336,FMI_mensual_observado,FMI_mensual_observado,FMI_mensual_observado,interpolado_lineal,0
447,Chile,2021,Marzo,1.518949,0.181543,14.762152,1.16915,1.463016,0.165249,119.964139,2.079051,FMI_mensual_observado,FMI_mensual_observado,FMI_mensual_observado,interpolado_lineal,0
448,Chile,2021,Abril,1.521098,0.182157,14.710915,1.16764,1.415623,0.150948,118.774662,2.074724,FMI_mensual_observado,FMI_mensual_observado,FMI_mensual_observado,interpolado_lineal,0
449,Chile,2021,Mayo,1.511591,0.179434,14.800652,1.170281,1.461432,0.164779,117.585185,2.070353,FMI_mensual_observado,FMI_mensual_observado,FMI_mensual_observado,interpolado_lineal,0
450,Chile,2021,Junio,1.496622,0.175112,14.681949,1.166784,1.468026,0.166734,116.395708,2.065937,FMI_mensual_observado,FMI_mensual_observado,FMI_mensual_observado,interpolado_lineal,0
451,Chile,2021,Julio,1.448036,0.160779,14.668065,1.166373,1.454511,0.162717,115.206231,2.061476,FMI_mensual_observado,FMI_mensual_observado,FMI_mensual_observado,interpolado_lineal,0
452,Chile,2021,Agosto,1.404295,0.147458,14.610127,1.164654,1.474052,0.168513,114.016754,2.056969,FMI_mensual_observado,FMI_mensual_observado,FMI_mensual_observado,interpolado_lineal,0
453,Chile,2021,Setiembre,1.398085,0.145534,14.339078,1.156521,1.489769,0.173119,112.827277,2.052414,FMI_mensual_observado,FMI_mensual_observado,FMI_mensual_observado,interpolado_lineal,0
454,Chile,2021,Octubre,1.352248,0.131056,14.629186,1.16522,1.492253,0.173842,111.6378,2.047811,FMI_mensual_observado,FMI_mensual_observado,FMI_mensual_observado,interpolado_lineal,0
455,Chile,2021,Noviembre,1.287438,0.109726,14.9084,1.173431,1.510771,0.179199,110.448323,2.043159,FMI_mensual_observado,FMI_mensual_observado,FMI_mensual_observado,interpolado_lineal,0
456,Chile,2021,Diciembre,1.228772,0.089471,14.845285,1.171589,1.504113,0.17728,109.258846,2.038457,FMI_mensual_observado,FMI_mensual_observado,FMI_mensual_observado,BM_WDI_anual_observado,0
457,Chile,2022,Enero,1.237169,0.092429,15.579543,1.192555,1.741103,0.240824,109.543074,2.039585,FMI_mensual_observado,FMI_mensual_observado,FMI_mensual_observado,interpolado_lineal,0
458,Chile,2022,Febrero,1.266457,0.10259,15.302013,1.184749,1.746554,0.242182,109.827303,2.04071,FMI_mensual_observado,FMI_mensual_observado,FMI_mensual_observado,interpolado_lineal,0
459,Chile,2022,Marzo,1.255892,0.098952,15.198435,1.181799,1.823449,0.260894,110.111531,2.041833,FMI_mensual_observado,FMI_mensual_observado,FMI_mensual_observado,interpolado_lineal,0
460,Chile,2022,Abril,1.355167,0.131993,14.936206,1.17424,1.987686,0.298348,110.395759,2.042952,FMI_mensual_observado,FMI_mensual_observado,FMI_mensual_observado,interpolado_lineal,0
461,Chile,2022,Mayo,1.362348,0.134288,15.035109,1.177107,2.032466,0.308023,110.679987,2.044069,FMI_mensual_observado,FMI_mensual_observado,FMI_mensual_observado,interpolado_lineal,0
462,Chile,2022,Junio,1.388415,0.142519,14.740434,1.16851,2.072357,0.316465,110.964215,2.045183,FMI_mensual_observado,FMI_mensual_observado,FMI_mensual_observado,interpolado_lineal,0
463,Chile,2022,Julio,1.418395,0.151797,14.668426,1.166384,1.986881,0.298172,111.248444,2.046294,FMI_mensual_observado,FMI_mensual_observado,FMI_mensual_observado,interpolado_lineal,0
464,Chile,2022,Agosto,1.513589,0.180008,14.944871,1.174492,1.918842,0.283039,111.532672,2.047402,FMI_mensual_observado,FMI_mensual_observado,FMI_mensual_observado,interpolado_lineal,0
465,Chile,2022,Setiembre,1.496058,0.174948,15.064764,1.177962,1.882844,0.274814,111.8169,2.048507,FMI_mensual_observado,FMI_mensual_observado,FMI_mensual_observado,interpolado_lineal,0
466,Chile,2022,Octubre,1.577093,0.197857,15.306255,1.184869,1.831957,0.262915,112.101128,2.04961,FMI_mensual_observado,FMI_mensual_observado,FMI_mensual_observado,interpolado_lineal,0
467,Chile,2022,Noviembre,1.648327,0.217043,15.659774,1.194785,1.767792,0.247431,112.385357,2.05071,FMI_mensual_observado,FMI_mensual_observado,FMI_mensual_observado,interpolado_lineal,0
468,Chile,2022,Diciembre,1.665486,0.221541,15.603367,1.193218,1.690992,0.228142,112.669585,2.051807,FMI_mensual_observado,FMI_mensual_observado,FMI_mensual_observado,BM_WDI_anual_observado,0
469,Chile,2023,Enero,1.762083,0.246026,15.596769,1.193035,1.381871,0.140468,112.405877,2.050789,FMI_mensual_observado,FMI_mensual_observado,FMI_mensual_observado,interpolado_lineal,0
470,Chile,2023,Febrero,1.782145,0.250943,15.568893,1.192258,1.355439,0.13208,112.142169,2.049769,FMI_mensual_observado,FMI_mensual_observado,FMI_mensual_observado,interpolado_lineal,0
471,Chile,2023,Marzo,1.824488,0.261141,15.371257,1.186709,1.346887,0.129331,111.87846,2.048746,FMI_mensual_observado,FMI_mensual_observado,FMI_mensual_observado,interpolado_lineal,0
472,Chile,2023,Abril,1.878337,0.273774,15.389392,1.187221,1.453288,0.162352,111.614752,2.047722,FMI_mensual_observado,FMI_mensual_observado,FMI_mensual_observado,interpolado_lineal,0
473,Chile,2023,Mayo,1.912587,0.281621,15.585369,1.192717,1.496127,0.174968,111.351044,2.046694,FMI_mensual_observado,FMI_mensual_observado,FMI_mensual_observado,interpolado_lineal,0
474,Chile,2023,Junio,1.907755,0.280523,15.784964,1.198244,1.526027,0.183562,111.087336,2.045665,FMI_mensual_observado,FMI_mensual_observado,FMI_mensual_observado,interpolado_lineal,0
475,Chile,2023,Julio,1.94115,0.288059,15.767607,1.197766,1.550309,0.190418,110.823628,2.044632,FMI_mensual_observado,FMI_mensual_observado,FMI_mensual_observado,interpolado_lineal,0
476,Chile,2023,Agosto,1.922786,0.283931,15.8051,1.198797,1.532086,0.185283,110.55992,2.043598,FMI_mensual_observado,FMI_mensual_observado,FMI_mensual_observado,interpolado_lineal,0
477,Chile,2023,Setiembre,1.98995,0.298842,15.691919,1.195676,1.530531,0.184842,110.296212,2.042561,FMI_mensual_observado,FMI_mensual_observado,FMI_mensual_observado,interpolado_lineal,0
478,Chile,2023,Octubre,2.044533,0.310594,15.979779,1.203571,1.532445,0.185385,110.032504,2.041521,FMI_mensual_observado,FMI_mensual_observado,FMI_mensual_observado,interpolado_lineal,0
479,Chile,2023,Noviembre,2.109021,0.324081,16.290017,1.211922,1.517011,0.180989,109.768796,2.040479,FMI_mensual_observado,FMI_mensual_observado,FMI_mensual_observado,interpolado_lineal,0
480,Chile,2023,Diciembre,2.104379,0.323124,16.163731,1.208542,1.507141,0.178154,109.505087,2.039434,FMI_mensual_observado,FMI_mensual_observado,FMI_mensual_observado,BM_WDI_anual_observado,0
481,Chile,2024,Enero,2.177316,0.337921,15.983397,1.203669,1.656979,0.219317,109.093648,2.037799,FMI_mensual_observado,FMI_mensual_observado,FMI_mensual_observado,interpolado_lineal,0
482,Chile,2024,Febrero,2.222422,0.346827,16.120416,1.207376,1.676216,0.22433,108.682209,2.036158,FMI_mensual_observado,FMI_mensual_observado,FMI_mensual_observado,interpolado_lineal,0
483,Chile,2024,Marzo,2.218325,0.346025,15.921321,1.201979,1.649864,0.217448,108.27077,2.034511,FMI_mensual_observado,FMI_mensual_observado,FMI_mensual_observado,interpolado_lineal,0
484,Chile,2024,Abril,2.22545,0.347418,16.15373,1.208273,1.673861,0.223719,107.85933,2.032858,FMI_mensual_observado,FMI_mensual_observado,FMI_mensual_observado,interpolado_lineal,0
485,Chile,2024,Mayo,2.298608,0.361465,16.44975,1.216159,1.672257,0.223303,107.447891,2.031198,FMI_mensual_observado,FMI_mensual_observado,FMI_mensual_observado,interpolado_lineal,0
486,Chile,2024,Junio,2.276567,0.35728,16.441068,1.21593,1.671845,0.223196,107.036452,2.029532,FMI_mensual_observado,FMI_mensual_observado,FMI_mensual_observado,interpolado_lineal,0
487,Chile,2024,Julio,2.298568,0.361457,16.505712,1.217634,1.654968,0.21879,106.625013,2.027859,FMI_mensual_observado,FMI_mensual_observado,FMI_mensual_observado,interpolado_lineal,0
488,Chile,2024,Agosto,2.335252,0.368334,16.67815,1.222148,1.661995,0.22063,106.213573,2.02618,FMI_mensual_observado,FMI_mensual_observado,FMI_mensual_observado,interpolado_lineal,0
489,Chile,2024,Setiembre,2.362282,0.373332,17.000432,1.23046,1.669411,0.222563,105.802134,2.024494,FMI_mensual_observado,FMI_mensual_observado,FMI_mensual_observado,interpolado_lineal,1
490,Chile,2024,Octubre,2.339442,0.369112,16.770288,1.224541,1.671214,0.223032,105.390695,2.022802,FMI_mensual_observado,FMI_mensual_observado,FMI_mensual_observado,interpolado_lineal,1
491,Chile,2024,Noviembre,2.298534,0.361451,17.001387,1.230484,1.682255,0.225892,104.979256,2.021103,FMI_mensual_observado,FMI_mensual_observado,FMI_mensual_observado,interpolado_lineal,1
492,Chile,2024,Diciembre,2.342485,0.369677,16.877161,1.227299,1.686957,0.227104,104.567816,2.019398,FMI_mensual_observado,FMI_mensual_observado,FMI_mensual_observado,BM_WDI_anual_observado,1
493,Chile,2025,Enero,2.327414,0.366874,16.800398,1.22532,1.281237,0.107629,104.360849,2.018538,FMI_mensual_observado,FMI_mensual_observado,FMI_mensual_observado,interpolado_lineal,1
494,Chile,2025,Febrero,2.300436,0.36181,16.903986,1.227989,1.502577,0.176837,104.153882,2.017675,FMI_mensual_observado,FMI_mensual_observado,FMI_mensual_observado,interpolado_lineal,1
495,Chile,2025,Marzo,2.281619,0.358243,16.845063,1.226473,1.735339,0.239384,103.946914,2.016812,FMI_mensual_observado,FMI_mensual_observado,FMI_mensual_observado,interpolado_lineal,1
496,Chile,2025,Abril,2.218888,0.346135,16.740018,1.223756,1.750504,0.243163,103.739947,2.015946,FMI_mensual_observado,FMI_mensual_observado,FMI_mensual_observado,interpolado_lineal,1
497,Chile,2025,Mayo,2.273596,0.356713,16.800789,1.22533,1.778799,0.250127,103.53298,2.015079,FMI_mensual_observado,FMI_mensual_observado,FMI_mensual_observado,interpolado_lineal,1
498,Chile,2025,Junio,2.283942,0.358685,16.985235,1.230072,1.773664,0.248871,103.326013,2.01421,FMI_mensual_observado,FMI_mensual_observado,FMI_mensual_observado,interpolado_lineal,1
499,Chile,2025,Julio,2.279492,0.357838,16.863723,1.226953,1.749807,0.24299,103.119045,2.013339,FMI_mensual_observado,FMI_mensual_observado,FMI_mensual_observado,interpolado_lineal,1
500,Chile,2025,Agosto,2.235932,0.349459,16.918213,1.228354,1.76735,0.247323,102.912078,2.012466,FMI_mensual_observado,FMI_mensual_observado,FMI_mensual_observado,interpolado_lineal,1
501,Chile,2025,Setiembre,2.347134,0.370538,16.968008,1.229631,1.759788,0.24546,102.705111,2.011592,FMI_mensual_observado,FMI_mensual_observado,FMI_mensual_observado,interpolado_lineal,1
502,Chile,2025,Octubre,2.356772,0.372318,17.075073,1.232363,1.735349,0.239387,102.498144,2.010716,FMI_mensual_observado,FMI_mensual_observado,FMI_mensual_observado,interpolado_lineal,1
503,Chile,2025,Noviembre,2.350632,0.371185,17.354431,1.23941,1.678979,0.225045,102.291176,2.009838,FMI_mensual_observado,FMI_mensual_observado,FMI_mensual_observado,interpolado_lineal,1
504,Chile,2025,Diciembre,2.399904,0.380194,17.157277,1.234448,1.662549,0.220774,102.084209,2.008959,FMI_mensual_observado,FMI_mensual_observado,FMI_mensual_observado,BM_WDI_anual_observado,1
505,Colombia,2005,Enero,4.140408,0.617043,19.654907,1.293471,3.514427,0.545855,22.24527,1.347238,FMI_mensual_observado,FMI_mensual_observado,FMI_mensual_observado,interpolado_lineal,0
506,Colombia,2005,Febrero,4.093815,0.612128,19.512755,1.290319,3.883303,0.589201,22.291402,1.348137,FMI_mensual_observado,FMI_mensual_observado,FMI_mensual_observado,interpolado_lineal,0
507,Colombia,2005,Marzo,3.993529,0.601357,18.288715,1.262183,3.524768,0.547131,22.337534,1.349035,FMI_mensual_observado,FMI_mensual_observado,FMI_mensual_observado,interpolado_lineal,0
508,Colombia,2005,Abril,3.951409,0.596752,18.121859,1.258203,3.76488,0.575751,22.383665,1.349931,FMI_mensual_observado,FMI_mensual_observado,FMI_mensual_observado,interpolado_lineal,0
509,Colombia,2005,Mayo,3.997239,0.60176,17.853141,1.251715,3.791728,0.578837,22.429797,1.350825,FMI_mensual_observado,FMI_mensual_observado,FMI_mensual_observado,interpolado_lineal,0
510,Colombia,2005,Junio,3.716912,0.570182,17.715619,1.248356,3.972168,0.599028,22.475929,1.351718,FMI_mensual_observado,FMI_mensual_observado,FMI_mensual_observado,interpolado_lineal,0
511,Colombia,2005,Julio,3.85283,0.58578,17.789422,1.250162,3.753873,0.57448,22.52206,1.352608,FMI_mensual_observado,FMI_mensual_observado,FMI_mensual_observado,interpolado_lineal,0
512,Colombia,2005,Agosto,3.824249,0.582546,17.664402,1.247099,3.728262,0.571506,22.568192,1.353497,FMI_mensual_observado,FMI_mensual_observado,FMI_mensual_observado,interpolado_lineal,0
513,Colombia,2005,Setiembre,3.730315,0.571746,17.608959,1.245734,3.946974,0.596264,22.614324,1.354384,FMI_mensual_observado,FMI_mensual_observado,FMI_mensual_observado,interpolado_lineal,0
514,Colombia,2005,Octubre,3.448253,0.537599,17.387286,1.240232,3.954695,0.597113,22.660455,1.355269,FMI_mensual_observado,FMI_mensual_observado,FMI_mensual_observado,interpolado_lineal,0
515,Colombia,2005,Noviembre,3.156678,0.49923,17.703132,1.24805,4.101485,0.612941,22.706587,1.356152,FMI_mensual_observado,FMI_mensual_observado,FMI_mensual_observado,interpolado_lineal,0
516,Colombia,2005,Diciembre,2.748434,0.439085,17.289676,1.237787,4.002333,0.602313,22.752719,1.357033,FMI_mensual_observado,FMI_mensual_observado,FMI_mensual_observado,BM_WDI_anual_observado,0
517,Colombia,2006,Enero,2.97905,0.474078,20.191504,1.305169,3.144183,0.497508,23.134103,1.364253,FMI_mensual_observado,FMI_mensual_observado,FMI_mensual_observado,interpolado_lineal,0
518,Colombia,2006,Febrero,2.94685,0.469358,20.027267,1.301622,3.502744,0.544408,23.515487,1.371354,FMI_mensual_observado,FMI_mensual_observado,FMI_mensual_observado,interpolado_lineal,0
519,Colombia,2006,Marzo,2.989473,0.475595,18.763764,1.27332,3.76809,0.576121,23.896871,1.378341,FMI_mensual_observado,FMI_mensual_observado,FMI_mensual_observado,interpolado_lineal,0
520,Colombia,2006,Abril,3.084681,0.48921,17.980105,1.254792,3.495171,0.543468,24.278255,1.385217,FMI_mensual_observado,FMI_mensual_observado,FMI_mensual_observado,interpolado_lineal,0
521,Colombia,2006,Mayo,3.018055,0.479727,16.235977,1.210478,2.996946,0.476679,24.659639,1.391987,FMI_mensual_observado,FMI_mensual_observado,FMI_mensual_observado,interpolado_lineal,0
522,Colombia,2006,Junio,2.83715,0.452882,15.81918,1.199184,3.147913,0.498023,25.041023,1.398652,FMI_mensual_observado,FMI_mensual_observado,FMI_mensual_observado,interpolado_lineal,0
523,Colombia,2006,Julio,2.956873,0.470833,16.131761,1.207682,3.064298,0.486331,25.422407,1.405217,FMI_mensual_observado,FMI_mensual_observado,FMI_mensual_observado,interpolado_lineal,0
524,Colombia,2006,Agosto,2.745919,0.438688,16.251588,1.210896,3.208384,0.506286,25.803791,1.411684,FMI_mensual_observado,FMI_mensual_observado,FMI_mensual_observado,interpolado_lineal,0
525,Colombia,2006,Setiembre,2.788138,0.445314,15.807368,1.19886,3.126605,0.495073,26.185175,1.418055,FMI_mensual_observado,FMI_mensual_observado,FMI_mensual_observado,interpolado_lineal,0
526,Colombia,2006,Octubre,2.820431,0.450315,15.694249,1.195741,3.441453,0.536742,26.566559,1.424335,FMI_mensual_observado,FMI_mensual_observado,FMI_mensual_observado,interpolado_lineal,0
527,Colombia,2006,Noviembre,2.779955,0.444038,15.343886,1.185935,3.326109,0.521936,26.947943,1.430526,FMI_mensual_observado,FMI_mensual_observado,FMI_mensual_observado,interpolado_lineal,0
528,Colombia,2006,Diciembre,2.659818,0.424852,15.438943,1.188618,3.133917,0.496087,27.329327,1.436629,FMI_mensual_observado,FMI_mensual_observado,FMI_mensual_observado,BM_WDI_anual_observado,0
529,Colombia,2007,Enero,2.821828,0.450531,17.580129,1.245022,2.163711,0.335199,27.599097,1.440895,FMI_mensual_observado,FMI_mensual_observado,FMI_mensual_observado,interpolado_lineal,0
530,Colombia,2007,Febrero,2.827669,0.451429,17.346959,1.239223,2.310473,0.363701,27.868867,1.445119,FMI_mensual_observado,FMI_mensual_observado,FMI_mensual_observado,interpolado_lineal,0
531,Colombia,2007,Marzo,2.811926,0.449004,16.785454,1.224933,3.068855,0.486976,28.138637,1.449303,FMI_mensual_observado,FMI_mensual_observado,FMI_mensual_observado,interpolado_lineal,0
532,Colombia,2007,Abril,2.96803,0.472468,16.359102,1.213759,2.913022,0.464344,28.408408,1.453447,FMI_mensual_observado,FMI_mensual_observado,FMI_mensual_observado,interpolado_lineal,0
533,Colombia,2007,Mayo,2.890082,0.46091,16.39498,1.214711,2.902884,0.46283,28.678178,1.457552,FMI_mensual_observado,FMI_mensual_observado,FMI_mensual_observado,interpolado_lineal,0
534,Colombia,2007,Junio,2.988372,0.475435,16.600709,1.220127,2.937091,0.467917,28.947948,1.461618,FMI_mensual_observado,FMI_mensual_observado,FMI_mensual_observado,interpolado_lineal,0
535,Colombia,2007,Julio,3.110253,0.492796,17.08447,1.232602,2.900619,0.462491,29.217718,1.465646,FMI_mensual_observado,FMI_mensual_observado,FMI_mensual_observado,interpolado_lineal,0
536,Colombia,2007,Agosto,3.074027,0.487708,16.769699,1.224525,3.010525,0.478642,29.487488,1.469638,FMI_mensual_observado,FMI_mensual_observado,FMI_mensual_observado,interpolado_lineal,0
537,Colombia,2007,Setiembre,3.137861,0.496634,15.960909,1.203058,3.00054,0.477199,29.757258,1.473593,FMI_mensual_observado,FMI_mensual_observado,FMI_mensual_observado,interpolado_lineal,0
538,Colombia,2007,Octubre,3.238368,0.510326,15.869404,1.200561,3.03245,0.481794,30.027028,1.477512,FMI_mensual_observado,FMI_mensual_observado,FMI_mensual_observado,interpolado_lineal,0
539,Colombia,2007,Noviembre,3.371829,0.527866,15.686825,1.195535,2.996824,0.476661,30.296798,1.481397,FMI_mensual_observado,FMI_mensual_observado,FMI_mensual_observado,interpolado_lineal,0
540,Colombia,2007,Diciembre,3.229293,0.509107,15.931441,1.202255,2.805613,0.448028,30.566568,1.485247,FMI_mensual_observado,FMI_mensual_observado,FMI_mensual_observado,BM_WDI_anual_observado,0
541,Colombia,2008,Enero,3.485732,0.542294,16.998279,1.230405,2.395482,0.379393,30.631261,1.486165,FMI_mensual_observado,FMI_mensual_observado,FMI_mensual_observado,interpolado_lineal,0
542,Colombia,2008,Febrero,3.550803,0.550327,17.004433,1.230562,2.79652,0.446618,30.695954,1.487081,FMI_mensual_observado,FMI_mensual_observado,FMI_mensual_observado,interpolado_lineal,0
543,Colombia,2008,Marzo,3.798942,0.579663,16.189844,1.209243,3.611348,0.557669,30.760647,1.487995,FMI_mensual_observado,FMI_mensual_observado,FMI_mensual_observado,interpolado_lineal,0
544,Colombia,2008,Abril,3.773998,0.576802,16.747915,1.223961,3.554415,0.550768,30.82534,1.488908,FMI_mensual_observado,FMI_mensual_observado,FMI_mensual_observado,interpolado_lineal,0
545,Colombia,2008,Mayo,3.948791,0.596464,16.690819,1.222478,3.482819,0.541931,30.890032,1.489818,FMI_mensual_observado,FMI_mensual_observado,FMI_mensual_observado,interpolado_lineal,0
546,Colombia,2008,Junio,3.797455,0.579493,16.399885,1.214841,3.323918,0.52165,30.954725,1.490727,FMI_mensual_observado,FMI_mensual_observado,FMI_mensual_observado,interpolado_lineal,0
547,Colombia,2008,Julio,3.82644,0.582795,16.876834,1.227291,3.385664,0.529644,31.019418,1.491634,FMI_mensual_observado,FMI_mensual_observado,FMI_mensual_observado,interpolado_lineal,0
548,Colombia,2008,Agosto,4.040076,0.60639,16.735732,1.223645,3.435364,0.535973,31.084111,1.492538,FMI_mensual_observado,FMI_mensual_observado,FMI_mensual_observado,interpolado_lineal,0
549,Colombia,2008,Setiembre,3.986008,0.600538,15.859658,1.200294,3.408662,0.532584,31.148804,1.493441,FMI_mensual_observado,FMI_mensual_observado,FMI_mensual_observado,interpolado_lineal,0
550,Colombia,2008,Octubre,3.965757,0.598326,15.614217,1.19352,3.259482,0.513149,31.213496,1.494342,FMI_mensual_observado,FMI_mensual_observado,FMI_mensual_observado,interpolado_lineal,0
551,Colombia,2008,Noviembre,4.210012,0.624283,15.453848,1.189037,3.212075,0.506786,31.278189,1.495242,FMI_mensual_observado,FMI_mensual_observado,FMI_mensual_observado,interpolado_lineal,0
552,Colombia,2008,Diciembre,3.932178,0.594633,15.426623,1.188271,3.030867,0.481567,31.342882,1.496139,FMI_mensual_observado,FMI_mensual_observado,FMI_mensual_observado,BM_WDI_anual_observado,0
553,Colombia,2009,Enero,4.256959,0.629099,16.915307,1.22828,3.063678,0.486243,31.235879,1.494654,FMI_mensual_observado,FMI_mensual_observado,FMI_mensual_observado,interpolado_lineal,0
554,Colombia,2009,Febrero,4.35584,0.639072,16.994637,1.230312,3.33617,0.523248,31.128877,1.493163,FMI_mensual_observado,FMI_mensual_observado,FMI_mensual_observado,interpolado_lineal,0
555,Colombia,2009,Marzo,4.394368,0.642896,16.619153,1.220609,3.763324,0.575572,31.021874,1.491668,FMI_mensual_observado,FMI_mensual_observado,FMI_mensual_observado,interpolado_lineal,0
556,Colombia,2009,Abril,4.538843,0.656945,16.816526,1.225736,3.644032,0.561582,30.914871,1.490167,FMI_mensual_observado,FMI_mensual_observado,FMI_mensual_observado,interpolado_lineal,0
557,Colombia,2009,Mayo,4.558614,0.658833,16.664855,1.221802,3.420612,0.534104,30.807869,1.488662,FMI_mensual_observado,FMI_mensual_observado,FMI_mensual_observado,interpolado_lineal,0
558,Colombia,2009,Junio,4.46219,0.649548,16.811957,1.225618,3.266728,0.514113,30.700866,1.487151,FMI_mensual_observado,FMI_mensual_observado,FMI_mensual_observado,interpolado_lineal,0
559,Colombia,2009,Julio,4.3742,0.640899,17.246646,1.236705,3.220007,0.507857,30.593863,1.485634,FMI_mensual_observado,FMI_mensual_observado,FMI_mensual_observado,interpolado_lineal,0
560,Colombia,2009,Agosto,4.560013,0.658966,17.296108,1.237948,3.363724,0.52682,30.486861,1.484113,FMI_mensual_observado,FMI_mensual_observado,FMI_mensual_observado,interpolado_lineal,0
561,Colombia,2009,Setiembre,4.374818,0.64096,17.174819,1.234892,3.384924,0.529549,30.379858,1.482586,FMI_mensual_observado,FMI_mensual_observado,FMI_mensual_observado,interpolado_lineal,0
562,Colombia,2009,Octubre,4.40965,0.644404,17.267131,1.23722,3.318595,0.520954,30.272855,1.481053,FMI_mensual_observado,FMI_mensual_observado,FMI_mensual_observado,interpolado_lineal,0
563,Colombia,2009,Noviembre,4.488276,0.65208,17.007366,1.230637,3.273958,0.515073,30.165853,1.479516,FMI_mensual_observado,FMI_mensual_observado,FMI_mensual_observado,interpolado_lineal,0
564,Colombia,2009,Diciembre,4.012838,0.603452,17.162183,1.234573,3.059943,0.485713,30.05885,1.477972,FMI_mensual_observado,FMI_mensual_observado,FMI_mensual_observado,BM_WDI_anual_observado,0
565,Colombia,2010,Enero,4.243046,0.627678,18.69873,1.271812,1.904623,0.279809,30.250026,1.480726,FMI_mensual_observado,FMI_mensual_observado,FMI_mensual_observado,interpolado_lineal,0
566,Colombia,2010,Febrero,4.304999,0.633973,18.678587,1.271344,2.749955,0.439326,30.441201,1.483462,FMI_mensual_observado,FMI_mensual_observado,FMI_mensual_observado,interpolado_lineal,0
567,Colombia,2010,Marzo,4.264087,0.629826,17.865386,1.252012,3.470356,0.540374,30.632377,1.486181,FMI_mensual_observado,FMI_mensual_observado,FMI_mensual_observado,interpolado_lineal,0
568,Colombia,2010,Abril,4.280446,0.631489,17.846921,1.251563,3.388523,0.53001,30.823553,1.488883,FMI_mensual_observado,FMI_mensual_observado,FMI_mensual_observado,interpolado_lineal,0
569,Colombia,2010,Mayo,4.106279,0.613448,17.797291,1.250354,3.236465,0.510071,31.014728,1.491568,FMI_mensual_observado,FMI_mensual_observado,FMI_mensual_observado,interpolado_lineal,0
570,Colombia,2010,Junio,3.833375,0.583581,17.582372,1.245077,3.11135,0.492949,31.205904,1.494237,FMI_mensual_observado,FMI_mensual_observado,FMI_mensual_observado,interpolado_lineal,0
571,Colombia,2010,Julio,3.866259,0.587291,18.479126,1.266681,3.124361,0.494761,31.39708,1.496889,FMI_mensual_observado,FMI_mensual_observado,FMI_mensual_observado,interpolado_lineal,0
572,Colombia,2010,Agosto,3.713228,0.569752,18.524125,1.267738,3.171461,0.501259,31.588256,1.499526,FMI_mensual_observado,FMI_mensual_observado,FMI_mensual_observado,interpolado_lineal,0
573,Colombia,2010,Setiembre,3.41061,0.532832,18.104963,1.257798,3.169023,0.500925,31.779431,1.502146,FMI_mensual_observado,FMI_mensual_observado,FMI_mensual_observado,interpolado_lineal,0
574,Colombia,2010,Octubre,3.39733,0.531138,18.007386,1.255451,3.115767,0.493565,31.970607,1.504751,FMI_mensual_observado,FMI_mensual_observado,FMI_mensual_observado,interpolado_lineal,0
575,Colombia,2010,Noviembre,3.235972,0.510005,17.56703,1.244698,2.971099,0.472917,32.161783,1.50734,FMI_mensual_observado,FMI_mensual_observado,FMI_mensual_observado,interpolado_lineal,0
576,Colombia,2010,Diciembre,2.863377,0.456879,17.993342,1.255112,2.879015,0.459244,32.352959,1.509914,FMI_mensual_observado,FMI_mensual_observado,FMI_mensual_observado,BM_WDI_anual_observado,0
577,Colombia,2011,Enero,3.056258,0.48519,19.059791,1.280118,2.452056,0.38953,32.57021,1.512821,FMI_mensual_observado,FMI_mensual_observado,FMI_mensual_observado,interpolado_lineal,0
578,Colombia,2011,Febrero,3.069619,0.487084,18.655222,1.2708,2.724743,0.435326,32.787461,1.515708,FMI_mensual_observado,FMI_mensual_observado,FMI_mensual_observado,interpolado_lineal,0
579,Colombia,2011,Marzo,3.009048,0.478429,17.952861,1.254134,3.507616,0.545012,33.004712,1.518576,FMI_mensual_observado,FMI_mensual_observado,FMI_mensual_observado,interpolado_lineal,0
580,Colombia,2011,Abril,3.024955,0.480719,17.852096,1.251689,3.322551,0.521472,33.221964,1.521425,FMI_mensual_observado,FMI_mensual_observado,FMI_mensual_observado,interpolado_lineal,0
581,Colombia,2011,Mayo,2.853168,0.455327,17.447202,1.241726,3.164746,0.500339,33.439215,1.524256,FMI_mensual_observado,FMI_mensual_observado,FMI_mensual_observado,interpolado_lineal,0
582,Colombia,2011,Junio,2.817112,0.449804,17.40644,1.24071,3.054671,0.484964,33.656466,1.527069,FMI_mensual_observado,FMI_mensual_observado,FMI_mensual_observado,interpolado_lineal,0
583,Colombia,2011,Julio,2.912836,0.464316,17.727422,1.248646,2.956,0.470704,33.873718,1.529863,FMI_mensual_observado,FMI_mensual_observado,FMI_mensual_observado,interpolado_lineal,0
584,Colombia,2011,Agosto,2.84984,0.45482,17.481586,1.242581,2.924246,0.466014,34.090969,1.532639,FMI_mensual_observado,FMI_mensual_observado,FMI_mensual_observado,interpolado_lineal,0
585,Colombia,2011,Setiembre,2.822335,0.450609,17.072518,1.232298,2.940943,0.468487,34.30822,1.535398,FMI_mensual_observado,FMI_mensual_observado,FMI_mensual_observado,interpolado_lineal,0
586,Colombia,2011,Octubre,2.90692,0.463433,16.950539,1.229184,2.870321,0.45793,34.525471,1.53814,FMI_mensual_observado,FMI_mensual_observado,FMI_mensual_observado,interpolado_lineal,0
587,Colombia,2011,Noviembre,2.787361,0.445193,16.586654,1.219759,2.801643,0.447413,34.742723,1.540864,FMI_mensual_observado,FMI_mensual_observado,FMI_mensual_observado,interpolado_lineal,0
588,Colombia,2011,Diciembre,2.495544,0.397165,16.878137,1.227325,2.842456,0.453694,34.959974,1.543571,FMI_mensual_observado,FMI_mensual_observado,FMI_mensual_observado,BM_WDI_anual_observado,0
589,Colombia,2012,Enero,2.711855,0.433266,18.378961,1.264321,2.379711,0.376524,35.192047,1.546445,FMI_mensual_observado,FMI_mensual_observado,FMI_mensual_observado,interpolado_lineal,0
590,Colombia,2012,Febrero,2.786903,0.445122,18.805918,1.274295,2.675865,0.427464,35.42412,1.549299,FMI_mensual_observado,FMI_mensual_observado,FMI_mensual_observado,interpolado_lineal,0
591,Colombia,2012,Marzo,2.779532,0.443972,18.017792,1.255702,3.392505,0.53052,35.656193,1.552135,FMI_mensual_observado,FMI_mensual_observado,FMI_mensual_observado,interpolado_lineal,0
592,Colombia,2012,Abril,2.93664,0.467851,18.112465,1.257978,3.211167,0.506663,35.888266,1.554952,FMI_mensual_observado,FMI_mensual_observado,FMI_mensual_observado,interpolado_lineal,0
593,Colombia,2012,Mayo,2.896779,0.461915,17.928625,1.253547,3.007413,0.478193,36.12034,1.557752,FMI_mensual_observado,FMI_mensual_observado,FMI_mensual_observado,interpolado_lineal,0
594,Colombia,2012,Junio,2.854492,0.455529,17.786932,1.250101,2.924476,0.466048,36.352413,1.560533,FMI_mensual_observado,FMI_mensual_observado,FMI_mensual_observado,interpolado_lineal,0
595,Colombia,2012,Julio,2.950379,0.469878,18.628223,1.270171,2.827347,0.451379,36.584486,1.563297,FMI_mensual_observado,FMI_mensual_observado,FMI_mensual_observado,interpolado_lineal,0
596,Colombia,2012,Agosto,2.90034,0.462449,18.416947,1.265218,2.804713,0.447888,36.816559,1.566043,FMI_mensual_observado,FMI_mensual_observado,FMI_mensual_observado,interpolado_lineal,0
597,Colombia,2012,Setiembre,2.900255,0.462436,18.448178,1.265953,2.75216,0.439674,37.048632,1.568772,FMI_mensual_observado,FMI_mensual_observado,FMI_mensual_observado,interpolado_lineal,0
598,Colombia,2012,Octubre,2.888728,0.460707,18.481002,1.266726,2.702734,0.431803,37.280705,1.571484,FMI_mensual_observado,FMI_mensual_observado,FMI_mensual_observado,interpolado_lineal,0
599,Colombia,2012,Noviembre,2.945056,0.469094,18.1204,1.258168,2.669751,0.426471,37.512778,1.574179,FMI_mensual_observado,FMI_mensual_observado,FMI_mensual_observado,interpolado_lineal,0
600,Colombia,2012,Diciembre,2.758459,0.440667,18.080023,1.257199,2.67662,0.427587,37.744852,1.576858,FMI_mensual_observado,FMI_mensual_observado,FMI_mensual_observado,BM_WDI_anual_observado,0
601,Colombia,2013,Enero,2.931097,0.46703,19.960324,1.300168,2.471655,0.392988,37.889755,1.578522,FMI_mensual_observado,FMI_mensual_observado,FMI_mensual_observado,interpolado_lineal,0
602,Colombia,2013,Febrero,2.962748,0.471695,20.291376,1.307311,3.154571,0.49894,38.034658,1.58018,FMI_mensual_observado,FMI_mensual_observado,FMI_mensual_observado,interpolado_lineal,0
603,Colombia,2013,Marzo,3.127627,0.495215,19.630251,1.292926,3.547037,0.549866,38.179562,1.581831,FMI_mensual_observado,FMI_mensual_observado,FMI_mensual_observado,interpolado_lineal,0
604,Colombia,2013,Abril,3.141635,0.497156,19.583832,1.291898,3.264063,0.513759,38.324465,1.583476,FMI_mensual_observado,FMI_mensual_observado,FMI_mensual_observado,interpolado_lineal,0
605,Colombia,2013,Mayo,3.000863,0.477246,19.295646,1.285459,2.859234,0.45625,38.469368,1.585115,FMI_mensual_observado,FMI_mensual_observado,FMI_mensual_observado,interpolado_lineal,0
606,Colombia,2013,Junio,2.942063,0.468652,18.892888,1.276298,2.480048,0.39446,38.614272,1.586748,FMI_mensual_observado,FMI_mensual_observado,FMI_mensual_observado,interpolado_lineal,0
607,Colombia,2013,Julio,2.882731,0.459804,19.235795,1.28411,2.455999,0.390228,38.759175,1.588375,FMI_mensual_observado,FMI_mensual_observado,FMI_mensual_observado,interpolado_lineal,0
608,Colombia,2013,Agosto,2.948088,0.46954,17.258734,1.237009,2.407014,0.381479,38.904078,1.589995,FMI_mensual_observado,FMI_mensual_observado,FMI_mensual_observado,interpolado_lineal,0
609,Colombia,2013,Setiembre,2.943426,0.468853,17.649231,1.246726,2.444678,0.388222,39.048982,1.59161,FMI_mensual_observado,FMI_mensual_observado,FMI_mensual_observado,interpolado_lineal,0
610,Colombia,2013,Octubre,2.911719,0.464149,16.875104,1.227246,2.422585,0.384279,39.193885,1.593218,FMI_mensual_observado,FMI_mensual_observado,FMI_mensual_observado,interpolado_lineal,0
611,Colombia,2013,Noviembre,2.978043,0.473931,16.649227,1.221394,2.369444,0.374646,39.338788,1.594821,FMI_mensual_observado,FMI_mensual_observado,FMI_mensual_observado,interpolado_lineal,0
612,Colombia,2013,Diciembre,2.775354,0.443318,16.963358,1.229512,2.338354,0.36891,39.483692,1.596418,FMI_mensual_observado,FMI_mensual_observado,FMI_mensual_observado,BM_WDI_anual_observado,0
613,Colombia,2014,Enero,2.895084,0.461661,16.304575,1.212309,1.846071,0.266248,39.725435,1.599069,FMI_mensual_observado,FMI_mensual_observado,FMI_mensual_observado,interpolado_lineal,0
614,Colombia,2014,Febrero,2.943644,0.468885,16.292149,1.211978,2.120225,0.326382,39.967177,1.601703,FMI_mensual_observado,FMI_mensual_observado,FMI_mensual_observado,interpolado_lineal,0
615,Colombia,2014,Marzo,3.003319,0.477601,17.447018,1.241721,2.914632,0.464584,40.20892,1.604322,FMI_mensual_observado,FMI_mensual_observado,FMI_mensual_observado,interpolado_lineal,0
616,Colombia,2014,Abril,3.055413,0.48507,17.303778,1.238141,2.683895,0.428766,40.450663,1.606926,FMI_mensual_observado,FMI_mensual_observado,FMI_mensual_observado,interpolado_lineal,0
617,Colombia,2014,Mayo,3.02266,0.480389,17.188254,1.235232,2.547639,0.406138,40.692406,1.609513,FMI_mensual_observado,FMI_mensual_observado,FMI_mensual_observado,interpolado_lineal,0
618,Colombia,2014,Junio,3.039496,0.482802,16.802946,1.225385,2.496227,0.397284,40.934149,1.612086,FMI_mensual_observado,FMI_mensual_observado,FMI_mensual_observado,interpolado_lineal,0
619,Colombia,2014,Julio,2.968529,0.472541,16.778178,1.224745,2.419713,0.383764,41.175892,1.614643,FMI_mensual_observado,FMI_mensual_observado,FMI_mensual_observado,interpolado_lineal,0
620,Colombia,2014,Agosto,3.081501,0.488762,16.864936,1.226985,2.401406,0.380466,41.417634,1.617185,FMI_mensual_observado,FMI_mensual_observado,FMI_mensual_observado,interpolado_lineal,0
621,Colombia,2014,Setiembre,3.068086,0.486868,17.138315,1.233968,2.424305,0.384587,41.659377,1.619713,FMI_mensual_observado,FMI_mensual_observado,FMI_mensual_observado,interpolado_lineal,0
622,Colombia,2014,Octubre,3.030174,0.481468,17.038068,1.23142,2.405991,0.381294,41.90112,1.622226,FMI_mensual_observado,FMI_mensual_observado,FMI_mensual_observado,interpolado_lineal,0
623,Colombia,2014,Noviembre,3.067652,0.486806,17.168789,1.23474,2.315585,0.364661,42.142863,1.624724,FMI_mensual_observado,FMI_mensual_observado,FMI_mensual_observado,interpolado_lineal,0
624,Colombia,2014,Diciembre,2.915261,0.464677,16.998433,1.230409,2.412687,0.382501,42.384606,1.627208,FMI_mensual_observado,FMI_mensual_observado,FMI_mensual_observado,BM_WDI_anual_observado,0
625,Colombia,2015,Enero,3.007083,0.478145,16.877038,1.227296,2.335114,0.368308,42.761338,1.631051,FMI_mensual_observado,FMI_mensual_observado,FMI_mensual_observado,interpolado_lineal,0
626,Colombia,2015,Febrero,3.012415,0.478915,16.803266,1.225394,2.767813,0.442137,43.13807,1.634861,FMI_mensual_observado,FMI_mensual_observado,FMI_mensual_observado,interpolado_lineal,0
627,Colombia,2015,Marzo,2.984939,0.474935,17.082243,1.232545,3.242153,0.510834,43.514803,1.638637,FMI_mensual_observado,FMI_mensual_observado,FMI_mensual_observado,interpolado_lineal,0
628,Colombia,2015,Abril,3.05696,0.48529,17.491872,1.242836,3.194493,0.504402,43.891535,1.642381,FMI_mensual_observado,FMI_mensual_observado,FMI_mensual_observado,interpolado_lineal,0
629,Colombia,2015,Mayo,3.055683,0.485108,17.545016,1.244154,3.030054,0.48145,44.268267,1.646093,FMI_mensual_observado,FMI_mensual_observado,FMI_mensual_observado,interpolado_lineal,0
630,Colombia,2015,Junio,3.063433,0.486208,17.38026,1.240056,2.820834,0.450378,44.645,1.649773,FMI_mensual_observado,FMI_mensual_observado,FMI_mensual_observado,interpolado_lineal,0
631,Colombia,2015,Julio,3.004162,0.477723,17.121877,1.233551,2.754575,0.440055,45.021732,1.653422,FMI_mensual_observado,FMI_mensual_observado,FMI_mensual_observado,interpolado_lineal,0
632,Colombia,2015,Agosto,3.021666,0.480246,16.735262,1.223633,2.657571,0.424485,45.398464,1.657041,FMI_mensual_observado,FMI_mensual_observado,FMI_mensual_observado,interpolado_lineal,0
633,Colombia,2015,Setiembre,2.996304,0.476586,16.775034,1.224663,2.65855,0.424645,45.775197,1.66063,FMI_mensual_observado,FMI_mensual_observado,FMI_mensual_observado,interpolado_lineal,0
634,Colombia,2015,Octubre,2.959823,0.471266,16.623496,1.220722,2.629569,0.419885,46.151929,1.66419,FMI_mensual_observado,FMI_mensual_observado,FMI_mensual_observado,interpolado_lineal,0
635,Colombia,2015,Noviembre,3.034797,0.48213,16.537977,1.218482,2.533636,0.403744,46.528661,1.667721,FMI_mensual_observado,FMI_mensual_observado,FMI_mensual_observado,interpolado_lineal,0
636,Colombia,2015,Diciembre,2.847673,0.45449,16.874553,1.227232,2.365149,0.373859,46.905394,1.671223,FMI_mensual_observado,FMI_mensual_observado,FMI_mensual_observado,BM_WDI_anual_observado,0
637,Colombia,2016,Enero,2.948601,0.469616,16.58421,1.219695,3.280137,0.515892,46.917794,1.671338,FMI_mensual_observado,FMI_mensual_observado,FMI_mensual_observado,interpolado_lineal,0
638,Colombia,2016,Febrero,3.047236,0.483906,16.487847,1.217164,3.242826,0.510924,46.930194,1.671452,FMI_mensual_observado,FMI_mensual_observado,FMI_mensual_observado,interpolado_lineal,0
639,Colombia,2016,Marzo,3.113637,0.493268,17.088272,1.232698,2.685266,0.428987,46.942595,1.671567,FMI_mensual_observado,FMI_mensual_observado,FMI_mensual_observado,interpolado_lineal,0
640,Colombia,2016,Abril,3.15098,0.498446,17.199157,1.235507,2.412412,0.382451,46.954995,1.671682,FMI_mensual_observado,FMI_mensual_observado,FMI_mensual_observado,interpolado_lineal,0
641,Colombia,2016,Mayo,3.151729,0.498549,17.797103,1.250349,2.775457,0.443335,46.967395,1.671796,FMI_mensual_observado,FMI_mensual_observado,FMI_mensual_observado,interpolado_lineal,0
642,Colombia,2016,Junio,3.015543,0.479366,17.700618,1.247988,3.32817,0.522206,46.979796,1.671911,FMI_mensual_observado,FMI_mensual_observado,FMI_mensual_observado,interpolado_lineal,0
643,Colombia,2016,Julio,3.196609,0.50469,17.185984,1.235174,3.327559,0.522126,46.992196,1.672026,FMI_mensual_observado,FMI_mensual_observado,FMI_mensual_observado,interpolado_lineal,0
644,Colombia,2016,Agosto,3.194102,0.504349,17.166825,1.23469,3.068763,0.486963,47.004596,1.67214,FMI_mensual_observado,FMI_mensual_observado,FMI_mensual_observado,interpolado_lineal,0
645,Colombia,2016,Setiembre,3.191178,0.503951,17.79202,1.250225,2.950201,0.469852,47.016997,1.672255,FMI_mensual_observado,FMI_mensual_observado,FMI_mensual_observado,interpolado_lineal,0
646,Colombia,2016,Octubre,3.338419,0.523541,17.741302,1.248985,2.878796,0.459211,47.029397,1.672369,FMI_mensual_observado,FMI_mensual_observado,FMI_mensual_observado,interpolado_lineal,0
647,Colombia,2016,Noviembre,3.371445,0.527816,17.551798,1.244322,2.811623,0.448957,47.041797,1.672484,FMI_mensual_observado,FMI_mensual_observado,FMI_mensual_observado,interpolado_lineal,0
648,Colombia,2016,Diciembre,3.124537,0.494786,17.51517,1.243414,2.664649,0.42564,47.054198,1.672598,FMI_mensual_observado,FMI_mensual_observado,FMI_mensual_observado,BM_WDI_anual_observado,0
649,Colombia,2017,Enero,3.647239,0.561964,17.624856,1.246126,1.814888,0.25885,47.283466,1.674709,FMI_mensual_observado,FMI_mensual_observado,FMI_mensual_observado,interpolado_lineal,0
650,Colombia,2017,Febrero,3.714461,0.569896,17.567701,1.244715,1.972349,0.294984,47.512735,1.67681,FMI_mensual_observado,FMI_mensual_observado,FMI_mensual_observado,interpolado_lineal,0
651,Colombia,2017,Marzo,3.840886,0.584431,18.252019,1.261311,2.42856,0.385349,47.742004,1.678901,FMI_mensual_observado,FMI_mensual_observado,FMI_mensual_observado,interpolado_lineal,0
652,Colombia,2017,Abril,4.045453,0.606967,18.586641,1.269201,2.255886,0.353317,47.971272,1.680981,FMI_mensual_observado,FMI_mensual_observado,FMI_mensual_observado,interpolado_lineal,0
653,Colombia,2017,Mayo,4.108082,0.613639,18.598908,1.269487,2.1522,0.332883,48.200541,1.683052,FMI_mensual_observado,FMI_mensual_observado,FMI_mensual_observado,interpolado_lineal,0
654,Colombia,2017,Junio,4.10889,0.613725,18.570019,1.268812,2.043542,0.310384,48.42981,1.685113,FMI_mensual_observado,FMI_mensual_observado,FMI_mensual_observado,interpolado_lineal,0
655,Colombia,2017,Julio,4.232303,0.626577,18.476683,1.266624,1.961036,0.292486,48.659078,1.687164,FMI_mensual_observado,FMI_mensual_observado,FMI_mensual_observado,interpolado_lineal,0
656,Colombia,2017,Agosto,4.263251,0.629741,18.434965,1.265642,1.909816,0.280992,48.888347,1.689205,FMI_mensual_observado,FMI_mensual_observado,FMI_mensual_observado,interpolado_lineal,0
657,Colombia,2017,Setiembre,4.306953,0.63417,18.034586,1.256106,1.87319,0.272582,49.117616,1.691237,FMI_mensual_observado,FMI_mensual_observado,FMI_mensual_observado,interpolado_lineal,0
658,Colombia,2017,Octubre,4.319035,0.635387,18.546236,1.268256,1.880339,0.274236,49.346884,1.69326,FMI_mensual_observado,FMI_mensual_observado,FMI_mensual_observado,interpolado_lineal,0
659,Colombia,2017,Noviembre,4.364467,0.639931,18.62341,1.270059,1.831861,0.262893,49.576153,1.695273,FMI_mensual_observado,FMI_mensual_observado,FMI_mensual_observado,interpolado_lineal,0
660,Colombia,2017,Diciembre,4.179781,0.621154,18.631246,1.270242,1.857827,0.269005,49.805421,1.697277,FMI_mensual_observado,FMI_mensual_observado,FMI_mensual_observado,BM_WDI_anual_observado,0
661,Colombia,2018,Enero,3.170526,0.501131,17.787646,1.250118,2.995198,0.476426,49.477529,1.694408,FMI_mensual_observado,FMI_mensual_observado,FMI_mensual_observado,interpolado_lineal,0
662,Colombia,2018,Febrero,3.215863,0.507298,17.593105,1.245342,2.309727,0.363561,49.149636,1.69152,FMI_mensual_observado,FMI_mensual_observado,FMI_mensual_observado,interpolado_lineal,0
663,Colombia,2018,Marzo,3.231764,0.50944,17.993038,1.255104,2.653172,0.423765,48.821743,1.688613,FMI_mensual_observado,FMI_mensual_observado,FMI_mensual_observado,interpolado_lineal,0
664,Colombia,2018,Abril,3.389011,0.530073,17.953877,1.254158,2.612901,0.417123,48.49385,1.685687,FMI_mensual_observado,FMI_mensual_observado,FMI_mensual_observado,interpolado_lineal,0
665,Colombia,2018,Mayo,3.471296,0.540492,17.861055,1.251907,2.439817,0.387357,48.165957,1.68274,FMI_mensual_observado,FMI_mensual_observado,FMI_mensual_observado,interpolado_lineal,0
666,Colombia,2018,Junio,3.532245,0.548051,17.940871,1.253844,2.416926,0.383263,47.838064,1.679774,FMI_mensual_observado,FMI_mensual_observado,FMI_mensual_observado,interpolado_lineal,0
667,Colombia,2018,Julio,3.61703,0.558352,17.83613,1.251301,2.381109,0.376779,47.510172,1.676787,FMI_mensual_observado,FMI_mensual_observado,FMI_mensual_observado,interpolado_lineal,0
668,Colombia,2018,Agosto,3.668586,0.564499,18.027769,1.255942,2.394752,0.379261,47.182279,1.673779,FMI_mensual_observado,FMI_mensual_observado,FMI_mensual_observado,interpolado_lineal,0
669,Colombia,2018,Setiembre,3.62108,0.558838,18.046737,1.256399,2.568046,0.409603,46.854386,1.67075,FMI_mensual_observado,FMI_mensual_observado,FMI_mensual_observado,interpolado_lineal,0
670,Colombia,2018,Octubre,3.573892,0.553141,18.027613,1.255938,2.703212,0.43188,46.526493,1.6677,FMI_mensual_observado,FMI_mensual_observado,FMI_mensual_observado,interpolado_lineal,0
671,Colombia,2018,Noviembre,3.552195,0.550497,17.906403,1.253008,2.731702,0.436433,46.1986,1.664629,FMI_mensual_observado,FMI_mensual_observado,FMI_mensual_observado,interpolado_lineal,0
672,Colombia,2018,Diciembre,3.427637,0.534995,17.76679,1.249609,2.74117,0.437936,45.870707,1.661535,FMI_mensual_observado,FMI_mensual_observado,FMI_mensual_observado,BM_WDI_anual_observado,0
673,Colombia,2019,Enero,3.495382,0.543495,17.677215,1.247414,2.224842,0.347299,45.884947,1.66167,FMI_mensual_observado,FMI_mensual_observado,FMI_mensual_observado,interpolado_lineal,0
674,Colombia,2019,Febrero,3.461192,0.539226,17.45745,1.241981,2.35617,0.372207,45.899186,1.661805,FMI_mensual_observado,FMI_mensual_observado,FMI_mensual_observado,interpolado_lineal,0
675,Colombia,2019,Marzo,3.376905,0.528519,17.570693,1.244789,2.555005,0.407392,45.913425,1.66194,FMI_mensual_observado,FMI_mensual_observado,FMI_mensual_observado,interpolado_lineal,0
676,Colombia,2019,Abril,3.492043,0.54308,17.441593,1.241586,2.483451,0.395056,45.927664,1.662074,FMI_mensual_observado,FMI_mensual_observado,FMI_mensual_observado,interpolado_lineal,0
677,Colombia,2019,Mayo,3.518241,0.546326,17.373123,1.239878,2.446501,0.388545,45.941904,1.662209,FMI_mensual_observado,FMI_mensual_observado,FMI_mensual_observado,interpolado_lineal,0
678,Colombia,2019,Junio,3.395789,0.530941,17.369582,1.239789,2.413198,0.382593,45.956143,1.662344,FMI_mensual_observado,FMI_mensual_observado,FMI_mensual_observado,interpolado_lineal,0
679,Colombia,2019,Julio,3.43045,0.535351,17.377366,1.239984,2.39477,0.379264,45.970382,1.662478,FMI_mensual_observado,FMI_mensual_observado,FMI_mensual_observado,interpolado_lineal,0
680,Colombia,2019,Agosto,3.264318,0.513792,17.251923,1.236838,2.398031,0.379855,45.984621,1.662613,FMI_mensual_observado,FMI_mensual_observado,FMI_mensual_observado,interpolado_lineal,0
681,Colombia,2019,Setiembre,3.236314,0.510051,17.161013,1.234543,2.368858,0.374539,45.99886,1.662747,FMI_mensual_observado,FMI_mensual_observado,FMI_mensual_observado,interpolado_lineal,0
682,Colombia,2019,Octubre,3.212796,0.506883,17.045851,1.231619,2.311287,0.363854,46.0131,1.662881,FMI_mensual_observado,FMI_mensual_observado,FMI_mensual_observado,interpolado_lineal,0
683,Colombia,2019,Noviembre,3.19376,0.504302,16.688345,1.222413,2.203377,0.343089,46.027339,1.663016,FMI_mensual_observado,FMI_mensual_observado,FMI_mensual_observado,interpolado_lineal,0
684,Colombia,2019,Diciembre,3.149631,0.49826,16.91056,1.228158,2.218001,0.345962,46.041578,1.66315,FMI_mensual_observado,FMI_mensual_observado,FMI_mensual_observado,BM_WDI_anual_observado,0
685,Colombia,2020,Enero,3.239561,0.510486,16.932063,1.22871,2.28736,0.359335,46.538012,1.667808,FMI_mensual_observado,FMI_mensual_observado,FMI_mensual_observado,interpolado_lineal,0
686,Colombia,2020,Febrero,3.264567,0.513826,16.741895,1.223805,2.011503,0.303521,47.034445,1.672416,FMI_mensual_observado,FMI_mensual_observado,FMI_mensual_observado,interpolado_lineal,0
687,Colombia,2020,Marzo,3.2642,0.513777,16.282542,1.211722,1.887926,0.275985,47.530878,1.676976,FMI_mensual_observado,FMI_mensual_observado,FMI_mensual_observado,interpolado_lineal,0
688,Colombia,2020,Abril,3.313941,0.520345,16.014333,1.204509,1.570945,0.196161,48.027312,1.681488,FMI_mensual_observado,FMI_mensual_observado,FMI_mensual_observado,interpolado_lineal,0
689,Colombia,2020,Mayo,3.23869,0.510369,15.977309,1.203504,1.526447,0.183682,48.523745,1.685954,FMI_mensual_observado,FMI_mensual_observado,FMI_mensual_observado,interpolado_lineal,0
690,Colombia,2020,Junio,3.205446,0.505888,15.714821,1.196309,1.220496,0.086536,49.020179,1.690375,FMI_mensual_observado,FMI_mensual_observado,FMI_mensual_observado,interpolado_lineal,0
691,Colombia,2020,Julio,3.059679,0.485676,17.641829,1.246544,1.180902,0.072214,49.516612,1.694751,FMI_mensual_observado,FMI_mensual_observado,FMI_mensual_observado,interpolado_lineal,0
692,Colombia,2020,Agosto,2.9645,0.471951,18.169349,1.259339,1.053466,0.022621,50.013045,1.699083,FMI_mensual_observado,FMI_mensual_observado,FMI_mensual_observado,interpolado_lineal,0
693,Colombia,2020,Setiembre,3.075628,0.487934,18.513747,1.267494,1.040974,0.01744,50.509479,1.703373,FMI_mensual_observado,FMI_mensual_observado,FMI_mensual_observado,interpolado_lineal,0
694,Colombia,2020,Octubre,3.295612,0.517936,18.64787,1.270629,0.95618,-0.01946,51.005912,1.707621,FMI_mensual_observado,FMI_mensual_observado,FMI_mensual_observado,interpolado_lineal,0
695,Colombia,2020,Noviembre,3.423043,0.534412,18.579945,1.269044,0.97398,-0.01145,51.502346,1.711827,FMI_mensual_observado,FMI_mensual_observado,FMI_mensual_observado,interpolado_lineal,0
696,Colombia,2020,Diciembre,3.674749,0.565228,19.170013,1.282622,0.939782,-0.026973,51.998779,1.715993,FMI_mensual_observado,FMI_mensual_observado,FMI_mensual_observado,BM_WDI_anual_observado,0
697,Colombia,2021,Enero,3.866601,0.587329,21.883783,1.340122,1.388428,0.142523,51.658248,1.71314,FMI_mensual_observado,FMI_mensual_observado,FMI_mensual_observado,interpolado_lineal,1
698,Colombia,2021,Febrero,3.732292,0.571976,21.642172,1.335301,1.311484,0.117763,51.317717,1.710267,FMI_mensual_observado,FMI_mensual_observado,FMI_mensual_observado,interpolado_lineal,1
699,Colombia,2021,Marzo,3.635875,0.560609,21.424865,1.330918,1.707781,0.232432,50.977186,1.707376,FMI_mensual_observado,FMI_mensual_observado,FMI_mensual_observado,interpolado_lineal,1
700,Colombia,2021,Abril,3.584885,0.554475,21.93574,1.341152,1.806605,0.256863,50.636655,1.704465,FMI_mensual_observado,FMI_mensual_observado,FMI_mensual_observado,interpolado_lineal,1
701,Colombia,2021,Mayo,3.557671,0.551166,22.23895,1.347114,1.73364,0.238959,50.296124,1.701535,FMI_mensual_observado,FMI_mensual_observado,FMI_mensual_observado,interpolado_lineal,1
702,Colombia,2021,Junio,3.487217,0.542479,22.121592,1.344816,1.79687,0.254517,49.955593,1.698584,FMI_mensual_observado,FMI_mensual_observado,FMI_mensual_observado,interpolado_lineal,1
703,Colombia,2021,Julio,3.452146,0.538089,22.101408,1.34442,2.091489,0.320456,49.615061,1.695614,FMI_mensual_observado,FMI_mensual_observado,FMI_mensual_observado,interpolado_lineal,1
704,Colombia,2021,Agosto,3.382687,0.529262,22.23314,1.347001,2.109173,0.324112,49.27453,1.692622,FMI_mensual_observado,FMI_mensual_observado,FMI_mensual_observado,interpolado_lineal,1
705,Colombia,2021,Setiembre,3.244014,0.511083,22.028785,1.342991,2.18027,0.33851,48.933999,1.689611,FMI_mensual_observado,FMI_mensual_observado,FMI_mensual_observado,interpolado_lineal,1
706,Colombia,2021,Octubre,3.186228,0.503277,22.103579,1.344463,2.233766,0.349038,48.593468,1.686578,FMI_mensual_observado,FMI_mensual_observado,FMI_mensual_observado,interpolado_lineal,1
707,Colombia,2021,Noviembre,3.131848,0.495801,22.027741,1.34297,2.215517,0.345475,48.252937,1.683524,FMI_mensual_observado,FMI_mensual_observado,FMI_mensual_observado,interpolado_lineal,1
708,Colombia,2021,Diciembre,3.034032,0.48202,22.24424,1.347218,2.336861,0.368633,47.912406,1.680448,FMI_mensual_observado,FMI_mensual_observado,FMI_mensual_observado,BM_WDI_anual_observado,1
709,Colombia,2022,Enero,3.063929,0.486279,21.551488,1.333477,2.249879,0.352159,47.602065,1.677626,FMI_mensual_observado,FMI_mensual_observado,FMI_mensual_observado,interpolado_lineal,1
710,Colombia,2022,Febrero,2.925716,0.466232,21.143378,1.325174,2.368913,0.374549,47.291724,1.674785,FMI_mensual_observado,FMI_mensual_observado,FMI_mensual_observado,interpolado_lineal,1
711,Colombia,2022,Marzo,2.833943,0.452391,18.305901,1.262591,3.227334,0.508844,46.981383,1.671926,FMI_mensual_observado,FMI_mensual_observado,FMI_mensual_observado,interpolado_lineal,0
712,Colombia,2022,Abril,2.772797,0.442918,18.281722,1.262017,3.178505,0.502223,46.671042,1.669047,FMI_mensual_observado,FMI_mensual_observado,FMI_mensual_observado,interpolado_lineal,0
713,Colombia,2022,Mayo,2.760282,0.440953,18.207751,1.260256,3.037496,0.482516,46.360701,1.66615,FMI_mensual_observado,FMI_mensual_observado,FMI_mensual_observado,interpolado_lineal,0
714,Colombia,2022,Junio,2.689083,0.429604,18.026393,1.255909,2.966057,0.472179,46.05036,1.663233,FMI_mensual_observado,FMI_mensual_observado,FMI_mensual_observado,interpolado_lineal,0
715,Colombia,2022,Julio,2.599605,0.414907,17.909628,1.253087,2.790587,0.445696,45.740018,1.660296,FMI_mensual_observado,FMI_mensual_observado,FMI_mensual_observado,interpolado_lineal,0
716,Colombia,2022,Agosto,2.469146,0.392547,18.230151,1.26079,2.785591,0.444917,45.429677,1.65734,FMI_mensual_observado,FMI_mensual_observado,FMI_mensual_observado,interpolado_lineal,0
717,Colombia,2022,Setiembre,2.567993,0.409594,18.412805,1.26512,2.696046,0.430727,45.119336,1.654363,FMI_mensual_observado,FMI_mensual_observado,FMI_mensual_observado,interpolado_lineal,0
718,Colombia,2022,Octubre,2.546226,0.405897,18.217739,1.260494,2.553138,0.407074,44.808995,1.651365,FMI_mensual_observado,FMI_mensual_observado,FMI_mensual_observado,interpolado_lineal,0
719,Colombia,2022,Noviembre,2.505276,0.398856,18.366887,1.264036,2.424906,0.384695,44.498654,1.648347,FMI_mensual_observado,FMI_mensual_observado,FMI_mensual_observado,interpolado_lineal,0
720,Colombia,2022,Diciembre,2.467973,0.39234,18.93744,1.277321,2.213915,0.345161,44.188313,1.645307,FMI_mensual_observado,FMI_mensual_observado,FMI_mensual_observado,BM_WDI_anual_observado,0
721,Colombia,2023,Enero,2.582364,0.412017,18.571797,1.268854,1.583495,0.199617,43.971677,1.643173,FMI_mensual_observado,FMI_mensual_observado,FMI_mensual_observado,interpolado_lineal,0
722,Colombia,2023,Febrero,2.629242,0.419831,18.438425,1.265724,1.566181,0.194842,43.755041,1.641028,FMI_mensual_observado,FMI_mensual_observado,FMI_mensual_observado,interpolado_lineal,0
723,Colombia,2023,Marzo,2.747549,0.438945,18.357082,1.263804,1.963307,0.292988,43.538406,1.638873,FMI_mensual_observado,FMI_mensual_observado,FMI_mensual_observado,interpolado_lineal,0
724,Colombia,2023,Abril,2.84418,0.453957,18.148782,1.258847,1.745779,0.241989,43.32177,1.636706,FMI_mensual_observado,FMI_mensual_observado,FMI_mensual_observado,interpolado_lineal,0
725,Colombia,2023,Mayo,3.015202,0.479316,18.028722,1.255965,1.538121,0.186991,43.105134,1.634529,FMI_mensual_observado,FMI_mensual_observado,FMI_mensual_observado,interpolado_lineal,0
726,Colombia,2023,Junio,3.122707,0.494531,18.032984,1.256068,1.431798,0.155882,42.888498,1.632341,FMI_mensual_observado,FMI_mensual_observado,FMI_mensual_observado,interpolado_lineal,0
727,Colombia,2023,Julio,3.191207,0.503955,17.902983,1.252925,1.319139,0.120291,42.671863,1.630142,FMI_mensual_observado,FMI_mensual_observado,FMI_mensual_observado,interpolado_lineal,0
728,Colombia,2023,Agosto,3.278248,0.515642,17.822759,1.250975,1.268053,0.103137,42.455227,1.627931,FMI_mensual_observado,FMI_mensual_observado,FMI_mensual_observado,interpolado_lineal,0
729,Colombia,2023,Setiembre,3.301133,0.518663,17.824471,1.251017,1.239076,0.093098,42.238591,1.625709,FMI_mensual_observado,FMI_mensual_observado,FMI_mensual_observado,interpolado_lineal,0
730,Colombia,2023,Octubre,3.428357,0.535086,17.908901,1.253069,1.166499,0.066884,42.021955,1.623476,FMI_mensual_observado,FMI_mensual_observado,FMI_mensual_observado,interpolado_lineal,0
731,Colombia,2023,Noviembre,3.474936,0.540947,17.897374,1.252789,1.157794,0.063631,41.80532,1.621232,FMI_mensual_observado,FMI_mensual_observado,FMI_mensual_observado,interpolado_lineal,0
732,Colombia,2023,Diciembre,3.472214,0.540606,18.470813,1.266486,1.188432,0.074974,41.588684,1.618975,FMI_mensual_observado,FMI_mensual_observado,FMI_mensual_observado,BM_WDI_anual_observado,0
733,Colombia,2024,Enero,3.602228,0.556571,18.618941,1.269955,1.058185,0.024562,41.404134,1.617044,FMI_mensual_observado,FMI_mensual_observado,FMI_mensual_observado,interpolado_lineal,0
734,Colombia,2024,Febrero,3.551416,0.550402,18.541811,1.268152,0.925147,-0.033789,41.219584,1.615104,FMI_mensual_observado,FMI_mensual_observado,FMI_mensual_observado,interpolado_lineal,0
735,Colombia,2024,Marzo,3.57325,0.553063,17.987449,1.25497,1.31288,0.118225,41.035034,1.613155,FMI_mensual_observado,FMI_mensual_observado,FMI_mensual_observado,interpolado_lineal,0
736,Colombia,2024,Abril,3.586609,0.554684,18.122371,1.258215,1.087181,0.036302,40.850483,1.611197,FMI_mensual_observado,FMI_mensual_observado,FMI_mensual_observado,interpolado_lineal,0
737,Colombia,2024,Mayo,3.606937,0.557139,18.091835,1.257483,1.033773,0.014425,40.665933,1.609231,FMI_mensual_observado,FMI_mensual_observado,FMI_mensual_observado,interpolado_lineal,0
738,Colombia,2024,Junio,3.589471,0.55503,18.044595,1.256347,1.103762,0.042875,40.481383,1.607255,FMI_mensual_observado,FMI_mensual_observado,FMI_mensual_observado,interpolado_lineal,0
739,Colombia,2024,Julio,3.639927,0.561093,18.621283,1.27001,1.106392,0.043909,40.296833,1.605271,FMI_mensual_observado,FMI_mensual_observado,FMI_mensual_observado,interpolado_lineal,0
740,Colombia,2024,Agosto,3.640308,0.561138,18.855153,1.27543,1.13773,0.056039,40.112283,1.603277,FMI_mensual_observado,FMI_mensual_observado,FMI_mensual_observado,interpolado_lineal,0
741,Colombia,2024,Setiembre,3.688784,0.566883,19.203866,1.283389,1.155136,0.062633,39.927733,1.601275,FMI_mensual_observado,FMI_mensual_observado,FMI_mensual_observado,interpolado_lineal,0
742,Colombia,2024,Octubre,3.672038,0.564907,18.929079,1.277129,1.11847,0.048624,39.743183,1.599263,FMI_mensual_observado,FMI_mensual_observado,FMI_mensual_observado,interpolado_lineal,0
743,Colombia,2024,Noviembre,3.64262,0.561414,18.908099,1.276648,1.112156,0.046166,39.558633,1.597241,FMI_mensual_observado,FMI_mensual_observado,FMI_mensual_observado,interpolado_lineal,0
744,Colombia,2024,Diciembre,3.545644,0.549695,18.88039,1.276011,1.132614,0.054082,39.374083,1.59521,FMI_mensual_observado,FMI_mensual_observado,FMI_mensual_observado,BM_WDI_anual_observado,0
745,Colombia,2025,Enero,3.558309,0.551244,19.030878,1.279459,1.436504,0.157307,39.414286,1.595654,FMI_mensual_observado,FMI_mensual_observado,FMI_mensual_observado,interpolado_lineal,0
746,Colombia,2025,Febrero,3.473714,0.540794,18.933691,1.277235,1.451949,0.161951,39.45449,1.596096,FMI_mensual_observado,FMI_mensual_observado,FMI_mensual_observado,interpolado_lineal,0
747,Colombia,2025,Marzo,3.435183,0.53595,18.432356,1.265581,1.774123,0.248984,39.494694,1.596539,FMI_mensual_observado,FMI_mensual_observado,FMI_mensual_observado,interpolado_lineal,0
748,Colombia,2025,Abril,3.408963,0.532622,18.643139,1.270519,1.730285,0.238118,39.534898,1.596981,FMI_mensual_observado,FMI_mensual_observado,FMI_mensual_observado,interpolado_lineal,0
749,Colombia,2025,Mayo,3.35086,0.525156,17.495088,1.242916,2.112349,0.324766,39.575102,1.597422,FMI_mensual_observado,FMI_mensual_observado,FMI_mensual_observado,interpolado_lineal,0
750,Colombia,2025,Junio,3.308336,0.51961,17.327075,1.238725,2.570342,0.409991,39.615305,1.597863,FMI_mensual_observado,FMI_mensual_observado,FMI_mensual_observado,interpolado_lineal,0
751,Colombia,2025,Julio,3.250734,0.511981,17.959419,1.254292,1.824366,0.261112,39.655509,1.598304,FMI_mensual_observado,FMI_mensual_observado,FMI_mensual_observado,interpolado_lineal,0
752,Colombia,2025,Agosto,3.184485,0.503039,18.086206,1.257347,1.811176,0.257961,39.695713,1.598744,FMI_mensual_observado,FMI_mensual_observado,FMI_mensual_observado,interpolado_lineal,0
753,Colombia,2025,Setiembre,3.14178,0.497176,18.322559,1.262986,1.86946,0.271716,39.735917,1.599183,FMI_mensual_observado,FMI_mensual_observado,FMI_mensual_observado,interpolado_lineal,0
754,Colombia,2025,Octubre,3.063403,0.486204,18.410178,1.265058,1.948484,0.289697,39.776121,1.599622,FMI_mensual_observado,FMI_mensual_observado,FMI_mensual_observado,interpolado_lineal,0
755,Colombia,2025,Noviembre,3.006428,0.478051,18.153771,1.258967,1.951352,0.290336,39.816324,1.600061,FMI_mensual_observado,FMI_mensual_observado,FMI_mensual_observado,interpolado_lineal,0
756,Colombia,2025,Diciembre,2.964674,0.471977,18.171683,1.259395,2.084903,0.319086,39.856528,1.600499,FMI_mensual_observado,FMI_mensual_observado,FMI_mensual_observado,BM_WDI_anual_observado,0
757,México,2005,Enero,2.493551,0.396818,12.798167,1.107148,2.255395,0.353223,14.206168,1.152477,FMI_mensual_observado,FMI_mensual_observado,imputado_media,interpolado_lineal,0
758,México,2005,Febrero,2.493372,0.396787,12.630677,1.101427,2.255395,0.353223,14.306843,1.155544,FMI_mensual_observado,FMI_mensual_observado,imputado_media,interpolado_lineal,0
759,México,2005,Marzo,2.416403,0.383169,12.747461,1.105424,1.969383,0.29433,14.407518,1.158589,FMI_mensual_observado,FMI_mensual_observado,FMI_trimestral_observado,interpolado_lineal,0
760,México,2005,Abril,2.405754,0.381251,13.003148,1.114049,2.126301,0.327625,14.508192,1.161613,FMI_mensual_observado,FMI_mensual_observado,interpolado_lineal,interpolado_lineal,0
761,México,2005,Mayo,2.63927,0.421484,13.273313,1.122979,2.283219,0.358548,14.608867,1.164617,FMI_mensual_observado,FMI_mensual_observado,interpolado_lineal,interpolado_lineal,0
762,México,2005,Junio,2.273925,0.356776,13.767091,1.138842,2.440138,0.387414,14.709542,1.167599,FMI_mensual_observado,FMI_mensual_observado,FMI_trimestral_observado,interpolado_lineal,0
763,México,2005,Julio,2.257807,0.353687,14.249123,1.153788,2.367372,0.374267,14.810217,1.170561,FMI_mensual_observado,FMI_mensual_observado,interpolado_lineal,interpolado_lineal,0
764,México,2005,Agosto,1.939478,0.287685,14.273358,1.154526,2.294606,0.360708,14.910892,1.173504,FMI_mensual_observado,FMI_mensual_observado,interpolado_lineal,interpolado_lineal,0
765,México,2005,Setiembre,1.981084,0.296903,13.264396,1.122687,2.22184,0.346713,15.011566,1.176426,FMI_mensual_observado,FMI_mensual_observado,FMI_trimestral_observado,interpolado_lineal,0
766,México,2005,Octubre,1.963479,0.293026,13.591118,1.133255,2.277966,0.357547,15.112241,1.179329,FMI_mensual_observado,FMI_mensual_observado,interpolado_lineal,interpolado_lineal,0
767,México,2005,Noviembre,1.964251,0.293197,13.465336,1.129217,2.334093,0.368118,15.212916,1.182212,FMI_mensual_observado,FMI_mensual_observado,interpolado_lineal,interpolado_lineal,0
768,México,2005,Diciembre,1.816382,0.259207,13.424105,1.127885,2.390219,0.378438,15.313591,1.185077,FMI_mensual_observado,FMI_mensual_observado,FMI_mensual_observado,BM_WDI_anual_observado,0
769,México,2006,Enero,1.826372,0.261589,15.671374,1.195107,2.411542,0.382295,15.566783,1.192199,FMI_mensual_observado,FMI_mensual_observado,FMI_mensual_observado,interpolado_lineal,0
770,México,2006,Febrero,1.856927,0.268795,15.744791,1.197137,2.448107,0.38883,15.819974,1.199206,FMI_mensual_observado,FMI_mensual_observado,FMI_mensual_observado,interpolado_lineal,0
771,México,2006,Marzo,1.670298,0.222794,16.01065,1.204409,2.068578,0.315672,16.073166,1.206101,FMI_mensual_observado,FMI_mensual_observado,FMI_mensual_observado,interpolado_lineal,0
772,México,2006,Abril,1.715784,0.234463,15.206796,1.182038,2.458285,0.390632,16.326358,1.212889,FMI_mensual_observado,FMI_mensual_observado,FMI_mensual_observado,interpolado_lineal,0
773,México,2006,Mayo,1.807393,0.257053,14.941882,1.174405,2.343602,0.369884,16.57955,1.219573,FMI_mensual_observado,FMI_mensual_observado,FMI_mensual_observado,interpolado_lineal,0
774,México,2006,Junio,1.821778,0.260495,14.589949,1.164054,2.370239,0.374792,16.832741,1.226155,FMI_mensual_observado,FMI_mensual_observado,FMI_mensual_observado,interpolado_lineal,0
775,México,2006,Julio,1.861888,0.269954,14.777918,1.169613,2.542376,0.40524,17.085933,1.232639,FMI_mensual_observado,FMI_mensual_observado,FMI_mensual_observado,interpolado_lineal,0
776,México,2006,Agosto,1.922882,0.283953,14.859112,1.171993,2.566203,0.409291,17.339125,1.239027,FMI_mensual_observado,FMI_mensual_observado,FMI_mensual_observado,interpolado_lineal,0
777,México,2006,Setiembre,1.964757,0.293309,15.176162,1.181162,2.752653,0.439751,17.592316,1.245323,FMI_mensual_observado,FMI_mensual_observado,FMI_mensual_observado,interpolado_lineal,0
778,México,2006,Octubre,2.019797,0.305308,15.864945,1.200439,2.820252,0.450288,17.845508,1.251529,FMI_mensual_observado,FMI_mensual_observado,FMI_mensual_observado,interpolado_lineal,0
779,México,2006,Noviembre,2.095785,0.321347,16.051619,1.205519,2.891286,0.461091,18.0987,1.257647,FMI_mensual_observado,FMI_mensual_observado,FMI_mensual_observado,interpolado_lineal,0
780,México,2006,Diciembre,1.994421,0.299817,16.085613,1.206438,2.842006,0.453625,18.351892,1.263681,FMI_mensual_observado,FMI_mensual_observado,FMI_mensual_observado,BM_WDI_anual_observado,0
781,México,2007,Enero,2.097404,0.321682,16.268078,1.211336,2.740704,0.437862,18.525857,1.267778,FMI_mensual_observado,FMI_mensual_observado,FMI_mensual_observado,interpolado_lineal,0
782,México,2007,Febrero,2.164951,0.335448,16.420028,1.215374,2.702795,0.431813,18.699821,1.271837,FMI_mensual_observado,FMI_mensual_observado,FMI_mensual_observado,interpolado_lineal,0
783,México,2007,Marzo,2.158044,0.33406,16.101345,1.206862,3.170005,0.50106,18.873786,1.275859,FMI_mensual_observado,FMI_mensual_observado,FMI_mensual_observado,interpolado_lineal,0
784,México,2007,Abril,2.273795,0.356751,16.008221,1.204343,2.727612,0.435783,19.047751,1.279844,FMI_mensual_observado,FMI_mensual_observado,FMI_mensual_observado,interpolado_lineal,0
785,México,2007,Mayo,2.328637,0.367102,16.380098,1.214316,2.758658,0.440698,19.221716,1.283792,FMI_mensual_observado,FMI_mensual_observado,FMI_mensual_observado,interpolado_lineal,0
786,México,2007,Junio,2.328856,0.367143,15.885172,1.200992,2.688957,0.429584,19.395681,1.287705,FMI_mensual_observado,FMI_mensual_observado,FMI_mensual_observado,interpolado_lineal,0
787,México,2007,Julio,2.489282,0.396074,15.495975,1.190219,2.542158,0.405203,19.569646,1.291583,FMI_mensual_observado,FMI_mensual_observado,FMI_mensual_observado,interpolado_lineal,0
788,México,2007,Agosto,2.451866,0.389497,15.82306,1.19929,2.433847,0.386293,19.74361,1.295427,FMI_mensual_observado,FMI_mensual_observado,FMI_mensual_observado,interpolado_lineal,0
789,México,2007,Setiembre,2.477917,0.394087,15.909193,1.201648,2.513113,0.400212,19.917575,1.299236,FMI_mensual_observado,FMI_mensual_observado,FMI_mensual_observado,interpolado_lineal,0
790,México,2007,Octubre,2.530805,0.403259,15.756789,1.197468,2.449908,0.38915,20.09154,1.303013,FMI_mensual_observado,FMI_mensual_observado,FMI_mensual_observado,interpolado_lineal,0
791,México,2007,Noviembre,2.526772,0.402566,15.526834,1.191083,2.296396,0.361047,20.265505,1.306757,FMI_mensual_observado,FMI_mensual_observado,FMI_mensual_observado,interpolado_lineal,0
792,México,2007,Diciembre,2.541313,0.405058,15.894199,1.201239,2.346224,0.370369,20.43947,1.31047,FMI_mensual_observado,FMI_mensual_observado,FMI_mensual_observado,BM_WDI_anual_observado,0
793,México,2008,Enero,2.550499,0.406625,16.071956,1.206069,2.474024,0.393404,20.382462,1.309257,FMI_mensual_observado,FMI_mensual_observado,FMI_mensual_observado,interpolado_lineal,0
794,México,2008,Febrero,2.516558,0.400807,16.239321,1.210568,2.496674,0.397362,20.325454,1.30804,FMI_mensual_observado,FMI_mensual_observado,FMI_mensual_observado,interpolado_lineal,0
795,México,2008,Marzo,2.467829,0.392315,15.995131,1.203988,2.406949,0.381467,20.268446,1.30682,FMI_mensual_observado,FMI_mensual_observado,FMI_mensual_observado,interpolado_lineal,0
796,México,2008,Abril,2.738118,0.437452,15.559452,1.191994,2.271249,0.356265,20.211438,1.305597,FMI_mensual_observado,FMI_mensual_observado,FMI_mensual_observado,interpolado_lineal,0
797,México,2008,Mayo,2.882562,0.459779,15.54933,1.191712,2.13681,0.329766,20.15443,1.304371,FMI_mensual_observado,FMI_mensual_observado,FMI_mensual_observado,interpolado_lineal,0
798,México,2008,Junio,2.829648,0.451732,15.177824,1.18121,1.963448,0.293019,20.097423,1.30314,FMI_mensual_observado,FMI_mensual_observado,FMI_mensual_observado,interpolado_lineal,0
799,México,2008,Julio,2.919068,0.465244,15.152601,1.180487,1.857974,0.26904,20.040415,1.301907,FMI_mensual_observado,FMI_mensual_observado,FMI_mensual_observado,interpolado_lineal,0
800,México,2008,Agosto,2.956825,0.470826,15.275478,1.183995,1.848142,0.266735,19.983407,1.30067,FMI_mensual_observado,FMI_mensual_observado,FMI_mensual_observado,interpolado_lineal,0
801,México,2008,Setiembre,3.037195,0.482473,15.300149,1.184696,1.602735,0.204862,19.926399,1.299429,FMI_mensual_observado,FMI_mensual_observado,FMI_mensual_observado,interpolado_lineal,0
802,México,2008,Octubre,3.320526,0.521207,14.340125,1.156553,1.540178,0.187571,19.869391,1.298185,FMI_mensual_observado,FMI_mensual_observado,FMI_mensual_observado,interpolado_lineal,0
803,México,2008,Noviembre,3.521653,0.546747,14.47909,1.160741,1.499724,0.176011,19.812383,1.296937,FMI_mensual_observado,FMI_mensual_observado,FMI_mensual_observado,interpolado_lineal,1
804,México,2008,Diciembre,3.208025,0.506238,15.314174,1.185094,1.504185,0.177301,19.755375,1.295685,FMI_mensual_observado,FMI_mensual_observado,FMI_mensual_observado,BM_WDI_anual_observado,0
805,México,2009,Enero,3.355696,0.525783,15.239581,1.182973,1.468489,0.166871,19.910088,1.299073,FMI_mensual_observado,FMI_mensual_observado,FMI_mensual_observado,interpolado_lineal,0
806,México,2009,Febrero,3.415965,0.533513,15.112596,1.179339,1.318193,0.119979,20.0648,1.302435,FMI_mensual_observado,FMI_mensual_observado,FMI_mensual_observado,interpolado_lineal,0
807,México,2009,Marzo,3.427425,0.534968,15.453433,1.189025,1.346888,0.129331,20.219512,1.305771,FMI_mensual_observado,FMI_mensual_observado,FMI_mensual_observado,interpolado_lineal,0
808,México,2009,Abril,3.63192,0.560136,16.016089,1.204556,1.517215,0.181047,20.374224,1.309081,FMI_mensual_observado,FMI_mensual_observado,FMI_mensual_observado,interpolado_lineal,1
809,México,2009,Mayo,3.860016,0.586589,16.212181,1.209841,1.562215,0.193741,20.528937,1.312366,FMI_mensual_observado,FMI_mensual_observado,FMI_mensual_observado,interpolado_lineal,1
810,México,2009,Junio,3.844231,0.584809,16.182584,1.209048,1.638439,0.21443,20.683649,1.315627,FMI_mensual_observado,FMI_mensual_observado,FMI_mensual_observado,interpolado_lineal,1
811,México,2009,Julio,3.764021,0.575652,16.10473,1.206953,1.680417,0.225417,20.838361,1.318864,FMI_mensual_observado,FMI_mensual_observado,FMI_mensual_observado,interpolado_lineal,1
812,México,2009,Agosto,3.609081,0.557397,15.722187,1.196513,1.63442,0.213364,20.993073,1.322076,FMI_mensual_observado,FMI_mensual_observado,FMI_mensual_observado,interpolado_lineal,1
813,México,2009,Setiembre,3.433367,0.53572,15.945672,1.202643,1.756432,0.244631,21.147786,1.325265,FMI_mensual_observado,FMI_mensual_observado,FMI_mensual_observado,interpolado_lineal,0
814,México,2009,Octubre,3.38334,0.529346,16.019052,1.204637,1.748297,0.242615,21.302498,1.328431,FMI_mensual_observado,FMI_mensual_observado,FMI_mensual_observado,interpolado_lineal,0
815,México,2009,Noviembre,3.336367,0.523274,16.167043,1.208631,1.758503,0.245143,21.45721,1.331573,FMI_mensual_observado,FMI_mensual_observado,FMI_mensual_observado,interpolado_lineal,0
816,México,2009,Diciembre,3.069036,0.487002,16.51142,1.217784,1.600638,0.204293,21.611923,1.334693,FMI_mensual_observado,FMI_mensual_observado,FMI_mensual_observado,BM_WDI_anual_observado,0
817,México,2010,Enero,3.052401,0.484642,16.53403,1.218379,1.591213,0.201728,21.671244,1.335884,FMI_mensual_observado,FMI_mensual_observado,FMI_mensual_observado,interpolado_lineal,0
818,México,2010,Febrero,2.942074,0.468654,16.423691,1.215471,1.694494,0.22904,21.730565,1.337071,FMI_mensual_observado,FMI_mensual_observado,FMI_mensual_observado,interpolado_lineal,0
819,México,2010,Marzo,2.769955,0.442473,16.474214,1.216805,1.669255,0.222523,21.789886,1.338255,FMI_mensual_observado,FMI_mensual_observado,FMI_mensual_observado,interpolado_lineal,0
820,México,2010,Abril,2.859411,0.456277,17.034518,1.23133,1.629174,0.211967,21.849207,1.339436,FMI_mensual_observado,FMI_mensual_observado,FMI_mensual_observado,interpolado_lineal,0
821,México,2010,Mayo,2.877549,0.459023,17.707421,1.248155,1.715716,0.234445,21.908528,1.340613,FMI_mensual_observado,FMI_mensual_observado,FMI_mensual_observado,interpolado_lineal,0
822,México,2010,Junio,2.678201,0.427843,17.566255,1.244679,1.752714,0.243711,21.967849,1.341788,FMI_mensual_observado,FMI_mensual_observado,FMI_mensual_observado,interpolado_lineal,0
823,México,2010,Julio,2.704842,0.432142,17.318045,1.238499,1.788628,0.25252,22.02717,1.342959,FMI_mensual_observado,FMI_mensual_observado,FMI_mensual_observado,interpolado_lineal,0
824,México,2010,Agosto,2.605887,0.415956,17.246125,1.236692,1.842214,0.26534,22.086491,1.344127,FMI_mensual_observado,FMI_mensual_observado,FMI_mensual_observado,interpolado_lineal,0
825,México,2010,Setiembre,2.477576,0.394027,17.10211,1.23305,1.841873,0.26526,22.145812,1.345292,FMI_mensual_observado,FMI_mensual_observado,FMI_mensual_observado,interpolado_lineal,0
826,México,2010,Octubre,2.454832,0.390022,17.447977,1.241745,1.866301,0.270982,22.205133,1.346453,FMI_mensual_observado,FMI_mensual_observado,FMI_mensual_observado,interpolado_lineal,0
827,México,2010,Noviembre,2.458284,0.390632,17.44024,1.241552,1.859475,0.26939,22.264454,1.347612,FMI_mensual_observado,FMI_mensual_observado,FMI_mensual_observado,interpolado_lineal,0
828,México,2010,Diciembre,2.328386,0.367055,16.819071,1.225802,1.893907,0.277359,22.323775,1.348768,FMI_mensual_observado,FMI_mensual_observado,FMI_mensual_observado,BM_WDI_anual_observado,0
829,México,2011,Enero,2.328008,0.366984,16.847038,1.226524,1.870288,0.271908,22.428863,1.350807,FMI_mensual_observado,FMI_mensual_observado,FMI_mensual_observado,interpolado_lineal,0
830,México,2011,Febrero,2.220618,0.346474,16.905855,1.228037,1.845406,0.266092,22.533951,1.352837,FMI_mensual_observado,FMI_mensual_observado,FMI_mensual_observado,interpolado_lineal,0
831,México,2011,Marzo,2.231138,0.348526,16.838808,1.226311,1.770192,0.24802,22.639039,1.354858,FMI_mensual_observado,FMI_mensual_observado,FMI_mensual_observado,interpolado_lineal,0
832,México,2011,Abril,2.249935,0.35217,16.587739,1.219787,1.764972,0.246738,22.744128,1.356869,FMI_mensual_observado,FMI_mensual_observado,FMI_mensual_observado,interpolado_lineal,0
833,México,2011,Mayo,2.54784,0.406172,16.71418,1.223085,1.725781,0.236986,22.849216,1.358871,FMI_mensual_observado,FMI_mensual_observado,FMI_mensual_observado,interpolado_lineal,0
834,México,2011,Junio,2.634901,0.420764,16.4775,1.216891,1.743371,0.24139,22.954304,1.360864,FMI_mensual_observado,FMI_mensual_observado,FMI_mensual_observado,interpolado_lineal,0
835,México,2011,Julio,2.67946,0.428047,16.395103,1.214714,1.705972,0.231972,23.059392,1.362848,FMI_mensual_observado,FMI_mensual_observado,FMI_mensual_observado,interpolado_lineal,0
836,México,2011,Agosto,2.684516,0.428866,16.2234,1.210142,1.645847,0.216389,23.16448,1.364823,FMI_mensual_observado,FMI_mensual_observado,FMI_mensual_observado,interpolado_lineal,0
837,México,2011,Setiembre,2.814915,0.449465,15.921057,1.201972,1.642842,0.215596,23.269568,1.366788,FMI_mensual_observado,FMI_mensual_observado,FMI_mensual_observado,interpolado_lineal,0
838,México,2011,Octubre,2.971851,0.473027,16.061834,1.205795,1.630922,0.212433,23.374657,1.368745,FMI_mensual_observado,FMI_mensual_observado,FMI_mensual_observado,interpolado_lineal,0
839,México,2011,Noviembre,2.967966,0.472459,15.846647,1.199937,1.637886,0.214284,23.479745,1.370693,FMI_mensual_observado,FMI_mensual_observado,FMI_mensual_observado,interpolado_lineal,0
840,México,2011,Diciembre,2.446851,0.388608,15.66887,1.195038,1.653008,0.218275,23.584833,1.372633,FMI_mensual_observado,FMI_mensual_observado,FMI_mensual_observado,BM_WDI_anual_observado,0
841,México,2012,Enero,2.435113,0.386519,15.606002,1.193292,1.702592,0.231111,23.696685,1.374688,FMI_mensual_observado,FMI_mensual_observado,FMI_mensual_observado,interpolado_lineal,0
842,México,2012,Febrero,2.442429,0.387822,15.319095,1.185233,1.705465,0.231843,23.808537,1.376733,FMI_mensual_observado,FMI_mensual_observado,FMI_mensual_observado,interpolado_lineal,0
843,México,2012,Marzo,2.443961,0.388094,15.724944,1.196589,1.725481,0.23691,23.920389,1.378768,FMI_mensual_observado,FMI_mensual_observado,FMI_mensual_observado,interpolado_lineal,0
844,México,2012,Abril,2.51795,0.401047,15.597189,1.193046,1.712469,0.233623,24.032241,1.380794,FMI_mensual_observado,FMI_mensual_observado,FMI_mensual_observado,interpolado_lineal,0
845,México,2012,Mayo,2.5518,0.406847,15.256751,1.183462,1.729215,0.237849,24.144093,1.382811,FMI_mensual_observado,FMI_mensual_observado,FMI_mensual_observado,interpolado_lineal,0
846,México,2012,Junio,2.494035,0.396903,15.955979,1.202923,1.744551,0.241684,24.255945,1.384818,FMI_mensual_observado,FMI_mensual_observado,FMI_mensual_observado,interpolado_lineal,0
847,México,2012,Julio,2.520175,0.401431,16.31695,1.212639,1.775543,0.249331,24.367797,1.386816,FMI_mensual_observado,FMI_mensual_observado,FMI_mensual_observado,interpolado_lineal,0
848,México,2012,Agosto,2.593796,0.413936,16.171091,1.208739,1.811011,0.257921,24.479649,1.388805,FMI_mensual_observado,FMI_mensual_observado,FMI_mensual_observado,interpolado_lineal,0
849,México,2012,Setiembre,2.54218,0.405206,16.214973,1.209916,1.81122,0.257971,24.5915,1.390785,FMI_mensual_observado,FMI_mensual_observado,FMI_mensual_observado,interpolado_lineal,0
850,México,2012,Octubre,2.50405,0.398643,16.069119,1.205992,1.817304,0.259428,24.703352,1.392756,FMI_mensual_observado,FMI_mensual_observado,FMI_mensual_observado,interpolado_lineal,0
851,México,2012,Noviembre,2.521687,0.401691,15.71062,1.196193,1.83791,0.264324,24.815204,1.394718,FMI_mensual_observado,FMI_mensual_observado,FMI_mensual_observado,interpolado_lineal,0
852,México,2012,Diciembre,2.52922,0.402987,15.953105,1.202845,1.874219,0.27282,24.927056,1.396671,FMI_mensual_observado,FMI_mensual_observado,FMI_mensual_observado,BM_WDI_anual_observado,0
853,México,2013,Enero,2.60784,0.416281,16.243239,1.210673,2.036164,0.308813,25.17139,1.400907,FMI_mensual_observado,FMI_mensual_observado,FMI_mensual_observado,interpolado_lineal,0
854,México,2013,Febrero,2.613618,0.417242,16.502733,1.217556,2.025785,0.306593,25.415724,1.405102,FMI_mensual_observado,FMI_mensual_observado,FMI_mensual_observado,interpolado_lineal,0
855,México,2013,Marzo,2.641093,0.421784,16.596639,1.22002,2.034493,0.308456,25.660057,1.409258,FMI_mensual_observado,FMI_mensual_observado,FMI_mensual_observado,interpolado_lineal,0
856,México,2013,Abril,2.762568,0.441313,16.265545,1.211269,2.037727,0.309146,25.904391,1.413373,FMI_mensual_observado,FMI_mensual_observado,FMI_mensual_observado,interpolado_lineal,0
857,México,2013,Mayo,3.083762,0.489081,16.27197,1.21144,2.061285,0.314138,26.148724,1.417451,FMI_mensual_observado,FMI_mensual_observado,FMI_mensual_observado,interpolado_lineal,0
858,México,2013,Junio,3.004123,0.477718,16.226512,1.210225,2.007821,0.302725,26.393058,1.42149,FMI_mensual_observado,FMI_mensual_observado,FMI_mensual_observado,interpolado_lineal,0
859,México,2013,Julio,3.248389,0.511668,16.217203,1.209976,1.976183,0.295827,26.637391,1.425492,FMI_mensual_observado,FMI_mensual_observado,FMI_mensual_observado,interpolado_lineal,0
860,México,2013,Agosto,3.255037,0.512556,16.023683,1.204762,1.990935,0.299057,26.881725,1.429457,FMI_mensual_observado,FMI_mensual_observado,FMI_mensual_observado,interpolado_lineal,0
861,México,2013,Setiembre,3.41183,0.532987,16.114628,1.20722,2.044583,0.310605,27.126059,1.433387,FMI_mensual_observado,FMI_mensual_observado,FMI_mensual_observado,interpolado_lineal,0
862,México,2013,Octubre,3.461741,0.539295,15.947349,1.202688,2.042515,0.310165,27.370392,1.437281,FMI_mensual_observado,FMI_mensual_observado,FMI_mensual_observado,interpolado_lineal,0
863,México,2013,Noviembre,3.371859,0.527869,15.652796,1.194592,2.116093,0.325535,27.614726,1.441141,FMI_mensual_observado,FMI_mensual_observado,FMI_mensual_observado,interpolado_lineal,0
864,México,2013,Diciembre,3.36157,0.526542,15.533249,1.191262,2.060613,0.313996,27.859059,1.444966,FMI_mensual_observado,FMI_mensual_observado,FMI_mensual_observado,BM_WDI_anual_observado,0
865,México,2014,Enero,3.430126,0.53531,15.223581,1.182517,1.816328,0.259194,27.886111,1.445388,FMI_mensual_observado,FMI_mensual_observado,FMI_mensual_observado,interpolado_lineal,0
866,México,2014,Febrero,3.387042,0.529821,15.442073,1.188706,1.855253,0.268403,27.913163,1.445809,FMI_mensual_observado,FMI_mensual_observado,FMI_mensual_observado,interpolado_lineal,0
867,México,2014,Marzo,3.374212,0.528172,15.575867,1.192452,1.85947,0.269389,27.940215,1.44623,FMI_mensual_observado,FMI_mensual_observado,FMI_mensual_observado,interpolado_lineal,0
868,México,2014,Abril,3.382978,0.529299,15.624777,1.193814,1.845894,0.266207,27.967267,1.44665,FMI_mensual_observado,FMI_mensual_observado,FMI_mensual_observado,interpolado_lineal,0
869,México,2014,Mayo,3.356421,0.525876,15.43955,1.188635,1.791177,0.253139,27.994319,1.44707,FMI_mensual_observado,FMI_mensual_observado,FMI_mensual_observado,interpolado_lineal,0
870,México,2014,Junio,3.319022,0.52101,15.90184,1.201447,1.856094,0.2686,28.021371,1.447489,FMI_mensual_observado,FMI_mensual_observado,FMI_mensual_observado,interpolado_lineal,0
871,México,2014,Julio,3.352001,0.525304,15.866343,1.200477,1.901728,0.279148,28.048423,1.447908,FMI_mensual_observado,FMI_mensual_observado,FMI_mensual_observado,interpolado_lineal,0
872,México,2014,Agosto,3.346885,0.524641,15.798028,1.198603,1.876646,0.273382,28.075475,1.448327,FMI_mensual_observado,FMI_mensual_observado,FMI_mensual_observado,interpolado_lineal,0
873,México,2014,Setiembre,3.406296,0.532282,15.888771,1.20109,1.812001,0.258158,28.102526,1.448745,FMI_mensual_observado,FMI_mensual_observado,FMI_mensual_observado,interpolado_lineal,0
874,México,2014,Octubre,3.390084,0.53021,15.8599,1.2003,1.770402,0.248072,28.129578,1.449163,FMI_mensual_observado,FMI_mensual_observado,FMI_mensual_observado,interpolado_lineal,0
875,México,2014,Noviembre,3.324116,0.521676,15.545289,1.191599,1.705488,0.231849,28.15663,1.449581,FMI_mensual_observado,FMI_mensual_observado,FMI_mensual_observado,interpolado_lineal,0
876,México,2014,Diciembre,3.134023,0.496102,15.760352,1.197566,1.708125,0.23252,28.183682,1.449998,FMI_mensual_observado,FMI_mensual_observado,FMI_mensual_observado,BM_WDI_anual_observado,0
877,México,2015,Enero,3.130478,0.495611,15.581364,1.192605,1.720135,0.235563,28.40425,1.453383,FMI_mensual_observado,FMI_mensual_observado,FMI_mensual_observado,interpolado_lineal,0
878,México,2015,Febrero,3.154393,0.498916,15.50194,1.190386,1.6935,0.228785,28.624818,1.456743,FMI_mensual_observado,FMI_mensual_observado,FMI_mensual_observado,interpolado_lineal,0
879,México,2015,Marzo,3.038787,0.4827,15.568475,1.192246,1.723169,0.236328,28.845386,1.460076,FMI_mensual_observado,FMI_mensual_observado,FMI_mensual_observado,interpolado_lineal,0
880,México,2015,Abril,3.051519,0.484516,15.318851,1.185226,1.747778,0.242486,29.065954,1.463385,FMI_mensual_observado,FMI_mensual_observado,FMI_mensual_observado,interpolado_lineal,0
881,México,2015,Mayo,3.055214,0.485042,15.213949,1.182242,1.76781,0.247436,29.286522,1.466668,FMI_mensual_observado,FMI_mensual_observado,FMI_mensual_observado,interpolado_lineal,0
882,México,2015,Junio,3.038559,0.482668,15.531977,1.191227,1.791027,0.253102,29.50709,1.469926,FMI_mensual_observado,FMI_mensual_observado,FMI_mensual_observado,interpolado_lineal,0
883,México,2015,Julio,2.946675,0.469332,15.468237,1.189441,1.722575,0.236178,29.727658,1.473161,FMI_mensual_observado,FMI_mensual_observado,FMI_mensual_observado,interpolado_lineal,0
884,México,2015,Agosto,2.947488,0.469452,15.264925,1.183695,1.684968,0.226592,29.948226,1.476371,FMI_mensual_observado,FMI_mensual_observado,FMI_mensual_observado,interpolado_lineal,0
885,México,2015,Setiembre,2.857683,0.456014,15.343054,1.185912,1.666965,0.221926,30.168794,1.479558,FMI_mensual_observado,FMI_mensual_observado,FMI_mensual_observado,interpolado_lineal,0
886,México,2015,Octubre,2.847275,0.454429,15.0203,1.176679,1.741885,0.241019,30.389362,1.482722,FMI_mensual_observado,FMI_mensual_observado,FMI_mensual_observado,interpolado_lineal,0
887,México,2015,Noviembre,2.803046,0.44763,15.034098,1.177077,1.708455,0.232604,30.60993,1.485862,FMI_mensual_observado,FMI_mensual_observado,FMI_mensual_observado,interpolado_lineal,0
888,México,2015,Diciembre,2.60441,0.415709,14.964188,1.175053,1.691131,0.228177,30.830498,1.488981,FMI_mensual_observado,FMI_mensual_observado,FMI_mensual_observado,BM_WDI_anual_observado,0
889,México,2016,Enero,2.601008,0.415142,14.615278,1.164807,1.687754,0.227309,31.007193,1.491462,FMI_mensual_observado,FMI_mensual_observado,FMI_mensual_observado,interpolado_lineal,0
890,México,2016,Febrero,2.599312,0.414858,14.519814,1.161961,1.705101,0.23175,31.183889,1.49393,FMI_mensual_observado,FMI_mensual_observado,FMI_mensual_observado,interpolado_lineal,0
891,México,2016,Marzo,2.556112,0.40758,14.882119,1.172665,1.680661,0.22548,31.360584,1.496384,FMI_mensual_observado,FMI_mensual_observado,FMI_mensual_observado,interpolado_lineal,0
892,México,2016,Abril,2.530164,0.403149,14.887905,1.172834,1.698201,0.229989,31.537279,1.498824,FMI_mensual_observado,FMI_mensual_observado,FMI_mensual_observado,interpolado_lineal,0
893,México,2016,Mayo,2.526356,0.402495,14.879676,1.172593,1.699811,0.230401,31.713975,1.501251,FMI_mensual_observado,FMI_mensual_observado,FMI_mensual_observado,interpolado_lineal,0
894,México,2016,Junio,2.442413,0.387819,14.796781,1.170167,1.617909,0.208954,31.89067,1.503664,FMI_mensual_observado,FMI_mensual_observado,FMI_mensual_observado,interpolado_lineal,0
895,México,2016,Julio,2.415436,0.382996,14.840033,1.171435,1.651541,0.217889,32.067366,1.506063,FMI_mensual_observado,FMI_mensual_observado,FMI_mensual_observado,interpolado_lineal,0
896,México,2016,Agosto,2.415188,0.382951,14.888884,1.172862,1.697567,0.229827,32.244061,1.50845,FMI_mensual_observado,FMI_mensual_observado,FMI_mensual_observado,interpolado_lineal,0
897,México,2016,Setiembre,2.367034,0.374204,14.731639,1.168251,1.694985,0.229166,32.420756,1.510823,FMI_mensual_observado,FMI_mensual_observado,FMI_mensual_observado,interpolado_lineal,0
898,México,2016,Octubre,2.299616,0.361655,15.179518,1.181258,1.698614,0.230095,32.597452,1.513184,FMI_mensual_observado,FMI_mensual_observado,FMI_mensual_observado,interpolado_lineal,0
899,México,2016,Noviembre,2.272873,0.356575,15.01247,1.176452,1.704156,0.231509,32.774147,1.515531,FMI_mensual_observado,FMI_mensual_observado,FMI_mensual_observado,interpolado_lineal,0
900,México,2016,Diciembre,2.146763,0.331784,14.898867,1.173153,1.732721,0.238729,32.950842,1.517867,FMI_mensual_observado,FMI_mensual_observado,FMI_mensual_observado,BM_WDI_anual_observado,0
901,México,2017,Enero,2.17778,0.338014,15.078116,1.178347,1.819165,0.259872,33.066866,1.519393,FMI_mensual_observado,FMI_mensual_observado,FMI_mensual_observado,interpolado_lineal,0
902,México,2017,Febrero,2.18983,0.34041,15.078992,1.178372,1.804428,0.25634,33.18289,1.520914,FMI_mensual_observado,FMI_mensual_observado,FMI_mensual_observado,interpolado_lineal,0
903,México,2017,Marzo,2.175141,0.337487,15.249538,1.183257,1.838954,0.264571,33.298913,1.52243,FMI_mensual_observado,FMI_mensual_observado,FMI_mensual_observado,interpolado_lineal,0
904,México,2017,Abril,2.149536,0.332345,15.311785,1.185026,1.832055,0.262939,33.414937,1.523941,FMI_mensual_observado,FMI_mensual_observado,FMI_mensual_observado,interpolado_lineal,0
905,México,2017,Mayo,2.193243,0.341087,15.175105,1.181132,1.846842,0.26643,33.53096,1.525446,FMI_mensual_observado,FMI_mensual_observado,FMI_mensual_observado,interpolado_lineal,0
906,México,2017,Junio,2.110149,0.324313,15.383823,1.187064,1.908495,0.280691,33.646984,1.526946,FMI_mensual_observado,FMI_mensual_observado,FMI_mensual_observado,interpolado_lineal,0
907,México,2017,Julio,2.131367,0.328658,15.64881,1.194481,1.918597,0.282984,33.763008,1.528441,FMI_mensual_observado,FMI_mensual_observado,FMI_mensual_observado,interpolado_lineal,0
908,México,2017,Agosto,2.11681,0.325682,15.791657,1.198428,1.942033,0.288257,33.879031,1.529931,FMI_mensual_observado,FMI_mensual_observado,FMI_mensual_observado,interpolado_lineal,0
909,México,2017,Setiembre,2.090207,0.320189,15.706638,1.196083,1.992812,0.299466,33.995055,1.531416,FMI_mensual_observado,FMI_mensual_observado,FMI_mensual_observado,interpolado_lineal,0
910,México,2017,Octubre,2.174521,0.337364,15.73495,1.196865,1.96524,0.293416,34.111078,1.532895,FMI_mensual_observado,FMI_mensual_observado,FMI_mensual_observado,interpolado_lineal,0
911,México,2017,Noviembre,2.203338,0.343081,15.751521,1.197322,2.039646,0.309555,34.227102,1.53437,FMI_mensual_observado,FMI_mensual_observado,FMI_mensual_observado,interpolado_lineal,0
912,México,2017,Diciembre,2.146058,0.331641,15.57299,1.192372,2.082603,0.318606,34.343126,1.53584,FMI_mensual_observado,FMI_mensual_observado,FMI_mensual_observado,BM_WDI_anual_observado,0
913,México,2018,Enero,2.183654,0.339184,15.922765,1.202018,2.065379,0.315,34.282467,1.535072,FMI_mensual_observado,FMI_mensual_observado,FMI_mensual_observado,interpolado_lineal,0
914,México,2018,Febrero,2.204995,0.343408,15.866731,1.200487,2.087771,0.319683,34.221808,1.534303,FMI_mensual_observado,FMI_mensual_observado,FMI_mensual_observado,interpolado_lineal,0
915,México,2018,Marzo,2.187126,0.339874,16.000746,1.20414,2.094564,0.321094,34.161149,1.533532,FMI_mensual_observado,FMI_mensual_observado,FMI_mensual_observado,interpolado_lineal,0
916,México,2018,Abril,2.212082,0.344801,15.934629,1.202342,2.11235,0.324766,34.10049,1.532761,FMI_mensual_observado,FMI_mensual_observado,FMI_mensual_observado,interpolado_lineal,0
917,México,2018,Mayo,2.203516,0.343116,15.733075,1.196814,2.146437,0.331718,34.039831,1.531987,FMI_mensual_observado,FMI_mensual_observado,FMI_mensual_observado,interpolado_lineal,0
918,México,2018,Junio,2.152166,0.332876,15.921609,1.201987,2.171185,0.336697,33.979172,1.531213,FMI_mensual_observado,FMI_mensual_observado,FMI_mensual_observado,interpolado_lineal,0
919,México,2018,Julio,2.193845,0.341206,15.60504,1.193265,2.170003,0.33646,33.918513,1.530437,FMI_mensual_observado,FMI_mensual_observado,FMI_mensual_observado,interpolado_lineal,0
920,México,2018,Agosto,2.180977,0.338651,15.87609,1.200744,2.182185,0.338892,33.857854,1.529659,FMI_mensual_observado,FMI_mensual_observado,FMI_mensual_observado,interpolado_lineal,0
921,México,2018,Setiembre,2.18008,0.338472,15.845046,1.199894,2.194207,0.341278,33.797195,1.528881,FMI_mensual_observado,FMI_mensual_observado,FMI_mensual_observado,interpolado_lineal,0
922,México,2018,Octubre,2.192147,0.34087,15.654964,1.194652,2.212449,0.344873,33.736536,1.5281,FMI_mensual_observado,FMI_mensual_observado,FMI_mensual_observado,interpolado_lineal,0
923,México,2018,Noviembre,2.179696,0.338396,15.682946,1.195428,2.199122,0.342249,33.675877,1.527319,FMI_mensual_observado,FMI_mensual_observado,FMI_mensual_observado,interpolado_lineal,0
924,México,2018,Diciembre,2.107738,0.323817,15.905768,1.201555,2.237186,0.349702,33.615218,1.526536,FMI_mensual_observado,FMI_mensual_observado,FMI_mensual_observado,BM_WDI_anual_observado,0
925,México,2019,Enero,2.108445,0.323962,16.11183,1.207145,2.280124,0.357958,33.779382,1.528652,FMI_mensual_observado,FMI_mensual_observado,FMI_mensual_observado,interpolado_lineal,0
926,México,2019,Febrero,2.120392,0.326416,16.235374,1.210462,2.287604,0.359381,33.943546,1.530757,FMI_mensual_observado,FMI_mensual_observado,FMI_mensual_observado,interpolado_lineal,0
927,México,2019,Marzo,2.090187,0.320185,16.032066,1.204989,2.298159,0.36138,34.10771,1.532853,FMI_mensual_observado,FMI_mensual_observado,FMI_mensual_observado,interpolado_lineal,0
928,México,2019,Abril,2.117843,0.325894,15.487596,1.189984,2.293972,0.360588,34.271874,1.534938,FMI_mensual_observado,FMI_mensual_observado,FMI_mensual_observado,interpolado_lineal,0
929,México,2019,Mayo,2.157644,0.33398,15.294962,1.184548,2.281562,0.358232,34.436038,1.537013,FMI_mensual_observado,FMI_mensual_observado,FMI_mensual_observado,interpolado_lineal,0
930,México,2019,Junio,2.14085,0.330586,15.680264,1.195353,2.266077,0.355275,34.600202,1.539079,FMI_mensual_observado,FMI_mensual_observado,FMI_mensual_observado,interpolado_lineal,0
931,México,2019,Julio,2.200575,0.342536,15.781601,1.198151,2.306037,0.362866,34.764366,1.541134,FMI_mensual_observado,FMI_mensual_observado,FMI_mensual_observado,interpolado_lineal,0
932,México,2019,Agosto,2.172223,0.336904,15.622149,1.193741,2.288249,0.359503,34.92853,1.54318,FMI_mensual_observado,FMI_mensual_observado,FMI_mensual_observado,interpolado_lineal,0
933,México,2019,Setiembre,2.23701,0.349668,15.910469,1.201683,2.280321,0.357996,35.092694,1.545217,FMI_mensual_observado,FMI_mensual_observado,FMI_mensual_observado,interpolado_lineal,0
934,México,2019,Octubre,2.278138,0.35758,16.054594,1.205599,2.280068,0.357948,35.256858,1.547244,FMI_mensual_observado,FMI_mensual_observado,FMI_mensual_observado,interpolado_lineal,0
935,México,2019,Noviembre,2.240578,0.35036,16.144368,1.208021,2.289058,0.359657,35.421022,1.549261,FMI_mensual_observado,FMI_mensual_observado,FMI_mensual_observado,interpolado_lineal,0
936,México,2019,Diciembre,2.201726,0.342763,15.982543,1.203646,2.25641,0.353418,35.585186,1.551269,FMI_mensual_observado,FMI_mensual_observado,FMI_mensual_observado,BM_WDI_anual_observado,0
937,México,2020,Enero,2.246924,0.351588,16.182002,1.209032,2.214822,0.345339,35.69747,1.552637,FMI_mensual_observado,FMI_mensual_observado,FMI_mensual_observado,interpolado_lineal,0
938,México,2020,Febrero,2.232282,0.348749,16.274057,1.211496,2.215293,0.345431,35.809754,1.554001,FMI_mensual_observado,FMI_mensual_observado,FMI_mensual_observado,interpolado_lineal,0
939,México,2020,Marzo,2.311915,0.363972,15.660052,1.194793,2.018009,0.304923,35.922037,1.555361,FMI_mensual_observado,FMI_mensual_observado,FMI_mensual_observado,interpolado_lineal,0
940,México,2020,Abril,2.32261,0.365976,16.040967,1.205231,1.947008,0.289368,36.034321,1.556716,FMI_mensual_observado,FMI_mensual_observado,FMI_mensual_observado,interpolado_lineal,0
941,México,2020,Mayo,2.41086,0.382172,16.406641,1.21502,1.860427,0.269613,36.146605,1.558068,FMI_mensual_observado,FMI_mensual_observado,FMI_mensual_observado,interpolado_lineal,0
942,México,2020,Junio,2.117427,0.325808,16.507693,1.217686,1.727575,0.237437,36.258888,1.559414,FMI_mensual_observado,FMI_mensual_observado,FMI_mensual_observado,interpolado_lineal,0
943,México,2020,Julio,2.0946,0.321101,16.88959,1.227619,1.648122,0.216989,36.371172,1.560757,FMI_mensual_observado,FMI_mensual_observado,FMI_mensual_observado,interpolado_lineal,0
944,México,2020,Agosto,2.057256,0.313288,17.164242,1.234625,1.623796,0.210531,36.483455,1.562096,FMI_mensual_observado,FMI_mensual_observado,FMI_mensual_observado,interpolado_lineal,0
945,México,2020,Setiembre,2.05266,0.312317,17.21428,1.235889,1.538051,0.186971,36.595739,1.563431,FMI_mensual_observado,FMI_mensual_observado,FMI_mensual_observado,interpolado_lineal,0
946,México,2020,Octubre,2.134677,0.329332,17.372848,1.239871,1.482179,0.170901,36.708023,1.564761,FMI_mensual_observado,FMI_mensual_observado,FMI_mensual_observado,interpolado_lineal,0
947,México,2020,Noviembre,2.457145,0.390431,17.423069,1.241125,1.358306,0.132998,36.820306,1.566087,FMI_mensual_observado,FMI_mensual_observado,FMI_mensual_observado,interpolado_lineal,0
948,México,2020,Diciembre,2.564018,0.408921,17.697546,1.247913,1.232302,0.090717,36.93259,1.56741,FMI_mensual_observado,FMI_mensual_observado,FMI_mensual_observado,BM_WDI_anual_observado,0
949,México,2021,Enero,2.695836,0.430693,17.90292,1.252924,1.186165,0.074145,36.776296,1.565568,FMI_mensual_observado,FMI_mensual_observado,FMI_mensual_observado,interpolado_lineal,0
950,México,2021,Febrero,2.676546,0.427575,18.091334,1.257471,1.12896,0.052679,36.620002,1.563718,FMI_mensual_observado,FMI_mensual_observado,FMI_mensual_observado,interpolado_lineal,0
951,México,2021,Marzo,2.561307,0.408462,18.282586,1.262038,1.260727,0.100621,36.463707,1.561861,FMI_mensual_observado,FMI_mensual_observado,FMI_mensual_observado,interpolado_lineal,0
952,México,2021,Abril,2.533021,0.403639,18.183767,1.259684,1.306961,0.116263,36.307413,1.559995,FMI_mensual_observado,FMI_mensual_observado,FMI_mensual_observado,interpolado_lineal,0
953,México,2021,Mayo,2.515938,0.4007,18.380121,1.264348,1.393254,0.14403,36.151119,1.558122,FMI_mensual_observado,FMI_mensual_observado,FMI_mensual_observado,interpolado_lineal,0
954,México,2021,Junio,2.449854,0.38914,18.25356,1.261348,1.502098,0.176698,35.994825,1.55624,FMI_mensual_observado,FMI_mensual_observado,FMI_mensual_observado,interpolado_lineal,0
955,México,2021,Julio,2.362934,0.373452,18.430481,1.265537,1.58171,0.199127,35.838531,1.55435,FMI_mensual_observado,FMI_mensual_observado,FMI_mensual_observado,interpolado_lineal,0
956,México,2021,Agosto,2.32234,0.365926,18.435399,1.265653,1.65698,0.219317,35.682237,1.552452,FMI_mensual_observado,FMI_mensual_observado,FMI_mensual_observado,interpolado_lineal,0
957,México,2021,Setiembre,2.294919,0.360767,18.783576,1.273778,1.740829,0.240756,35.525943,1.550546,FMI_mensual_observado,FMI_mensual_observado,FMI_mensual_observado,interpolado_lineal,0
958,México,2021,Octubre,2.203368,0.343087,19.004633,1.278859,1.845393,0.266089,35.369649,1.548631,FMI_mensual_observado,FMI_mensual_observado,FMI_mensual_observado,interpolado_lineal,0
959,México,2021,Noviembre,2.145186,0.331465,19.370376,1.287138,1.961512,0.292591,35.213355,1.546707,FMI_mensual_observado,FMI_mensual_observado,FMI_mensual_observado,interpolado_lineal,0
960,México,2021,Diciembre,2.048526,0.311441,19.532113,1.290749,2.140334,0.330482,35.057061,1.544776,FMI_mensual_observado,FMI_mensual_observado,FMI_mensual_observado,BM_WDI_anual_observado,0
961,México,2022,Enero,2.592047,0.413643,19.609292,1.292462,2.218518,0.346063,34.989703,1.54394,FMI_mensual_observado,FMI_mensual_observado,FMI_mensual_observado,interpolado_lineal,0
962,México,2022,Febrero,2.541025,0.405009,19.744734,1.295451,2.313803,0.364326,34.922345,1.543103,FMI_mensual_observado,FMI_mensual_observado,FMI_mensual_observado,interpolado_lineal,0
963,México,2022,Marzo,2.447804,0.388777,19.65004,1.293363,2.338523,0.368942,34.854988,1.542265,FMI_mensual_observado,FMI_mensual_observado,FMI_mensual_observado,interpolado_lineal,0
964,México,2022,Abril,2.393397,0.379015,19.343178,1.286528,2.38536,0.377554,34.78763,1.541425,FMI_mensual_observado,FMI_mensual_observado,FMI_mensual_observado,interpolado_lineal,0
965,México,2022,Mayo,2.403251,0.380799,18.762761,1.273297,2.395644,0.379422,34.720273,1.540583,FMI_mensual_observado,FMI_mensual_observado,FMI_mensual_observado,interpolado_lineal,0
966,México,2022,Junio,2.320409,0.365565,18.669555,1.271134,2.440165,0.387419,34.652915,1.53974,FMI_mensual_observado,FMI_mensual_observado,FMI_mensual_observado,interpolado_lineal,0
967,México,2022,Julio,2.335383,0.368358,18.613815,1.269835,2.442678,0.387866,34.585558,1.538895,FMI_mensual_observado,FMI_mensual_observado,FMI_mensual_observado,interpolado_lineal,0
968,México,2022,Agosto,2.220654,0.346481,18.748339,1.272963,2.459676,0.390878,34.5182,1.538048,FMI_mensual_observado,FMI_mensual_observado,FMI_mensual_observado,interpolado_lineal,0
969,México,2022,Setiembre,2.11119,0.324527,18.75619,1.273145,2.517369,0.400947,34.450842,1.5372,FMI_mensual_observado,FMI_mensual_observado,FMI_mensual_observado,interpolado_lineal,0
970,México,2022,Octubre,2.121081,0.326557,18.684261,1.271476,2.499353,0.397828,34.383485,1.53635,FMI_mensual_observado,FMI_mensual_observado,FMI_mensual_observado,interpolado_lineal,0
971,México,2022,Noviembre,2.10366,0.322976,19.04457,1.279771,2.534485,0.40389,34.316127,1.535498,FMI_mensual_observado,FMI_mensual_observado,FMI_mensual_observado,interpolado_lineal,0
972,México,2022,Diciembre,2.084825,0.31907,19.00417,1.278849,2.567847,0.409569,34.24877,1.534645,FMI_mensual_observado,FMI_mensual_observado,FMI_mensual_observado,BM_WDI_anual_observado,0
973,México,2023,Enero,2.113445,0.324991,19.27369,1.284965,2.624265,0.419008,34.163506,1.533562,FMI_mensual_observado,FMI_mensual_observado,FMI_mensual_observado,interpolado_lineal,0
974,México,2023,Febrero,2.095742,0.321338,19.287939,1.285286,2.601678,0.415254,34.078243,1.532477,FMI_mensual_observado,FMI_mensual_observado,FMI_mensual_observado,interpolado_lineal,0
975,México,2023,Marzo,2.088129,0.319757,19.304542,1.28566,2.679576,0.428066,33.99298,1.531389,FMI_mensual_observado,FMI_mensual_observado,FMI_mensual_observado,interpolado_lineal,0
976,México,2023,Abril,2.102379,0.322711,19.203574,1.283382,2.716129,0.43395,33.907716,1.530299,FMI_mensual_observado,FMI_mensual_observado,FMI_mensual_observado,interpolado_lineal,0
977,México,2023,Mayo,2.16358,0.335173,19.37276,1.287191,2.742383,0.438128,33.822453,1.529205,FMI_mensual_observado,FMI_mensual_observado,FMI_mensual_observado,interpolado_lineal,0
978,México,2023,Junio,2.182802,0.339014,19.488083,1.289769,2.779265,0.44393,33.73719,1.528109,FMI_mensual_observado,FMI_mensual_observado,FMI_mensual_observado,interpolado_lineal,0
979,México,2023,Julio,2.186061,0.339662,19.377297,1.287293,2.792396,0.445977,33.651926,1.52701,FMI_mensual_observado,FMI_mensual_observado,FMI_mensual_observado,interpolado_lineal,0
980,México,2023,Agosto,2.141324,0.330682,19.334165,1.286325,2.803461,0.447695,33.566663,1.525908,FMI_mensual_observado,FMI_mensual_observado,FMI_mensual_observado,interpolado_lineal,0
981,México,2023,Setiembre,2.152323,0.332907,19.304313,1.285654,2.8145,0.449401,33.4814,1.524804,FMI_mensual_observado,FMI_mensual_observado,FMI_mensual_observado,interpolado_lineal,0
982,México,2023,Octubre,2.189823,0.340409,19.172174,1.282671,2.842122,0.453643,33.396137,1.523696,FMI_mensual_observado,FMI_mensual_observado,FMI_mensual_observado,interpolado_lineal,0
983,México,2023,Noviembre,2.199732,0.34237,19.263341,1.284732,2.837031,0.452864,33.310873,1.522586,FMI_mensual_observado,FMI_mensual_observado,FMI_mensual_observado,interpolado_lineal,0
984,México,2023,Diciembre,2.077327,0.317505,18.807823,1.274339,2.806684,0.448194,33.22561,1.521473,FMI_mensual_observado,FMI_mensual_observado,FMI_mensual_observado,BM_WDI_anual_observado,0
985,México,2024,Enero,2.108093,0.32389,19.549948,1.291146,2.808636,0.448495,33.379711,1.523483,FMI_mensual_observado,FMI_mensual_observado,FMI_mensual_observado,interpolado_lineal,0
986,México,2024,Febrero,2.087492,0.319625,19.69785,1.294419,2.838666,0.453114,33.533812,1.525483,FMI_mensual_observado,FMI_mensual_observado,FMI_mensual_observado,interpolado_lineal,0
987,México,2024,Marzo,2.000019,0.301034,19.490928,1.289833,2.778142,0.443754,33.687912,1.527474,FMI_mensual_observado,FMI_mensual_observado,FMI_mensual_observado,interpolado_lineal,0
988,México,2024,Abril,2.01706,0.304719,19.142361,1.281996,2.772792,0.442917,33.842013,1.529456,FMI_mensual_observado,FMI_mensual_observado,FMI_mensual_observado,interpolado_lineal,0
989,México,2024,Mayo,2.033799,0.308308,19.385723,1.287482,2.782948,0.444505,33.996114,1.531429,FMI_mensual_observado,FMI_mensual_observado,FMI_mensual_observado,interpolado_lineal,0
990,México,2024,Junio,1.981411,0.296975,19.291977,1.285377,2.790732,0.445718,34.150215,1.533393,FMI_mensual_observado,FMI_mensual_observado,FMI_mensual_observado,interpolado_lineal,0
991,México,2024,Julio,2.005447,0.302211,19.336096,1.286369,2.826495,0.451248,34.304316,1.535349,FMI_mensual_observado,FMI_mensual_observado,FMI_mensual_observado,interpolado_lineal,0
992,México,2024,Agosto,2.032226,0.307972,19.436201,1.288611,2.811745,0.448976,34.458417,1.537295,FMI_mensual_observado,FMI_mensual_observado,FMI_mensual_observado,interpolado_lineal,0
993,México,2024,Setiembre,2.057259,0.313289,19.385802,1.287484,2.830175,0.451813,34.612517,1.539233,FMI_mensual_observado,FMI_mensual_observado,FMI_mensual_observado,interpolado_lineal,0
994,México,2024,Octubre,2.067803,0.315509,19.476399,1.289509,2.815478,0.449552,34.766618,1.541162,FMI_mensual_observado,FMI_mensual_observado,FMI_mensual_observado,interpolado_lineal,0
995,México,2024,Noviembre,2.047954,0.31132,19.434869,1.288582,2.817657,0.449888,34.920719,1.543083,FMI_mensual_observado,FMI_mensual_observado,FMI_mensual_observado,interpolado_lineal,0
996,México,2024,Diciembre,2.016039,0.304499,19.087497,1.280749,2.77138,0.442696,35.07482,1.544995,FMI_mensual_observado,FMI_mensual_observado,FMI_mensual_observado,BM_WDI_anual_observado,0
997,México,2025,Enero,2.013272,0.303902,19.450162,1.288923,2.751509,0.439571,35.110428,1.545436,FMI_mensual_observado,FMI_mensual_observado,FMI_mensual_observado,interpolado_lineal,0
998,México,2025,Febrero,2.023681,0.306142,19.928762,1.29948,2.742158,0.438092,35.146035,1.545876,FMI_mensual_observado,FMI_mensual_observado,FMI_mensual_observado,interpolado_lineal,0
999,México,2025,Marzo,2.000578,0.301155,19.904576,1.298953,2.77304,0.442956,35.181643,1.546316,FMI_mensual_observado,FMI_mensual_observado,FMI_mensual_observado,interpolado_lineal,0
1000,México,2025,Abril,2.044194,0.310522,19.683364,1.294099,2.751406,0.439555,35.217251,1.546755,FMI_mensual_observado,FMI_mensual_observado,FMI_mensual_observado,interpolado_lineal,0
1001,México,2025,Mayo,2.073937,0.316796,19.823285,1.297176,2.736568,0.437206,35.252858,1.547194,FMI_mensual_observado,FMI_mensual_observado,FMI_mensual_observado,interpolado_lineal,0
1002,México,2025,Junio,2.099193,0.322052,20.000618,1.301043,2.711908,0.433275,35.288466,1.547633,FMI_mensual_observado,FMI_mensual_observado,FMI_mensual_observado,interpolado_lineal,0
1003,México,2025,Julio,2.122979,0.326946,20.241491,1.306242,2.696189,0.43075,35.324074,1.548071,FMI_mensual_observado,FMI_mensual_observado,FMI_mensual_observado,interpolado_lineal,0
1004,México,2025,Agosto,2.157211,0.333893,20.314901,1.307815,2.687443,0.429339,35.359681,1.548508,FMI_mensual_observado,FMI_mensual_observado,FMI_mensual_observado,interpolado_lineal,0
1005,México,2025,Setiembre,2.242693,0.35077,20.379003,1.309183,2.649676,0.423193,35.395289,1.548945,FMI_mensual_observado,FMI_mensual_observado,FMI_mensual_observado,interpolado_lineal,0
1006,México,2025,Octubre,2.259235,0.353961,20.508845,1.311941,2.663369,0.425431,35.430897,1.549382,FMI_mensual_observado,FMI_mensual_observado,FMI_mensual_observado,interpolado_lineal,1
1007,México,2025,Noviembre,2.245252,0.351265,20.150442,1.304285,2.682466,0.428534,35.466505,1.549818,FMI_mensual_observado,FMI_mensual_observado,FMI_mensual_observado,interpolado_lineal,0
1008,México,2025,Diciembre,2.170946,0.336649,20.172623,1.304762,2.735335,0.437011,35.502112,1.550254,FMI_mensual_observado,FMI_mensual_observado,FMI_mensual_observado,BM_WDI_anual_observado,0
