STRUCTURE[;],STRUCTURE_ID,ACTION,COUNTRY,SECTOR,INDICATOR,FREQUENCY,TIME_PERIOD,OBS_VALUE,SCALE,PRECISION,DECIMALS_DISPLAYED,FSI,FSI_STO,FSI_COMPONENT,COUNTERPARTY_SECTOR,NA_STO,PRICES,UNIT,DERIVATION_TYPE,OVERLAP,STATUS,DEFINITION,CONSOLIDATION_BASIS,INTRAGROUP_ADJUSTMENTS,ACCOUNTING_STANDARDS
dataflow,IMF.STA:FSIC(13.0.1),R,CHL,S12CFSI,AQ12_CFSI_PT,A,2001,1.619158777869922,0,,,,,,,,,,SC,,,,,,
dataflow,IMF.STA:FSIC(13.0.1),R,CHL,S12CFSI,AQ12_CFSI_PT,A,2002,1.822996837873799,0,,,,,,,,,,SC,,,,,,
dataflow,IMF.STA:FSIC(13.0.1),R,CHL,S12CFSI,AQ12_CFSI_PT,A,2003,1.634837878434277,0,,,,,,,,,,SC,,,,,,
dataflow,IMF.STA:FSIC(13.0.1),R,CHL,S12CFSI,AQ12_CFSI_PT,A,2004,1.202497505083069,0,,,,,,,,,,SC,,,,,,
dataflow,IMF.STA:FSIC(13.0.1),R,CHL,S12CFSI,AQ12_CFSI_PT,A,2005,0.9052893630284116,0,,,,,,,,,,SC,,,,,,
dataflow,IMF.STA:FSIC(13.0.1),R,CHL,S12CFSI,AQ12_CFSI_PT,A,2006,0.7481312410777173,0,,,,,,,,,,SC,,,,,,
dataflow,IMF.STA:FSIC(13.0.1),R,CHL,S12CFSI,AQ12_CFSI_PT,A,2007,0.7507015846832058,0,,,,,,,,,,SC,,,,,,
dataflow,IMF.STA:FSIC(13.0.1),R,CHL,S12CFSI,AQ12_CFSI_PT,A,2008,0.9639821597184269,0,,,,,,,,,,SC,,,,,,
dataflow,IMF.STA:FSIC(13.0.1),R,CHL,S12CFSI,AQ12_CFSI_PT,A,2009,2.878041319706912,0,,,,,,,,,,SC,,,,,,
dataflow,IMF.STA:FSIC(13.0.1),R,CHL,S12CFSI,AQ12_CFSI_PT,A,2010,2.642363721259844,0,,,,,,,,,,SC,,,,,,
dataflow,IMF.STA:FSIC(13.0.1),R,CHL,S12CFSI,AQ12_CFSI_PT,A,2011,2.296898106262421,0,,,,,,,,,,SC,,,,,,
dataflow,IMF.STA:FSIC(13.0.1),R,CHL,S12CFSI,AQ12_CFSI_PT,A,2012,2.065214444176983,0,,,,,,,,,,SC,,,,,,
dataflow,IMF.STA:FSIC(13.0.1),R,CHL,S12CFSI,AQ12_CFSI_PT,A,2013,1.959806578526845,0,,,,,,,,,,SC,,,,,,
dataflow,IMF.STA:FSIC(13.0.1),R,CHL,S12CFSI,AQ12_CFSI_PT,A,2014,1.920555293685758,0,,,,,,,,,,SC,,,,,,
dataflow,IMF.STA:FSIC(13.0.1),R,CHL,S12CFSI,AQ12_CFSI_PT,A,2015,1.719744452355986,0,,,,,,,,,,SC,,,,,,
dataflow,IMF.STA:FSIC(13.0.1),R,CHL,S12CFSI,AQ12_CFSI_PT,A,2016,1.832636162192531,0,,,,,,,,,,SC,,,,,,
dataflow,IMF.STA:FSIC(13.0.1),R,CHL,S12CFSI,AQ12_CFSI_PT,A,2017,1.916362509252824,0,,,,,,,,,,SC,,,,,,
dataflow,IMF.STA:FSIC(13.0.1),R,CHL,S12CFSI,AQ12_CFSI_PT,A,2018,1.872014620938508,0,,,,,,,,,,SC,,,,,,
dataflow,IMF.STA:FSIC(13.0.1),R,CHL,S12CFSI,AQ12_CFSI_PT,A,2019,2.055049192659932,0,,,,,,,,,,SC,,,,,,
dataflow,IMF.STA:FSIC(13.0.1),R,CHL,S12CFSI,AQ12_CFSI_PT,A,2020,1.552989247612188,0,,,,,,,,,,SC,,,,,,
dataflow,IMF.STA:FSIC(13.0.1),R,CHL,S12CFSI,AQ12_CFSI_PT,A,2021,1.228772349277572,0,,,,,,,,,,SC,,,,,,
dataflow,IMF.STA:FSIC(13.0.1),R,CHL,S12CFSI,AQ12_CFSI_PT,A,2022,1.665486210522723,0,,,,,,,,,,SC,,,,,,
dataflow,IMF.STA:FSIC(13.0.1),R,CHL,S12CFSI,AQ12_CFSI_PT,A,2023,2.104379036348834,0,,,,,,,,,,SC,,,,,,
dataflow,IMF.STA:FSIC(13.0.1),R,CHL,S12CFSI,AQ12_CFSI_PT,A,2024,2.342485450830614,0,,,,,,,,,,SC,,,,,,
dataflow,IMF.STA:FSIC(13.0.1),R,CHL,S12CFSI,AQ12_CFSI_PT,A,2025,2.399903915037874,0,,,,,,,,,,SC,,,,,,
dataflow,IMF.STA:FSIC(13.0.1),R,CHL,S12CFSI,AQ12_CFSI_PT,M,2008-M01,0.8181268943358502,0,,,,,,,,,,SC,,,,,,
dataflow,IMF.STA:FSIC(13.0.1),R,CHL,S12CFSI,AQ12_CFSI_PT,M,2008-M02,0.8316595952885697,0,,,,,,,,,,SC,,,,,,
dataflow,IMF.STA:FSIC(13.0.1),R,CHL,S12CFSI,AQ12_CFSI_PT,M,2008-M03,0.8414647421086657,0,,,,,,,,,,SC,,,,,,
dataflow,IMF.STA:FSIC(13.0.1),R,CHL,S12CFSI,AQ12_CFSI_PT,M,2008-M04,0.8512021379252377,0,,,,,,,,,,SC,,,,,,
dataflow,IMF.STA:FSIC(13.0.1),R,CHL,S12CFSI,AQ12_CFSI_PT,M,2008-M05,0.8440568432093419,0,,,,,,,,,,SC,,,,,,
dataflow,IMF.STA:FSIC(13.0.1),R,CHL,S12CFSI,AQ12_CFSI_PT,M,2008-M06,0.8597432155258223,0,,,,,,,,,,SC,,,,,,
dataflow,IMF.STA:FSIC(13.0.1),R,CHL,S12CFSI,AQ12_CFSI_PT,M,2008-M07,0.8928848394482206,0,,,,,,,,,,SC,,,,,,
dataflow,IMF.STA:FSIC(13.0.1),R,CHL,S12CFSI,AQ12_CFSI_PT,M,2008-M08,0.8953199194822744,0,,,,,,,,,,SC,,,,,,
dataflow,IMF.STA:FSIC(13.0.1),R,CHL,S12CFSI,AQ12_CFSI_PT,M,2008-M09,0.8948204726150518,0,,,,,,,,,,SC,,,,,,
dataflow,IMF.STA:FSIC(13.0.1),R,CHL,S12CFSI,AQ12_CFSI_PT,M,2008-M10,0.8736999763356218,0,,,,,,,,,,SC,,,,,,
dataflow,IMF.STA:FSIC(13.0.1),R,CHL,S12CFSI,AQ12_CFSI_PT,M,2008-M11,0.915030889433079,0,,,,,,,,,,SC,,,,,,
dataflow,IMF.STA:FSIC(13.0.1),R,CHL,S12CFSI,AQ12_CFSI_PT,M,2008-M12,0.9639821597184269,0,,,,,,,,,,SC,,,,,,
dataflow,IMF.STA:FSIC(13.0.1),R,CHL,S12CFSI,AQ12_CFSI_PT,M,2009-M01,2.462654151928161,0,,,,,,,,,,SC,,,,,,
dataflow,IMF.STA:FSIC(13.0.1),R,CHL,S12CFSI,AQ12_CFSI_PT,M,2009-M02,2.676734414484432,0,,,,,,,,,,SC,,,,,,
dataflow,IMF.STA:FSIC(13.0.1),R,CHL,S12CFSI,AQ12_CFSI_PT,M,2009-M03,2.664013670067057,0,,,,,,,,,,SC,,,,,,
dataflow,IMF.STA:FSIC(13.0.1),R,CHL,S12CFSI,AQ12_CFSI_PT,M,2009-M04,2.725759505531847,0,,,,,,,,,,SC,,,,,,
dataflow,IMF.STA:FSIC(13.0.1),R,CHL,S12CFSI,AQ12_CFSI_PT,M,2009-M05,2.832007819738931,0,,,,,,,,,,SC,,,,,,
dataflow,IMF.STA:FSIC(13.0.1),R,CHL,S12CFSI,AQ12_CFSI_PT,M,2009-M06,2.972476866934602,0,,,,,,,,,,SC,,,,,,
dataflow,IMF.STA:FSIC(13.0.1),R,CHL,S12CFSI,AQ12_CFSI_PT,M,2009-M07,3.262504566672237,0,,,,,,,,,,SC,,,,,,
dataflow,IMF.STA:FSIC(13.0.1),R,CHL,S12CFSI,AQ12_CFSI_PT,M,2009-M08,3.212054032268857,0,,,,,,,,,,SC,,,,,,
dataflow,IMF.STA:FSIC(13.0.1),R,CHL,S12CFSI,AQ12_CFSI_PT,M,2009-M09,3.222984418848613,0,,,,,,,,,,SC,,,,,,
dataflow,IMF.STA:FSIC(13.0.1),R,CHL,S12CFSI,AQ12_CFSI_PT,M,2009-M10,3.252076973985763,0,,,,,,,,,,SC,,,,,,
dataflow,IMF.STA:FSIC(13.0.1),R,CHL,S12CFSI,AQ12_CFSI_PT,M,2009-M11,2.934074155702648,0,,,,,,,,,,SC,,,,,,
dataflow,IMF.STA:FSIC(13.0.1),R,CHL,S12CFSI,AQ12_CFSI_PT,M,2009-M12,2.878041319706912,0,,,,,,,,,,SC,,,,,,
dataflow,IMF.STA:FSIC(13.0.1),R,CHL,S12CFSI,AQ12_CFSI_PT,M,2010-M01,2.895484368016803,0,,,,,,,,,,SC,,,,,,
dataflow,IMF.STA:FSIC(13.0.1),R,CHL,S12CFSI,AQ12_CFSI_PT,M,2010-M02,2.895255800558578,0,,,,,,,,,,SC,,,,,,
dataflow,IMF.STA:FSIC(13.0.1),R,CHL,S12CFSI,AQ12_CFSI_PT,M,2010-M03,2.99023571326397,0,,,,,,,,,,SC,,,,,,
dataflow,IMF.STA:FSIC(13.0.1),R,CHL,S12CFSI,AQ12_CFSI_PT,M,2010-M04,2.979384427341511,0,,,,,,,,,,SC,,,,,,
dataflow,IMF.STA:FSIC(13.0.1),R,CHL,S12CFSI,AQ12_CFSI_PT,M,2010-M05,3.178868960639075,0,,,,,,,,,,SC,,,,,,
dataflow,IMF.STA:FSIC(13.0.1),R,CHL,S12CFSI,AQ12_CFSI_PT,M,2010-M06,3.205800904145335,0,,,,,,,,,,SC,,,,,,
dataflow,IMF.STA:FSIC(13.0.1),R,CHL,S12CFSI,AQ12_CFSI_PT,M,2010-M07,3.192012190798755,0,,,,,,,,,,SC,,,,,,
dataflow,IMF.STA:FSIC(13.0.1),R,CHL,S12CFSI,AQ12_CFSI_PT,M,2010-M08,2.851156821486197,0,,,,,,,,,,SC,,,,,,
dataflow,IMF.STA:FSIC(13.0.1),R,CHL,S12CFSI,AQ12_CFSI_PT,M,2010-M09,2.778629979356754,0,,,,,,,,,,SC,,,,,,
dataflow,IMF.STA:FSIC(13.0.1),R,CHL,S12CFSI,AQ12_CFSI_PT,M,2010-M10,2.693964627148603,0,,,,,,,,,,SC,,,,,,
dataflow,IMF.STA:FSIC(13.0.1),R,CHL,S12CFSI,AQ12_CFSI_PT,M,2010-M11,2.687025315001474,0,,,,,,,,,,SC,,,,,,
dataflow,IMF.STA:FSIC(13.0.1),R,CHL,S12CFSI,AQ12_CFSI_PT,M,2010-M12,2.642363721259844,0,,,,,,,,,,SC,,,,,,
dataflow,IMF.STA:FSIC(13.0.1),R,CHL,S12CFSI,AQ12_CFSI_PT,M,2011-M01,2.639069027773486,0,,,,,,,,,,SC,,,,,,
dataflow,IMF.STA:FSIC(13.0.1),R,CHL,S12CFSI,AQ12_CFSI_PT,M,2011-M02,2.611553677293267,0,,,,,,,,,,SC,,,,,,
dataflow,IMF.STA:FSIC(13.0.1),R,CHL,S12CFSI,AQ12_CFSI_PT,M,2011-M03,2.544588354885141,0,,,,,,,,,,SC,,,,,,
dataflow,IMF.STA:FSIC(13.0.1),R,CHL,S12CFSI,AQ12_CFSI_PT,M,2011-M04,2.440754994516516,0,,,,,,,,,,SC,,,,,,
dataflow,IMF.STA:FSIC(13.0.1),R,CHL,S12CFSI,AQ12_CFSI_PT,M,2011-M05,2.484323222952954,0,,,,,,,,,,SC,,,,,,
dataflow,IMF.STA:FSIC(13.0.1),R,CHL,S12CFSI,AQ12_CFSI_PT,M,2011-M06,2.456917565778069,0,,,,,,,,,,SC,,,,,,
dataflow,IMF.STA:FSIC(13.0.1),R,CHL,S12CFSI,AQ12_CFSI_PT,M,2011-M07,2.42076561364803,0,,,,,,,,,,SC,,,,,,
dataflow,IMF.STA:FSIC(13.0.1),R,CHL,S12CFSI,AQ12_CFSI_PT,M,2011-M08,2.410788857263611,0,,,,,,,,,,SC,,,,,,
dataflow,IMF.STA:FSIC(13.0.1),R,CHL,S12CFSI,AQ12_CFSI_PT,M,2011-M09,2.387527742470661,0,,,,,,,,,,SC,,,,,,
dataflow,IMF.STA:FSIC(13.0.1),R,CHL,S12CFSI,AQ12_CFSI_PT,M,2011-M10,2.444967365968151,0,,,,,,,,,,SC,,,,,,
dataflow,IMF.STA:FSIC(13.0.1),R,CHL,S12CFSI,AQ12_CFSI_PT,M,2011-M11,2.422822865833108,0,,,,,,,,,,SC,,,,,,
dataflow,IMF.STA:FSIC(13.0.1),R,CHL,S12CFSI,AQ12_CFSI_PT,M,2011-M12,2.296898106262421,0,,,,,,,,,,SC,,,,,,
dataflow,IMF.STA:FSIC(13.0.1),R,CHL,S12CFSI,AQ12_CFSI_PT,M,2012-M01,2.466733920081424,0,,,,,,,,,,SC,,,,,,
dataflow,IMF.STA:FSIC(13.0.1),R,CHL,S12CFSI,AQ12_CFSI_PT,M,2012-M02,2.511935516705974,0,,,,,,,,,,SC,,,,,,
dataflow,IMF.STA:FSIC(13.0.1),R,CHL,S12CFSI,AQ12_CFSI_PT,M,2012-M03,2.498864327215281,0,,,,,,,,,,SC,,,,,,
dataflow,IMF.STA:FSIC(13.0.1),R,CHL,S12CFSI,AQ12_CFSI_PT,M,2012-M04,2.461310049216957,0,,,,,,,,,,SC,,,,,,
dataflow,IMF.STA:FSIC(13.0.1),R,CHL,S12CFSI,AQ12_CFSI_PT,M,2012-M05,2.320719907365945,0,,,,,,,,,,SC,,,,,,
dataflow,IMF.STA:FSIC(13.0.1),R,CHL,S12CFSI,AQ12_CFSI_PT,M,2012-M06,2.321314141124646,0,,,,,,,,,,SC,,,,,,
dataflow,IMF.STA:FSIC(13.0.1),R,CHL,S12CFSI,AQ12_CFSI_PT,M,2012-M07,2.233032953292541,0,,,,,,,,,,SC,,,,,,
dataflow,IMF.STA:FSIC(13.0.1),R,CHL,S12CFSI,AQ12_CFSI_PT,M,2012-M08,2.173932964022336,0,,,,,,,,,,SC,,,,,,
dataflow,IMF.STA:FSIC(13.0.1),R,CHL,S12CFSI,AQ12_CFSI_PT,M,2012-M09,2.170136416986998,0,,,,,,,,,,SC,,,,,,
dataflow,IMF.STA:FSIC(13.0.1),R,CHL,S12CFSI,AQ12_CFSI_PT,M,2012-M10,2.17367060492489,0,,,,,,,,,,SC,,,,,,
dataflow,IMF.STA:FSIC(13.0.1),R,CHL,S12CFSI,AQ12_CFSI_PT,M,2012-M11,2.103166089978194,0,,,,,,,,,,SC,,,,,,
dataflow,IMF.STA:FSIC(13.0.1),R,CHL,S12CFSI,AQ12_CFSI_PT,M,2012-M12,2.065214444176983,0,,,,,,,,,,SC,,,,,,
dataflow,IMF.STA:FSIC(13.0.1),R,CHL,S12CFSI,AQ12_CFSI_PT,M,2013-M01,2.099837698543201,0,,,,,,,,,,SC,,,,,,
dataflow,IMF.STA:FSIC(13.0.1),R,CHL,S12CFSI,AQ12_CFSI_PT,M,2013-M02,2.162277165450625,0,,,,,,,,,,SC,,,,,,
dataflow,IMF.STA:FSIC(13.0.1),R,CHL,S12CFSI,AQ12_CFSI_PT,M,2013-M03,2.11865761876854,0,,,,,,,,,,SC,,,,,,
dataflow,IMF.STA:FSIC(13.0.1),R,CHL,S12CFSI,AQ12_CFSI_PT,M,2013-M04,2.079253841369654,0,,,,,,,,,,SC,,,,,,
dataflow,IMF.STA:FSIC(13.0.1),R,CHL,S12CFSI,AQ12_CFSI_PT,M,2013-M05,2.12792399146106,0,,,,,,,,,,SC,,,,,,
dataflow,IMF.STA:FSIC(13.0.1),R,CHL,S12CFSI,AQ12_CFSI_PT,M,2013-M06,2.098792087787578,0,,,,,,,,,,SC,,,,,,
dataflow,IMF.STA:FSIC(13.0.1),R,CHL,S12CFSI,AQ12_CFSI_PT,M,2013-M07,2.077423025233369,0,,,,,,,,,,SC,,,,,,
dataflow,IMF.STA:FSIC(13.0.1),R,CHL,S12CFSI,AQ12_CFSI_PT,M,2013-M08,1.967747566492818,0,,,,,,,,,,SC,,,,,,
dataflow,IMF.STA:FSIC(13.0.1),R,CHL,S12CFSI,AQ12_CFSI_PT,M,2013-M09,2.011222041113723,0,,,,,,,,,,SC,,,,,,
dataflow,IMF.STA:FSIC(13.0.1),R,CHL,S12CFSI,AQ12_CFSI_PT,M,2013-M10,2.014488233309776,0,,,,,,,,,,SC,,,,,,
dataflow,IMF.STA:FSIC(13.0.1),R,CHL,S12CFSI,AQ12_CFSI_PT,M,2013-M11,1.986080440595575,0,,,,,,,,,,SC,,,,,,
dataflow,IMF.STA:FSIC(13.0.1),R,CHL,S12CFSI,AQ12_CFSI_PT,M,2013-M12,1.959806578526845,0,,,,,,,,,,SC,,,,,,
dataflow,IMF.STA:FSIC(13.0.1),R,CHL,S12CFSI,AQ12_CFSI_PT,M,2014-M01,1.983256630314979,0,,,,,,,,,,SC,,,,,,
dataflow,IMF.STA:FSIC(13.0.1),R,CHL,S12CFSI,AQ12_CFSI_PT,M,2014-M02,2.031373300264705,0,,,,,,,,,,SC,,,,,,
dataflow,IMF.STA:FSIC(13.0.1),R,CHL,S12CFSI,AQ12_CFSI_PT,M,2014-M03,1.971341149719191,0,,,,,,,,,,SC,,,,,,
dataflow,IMF.STA:FSIC(13.0.1),R,CHL,S12CFSI,AQ12_CFSI_PT,M,2014-M04,1.948356878560548,0,,,,,,,,,,SC,,,,,,
dataflow,IMF.STA:FSIC(13.0.1),R,CHL,S12CFSI,AQ12_CFSI_PT,M,2014-M05,1.996578232992715,0,,,,,,,,,,SC,,,,,,
dataflow,IMF.STA:FSIC(13.0.1),R,CHL,S12CFSI,AQ12_CFSI_PT,M,2014-M06,2.005690827726313,0,,,,,,,,,,SC,,,,,,
dataflow,IMF.STA:FSIC(13.0.1),R,CHL,S12CFSI,AQ12_CFSI_PT,M,2014-M07,1.960475494302261,0,,,,,,,,,,SC,,,,,,
dataflow,IMF.STA:FSIC(13.0.1),R,CHL,S12CFSI,AQ12_CFSI_PT,M,2014-M08,1.95092250559669,0,,,,,,,,,,SC,,,,,,
dataflow,IMF.STA:FSIC(13.0.1),R,CHL,S12CFSI,AQ12_CFSI_PT,M,2014-M09,1.952036037423584,0,,,,,,,,,,SC,,,,,,
dataflow,IMF.STA:FSIC(13.0.1),R,CHL,S12CFSI,AQ12_CFSI_PT,M,2014-M10,1.927274981459557,0,,,,,,,,,,SC,,,,,,
dataflow,IMF.STA:FSIC(13.0.1),R,CHL,S12CFSI,AQ12_CFSI_PT,M,2014-M11,1.876445740672609,0,,,,,,,,,,SC,,,,,,
dataflow,IMF.STA:FSIC(13.0.1),R,CHL,S12CFSI,AQ12_CFSI_PT,M,2014-M12,1.920555293685758,0,,,,,,,,,,SC,,,,,,
dataflow,IMF.STA:FSIC(13.0.1),R,CHL,S12CFSI,AQ12_CFSI_PT,M,2015-M01,1.967862575941622,0,,,,,,,,,,SC,,,,,,
dataflow,IMF.STA:FSIC(13.0.1),R,CHL,S12CFSI,AQ12_CFSI_PT,M,2015-M02,2.044170682740454,0,,,,,,,,,,SC,,,,,,
dataflow,IMF.STA:FSIC(13.0.1),R,CHL,S12CFSI,AQ12_CFSI_PT,M,2015-M03,1.926282442825163,0,,,,,,,,,,SC,,,,,,
dataflow,IMF.STA:FSIC(13.0.1),R,CHL,S12CFSI,AQ12_CFSI_PT,M,2015-M04,1.927128871412541,0,,,,,,,,,,SC,,,,,,
dataflow,IMF.STA:FSIC(13.0.1),R,CHL,S12CFSI,AQ12_CFSI_PT,M,2015-M05,1.9274307862119,0,,,,,,,,,,SC,,,,,,
dataflow,IMF.STA:FSIC(13.0.1),R,CHL,S12CFSI,AQ12_CFSI_PT,M,2015-M06,1.89550717570848,0,,,,,,,,,,SC,,,,,,
dataflow,IMF.STA:FSIC(13.0.1),R,CHL,S12CFSI,AQ12_CFSI_PT,M,2015-M07,1.844277520000783,0,,,,,,,,,,SC,,,,,,
dataflow,IMF.STA:FSIC(13.0.1),R,CHL,S12CFSI,AQ12_CFSI_PT,M,2015-M08,1.835147567380866,0,,,,,,,,,,SC,,,,,,
dataflow,IMF.STA:FSIC(13.0.1),R,CHL,S12CFSI,AQ12_CFSI_PT,M,2015-M09,1.826401977815874,0,,,,,,,,,,SC,,,,,,
dataflow,IMF.STA:FSIC(13.0.1),R,CHL,S12CFSI,AQ12_CFSI_PT,M,2015-M10,1.7621571570733,0,,,,,,,,,,SC,,,,,,
dataflow,IMF.STA:FSIC(13.0.1),R,CHL,S12CFSI,AQ12_CFSI_PT,M,2015-M11,1.733480817046329,0,,,,,,,,,,SC,,,,,,
dataflow,IMF.STA:FSIC(13.0.1),R,CHL,S12CFSI,AQ12_CFSI_PT,M,2015-M12,1.719744452355986,0,,,,,,,,,,SC,,,,,,
dataflow,IMF.STA:FSIC(13.0.1),R,CHL,S12CFSI,AQ12_CFSI_PT,M,2016-M01,1.844449442059216,0,,,,,,,,,,SC,,,,,,
dataflow,IMF.STA:FSIC(13.0.1),R,CHL,S12CFSI,AQ12_CFSI_PT,M,2016-M02,1.894329303397451,0,,,,,,,,,,SC,,,,,,
dataflow,IMF.STA:FSIC(13.0.1),R,CHL,S12CFSI,AQ12_CFSI_PT,M,2016-M03,1.930682421031607,0,,,,,,,,,,SC,,,,,,
dataflow,IMF.STA:FSIC(13.0.1),R,CHL,S12CFSI,AQ12_CFSI_PT,M,2016-M04,1.830291753777055,0,,,,,,,,,,SC,,,,,,
dataflow,IMF.STA:FSIC(13.0.1),R,CHL,S12CFSI,AQ12_CFSI_PT,M,2016-M05,1.754066126245851,0,,,,,,,,,,SC,,,,,,
dataflow,IMF.STA:FSIC(13.0.1),R,CHL,S12CFSI,AQ12_CFSI_PT,M,2016-M06,1.785227582904136,0,,,,,,,,,,SC,,,,,,
dataflow,IMF.STA:FSIC(13.0.1),R,CHL,S12CFSI,AQ12_CFSI_PT,M,2016-M07,1.80242974089821,0,,,,,,,,,,SC,,,,,,
dataflow,IMF.STA:FSIC(13.0.1),R,CHL,S12CFSI,AQ12_CFSI_PT,M,2016-M08,1.80020696427738,0,,,,,,,,,,SC,,,,,,
dataflow,IMF.STA:FSIC(13.0.1),R,CHL,S12CFSI,AQ12_CFSI_PT,M,2016-M09,1.806770376851194,0,,,,,,,,,,SC,,,,,,
dataflow,IMF.STA:FSIC(13.0.1),R,CHL,S12CFSI,AQ12_CFSI_PT,M,2016-M10,1.822700670565621,0,,,,,,,,,,SC,,,,,,
dataflow,IMF.STA:FSIC(13.0.1),R,CHL,S12CFSI,AQ12_CFSI_PT,M,2016-M11,1.86304350282928,0,,,,,,,,,,SC,,,,,,
dataflow,IMF.STA:FSIC(13.0.1),R,CHL,S12CFSI,AQ12_CFSI_PT,M,2016-M12,1.832636162192531,0,,,,,,,,,,SC,,,,,,
dataflow,IMF.STA:FSIC(13.0.1),R,CHL,S12CFSI,AQ12_CFSI_PT,M,2017-M01,1.903333861861322,0,,,,,,,,,,SC,,,,,,
dataflow,IMF.STA:FSIC(13.0.1),R,CHL,S12CFSI,AQ12_CFSI_PT,M,2017-M02,1.930081207610551,0,,,,,,,,,,SC,,,,,,
dataflow,IMF.STA:FSIC(13.0.1),R,CHL,S12CFSI,AQ12_CFSI_PT,M,2017-M03,1.982376605339172,0,,,,,,,,,,SC,,,,,,
dataflow,IMF.STA:FSIC(13.0.1),R,CHL,S12CFSI,AQ12_CFSI_PT,M,2017-M04,1.959255910421835,0,,,,,,,,,,SC,,,,,,
dataflow,IMF.STA:FSIC(13.0.1),R,CHL,S12CFSI,AQ12_CFSI_PT,M,2017-M05,1.895935017386608,0,,,,,,,,,,SC,,,,,,
dataflow,IMF.STA:FSIC(13.0.1),R,CHL,S12CFSI,AQ12_CFSI_PT,M,2017-M06,1.844281433114387,0,,,,,,,,,,SC,,,,,,
dataflow,IMF.STA:FSIC(13.0.1),R,CHL,S12CFSI,AQ12_CFSI_PT,M,2017-M07,1.855488697679196,0,,,,,,,,,,SC,,,,,,
dataflow,IMF.STA:FSIC(13.0.1),R,CHL,S12CFSI,AQ12_CFSI_PT,M,2017-M08,1.833175857449817,0,,,,,,,,,,SC,,,,,,
dataflow,IMF.STA:FSIC(13.0.1),R,CHL,S12CFSI,AQ12_CFSI_PT,M,2017-M09,1.852917069185951,0,,,,,,,,,,SC,,,,,,
dataflow,IMF.STA:FSIC(13.0.1),R,CHL,S12CFSI,AQ12_CFSI_PT,M,2017-M10,1.896397054008903,0,,,,,,,,,,SC,,,,,,
dataflow,IMF.STA:FSIC(13.0.1),R,CHL,S12CFSI,AQ12_CFSI_PT,M,2017-M11,1.867544003815064,0,,,,,,,,,,SC,,,,,,
dataflow,IMF.STA:FSIC(13.0.1),R,CHL,S12CFSI,AQ12_CFSI_PT,M,2017-M12,1.916362509252824,0,,,,,,,,,,SC,,,,,,
dataflow,IMF.STA:FSIC(13.0.1),R,CHL,S12CFSI,AQ12_CFSI_PT,M,2018-M01,1.963042618261358,0,,,,,,,,,,SC,,,,,,
dataflow,IMF.STA:FSIC(13.0.1),R,CHL,S12CFSI,AQ12_CFSI_PT,M,2018-M02,1.964848859226201,0,,,,,,,,,,SC,,,,,,
dataflow,IMF.STA:FSIC(13.0.1),R,CHL,S12CFSI,AQ12_CFSI_PT,M,2018-M03,1.945761123446131,0,,,,,,,,,,SC,,,,,,
dataflow,IMF.STA:FSIC(13.0.1),R,CHL,S12CFSI,AQ12_CFSI_PT,M,2018-M04,1.91468622127303,0,,,,,,,,,,SC,,,,,,
dataflow,IMF.STA:FSIC(13.0.1),R,CHL,S12CFSI,AQ12_CFSI_PT,M,2018-M05,1.923143377327415,0,,,,,,,,,,SC,,,,,,
dataflow,IMF.STA:FSIC(13.0.1),R,CHL,S12CFSI,AQ12_CFSI_PT,M,2018-M06,1.903541919795809,0,,,,,,,,,,SC,,,,,,
dataflow,IMF.STA:FSIC(13.0.1),R,CHL,S12CFSI,AQ12_CFSI_PT,M,2018-M07,1.940493537405416,0,,,,,,,,,,SC,,,,,,
dataflow,IMF.STA:FSIC(13.0.1),R,CHL,S12CFSI,AQ12_CFSI_PT,M,2018-M08,1.889835557363702,0,,,,,,,,,,SC,,,,,,
dataflow,IMF.STA:FSIC(13.0.1),R,CHL,S12CFSI,AQ12_CFSI_PT,M,2018-M09,1.918171232477736,0,,,,,,,,,,SC,,,,,,
dataflow,IMF.STA:FSIC(13.0.1),R,CHL,S12CFSI,AQ12_CFSI_PT,M,2018-M10,1.912180258492154,0,,,,,,,,,,SC,,,,,,
dataflow,IMF.STA:FSIC(13.0.1),R,CHL,S12CFSI,AQ12_CFSI_PT,M,2018-M11,1.902825610800536,0,,,,,,,,,,SC,,,,,,
dataflow,IMF.STA:FSIC(13.0.1),R,CHL,S12CFSI,AQ12_CFSI_PT,M,2018-M12,1.872014620938508,0,,,,,,,,,,SC,,,,,,
dataflow,IMF.STA:FSIC(13.0.1),R,CHL,S12CFSI,AQ12_CFSI_PT,M,2019-M01,1.925719731254463,0,,,,,,,,,,SC,,,,,,
dataflow,IMF.STA:FSIC(13.0.1),R,CHL,S12CFSI,AQ12_CFSI_PT,M,2019-M02,1.947123305133726,0,,,,,,,,,,SC,,,,,,
dataflow,IMF.STA:FSIC(13.0.1),R,CHL,S12CFSI,AQ12_CFSI_PT,M,2019-M03,1.923232000884806,0,,,,,,,,,,SC,,,,,,
dataflow,IMF.STA:FSIC(13.0.1),R,CHL,S12CFSI,AQ12_CFSI_PT,M,2019-M04,1.907650000059256,0,,,,,,,,,,SC,,,,,,
dataflow,IMF.STA:FSIC(13.0.1),R,CHL,S12CFSI,AQ12_CFSI_PT,M,2019-M05,1.922028641624907,0,,,,,,,,,,SC,,,,,,
dataflow,IMF.STA:FSIC(13.0.1),R,CHL,S12CFSI,AQ12_CFSI_PT,M,2019-M06,1.875373291663,0,,,,,,,,,,SC,,,,,,
dataflow,IMF.STA:FSIC(13.0.1),R,CHL,S12CFSI,AQ12_CFSI_PT,M,2019-M07,1.913441110241715,0,,,,,,,,,,SC,,,,,,
dataflow,IMF.STA:FSIC(13.0.1),R,CHL,S12CFSI,AQ12_CFSI_PT,M,2019-M08,1.855348652237857,0,,,,,,,,,,SC,,,,,,
dataflow,IMF.STA:FSIC(13.0.1),R,CHL,S12CFSI,AQ12_CFSI_PT,M,2019-M09,1.886713208074323,0,,,,,,,,,,SC,,,,,,
dataflow,IMF.STA:FSIC(13.0.1),R,CHL,S12CFSI,AQ12_CFSI_PT,M,2019-M10,1.944139857212027,0,,,,,,,,,,SC,,,,,,
dataflow,IMF.STA:FSIC(13.0.1),R,CHL,S12CFSI,AQ12_CFSI_PT,M,2019-M11,1.908972638167674,0,,,,,,,,,,SC,,,,,,
dataflow,IMF.STA:FSIC(13.0.1),R,CHL,S12CFSI,AQ12_CFSI_PT,M,2019-M12,2.055049192659932,0,,,,,,,,,,SC,,,,,,
dataflow,IMF.STA:FSIC(13.0.1),R,CHL,S12CFSI,AQ12_CFSI_PT,M,2020-M01,2.043679644803829,0,,,,,,,,,,SC,,,,,,
dataflow,IMF.STA:FSIC(13.0.1),R,CHL,S12CFSI,AQ12_CFSI_PT,M,2020-M02,2.023731240426416,0,,,,,,,,,,SC,,,,,,
dataflow,IMF.STA:FSIC(13.0.1),R,CHL,S12CFSI,AQ12_CFSI_PT,M,2020-M03,2.008296625477873,0,,,,,,,,,,SC,,,,,,
dataflow,IMF.STA:FSIC(13.0.1),R,CHL,S12CFSI,AQ12_CFSI_PT,M,2020-M04,1.996400381185021,0,,,,,,,,,,SC,,,,,,
dataflow,IMF.STA:FSIC(13.0.1),R,CHL,S12CFSI,AQ12_CFSI_PT,M,2020-M05,2.048685388674717,0,,,,,,,,,,SC,,,,,,
dataflow,IMF.STA:FSIC(13.0.1),R,CHL,S12CFSI,AQ12_CFSI_PT,M,2020-M06,1.995120424324465,0,,,,,,,,,,SC,,,,,,
dataflow,IMF.STA:FSIC(13.0.1),R,CHL,S12CFSI,AQ12_CFSI_PT,M,2020-M07,1.953266169222281,0,,,,,,,,,,SC,,,,,,
dataflow,IMF.STA:FSIC(13.0.1),R,CHL,S12CFSI,AQ12_CFSI_PT,M,2020-M08,1.81271740347603,0,,,,,,,,,,SC,,,,,,
dataflow,IMF.STA:FSIC(13.0.1),R,CHL,S12CFSI,AQ12_CFSI_PT,M,2020-M09,1.722873163304309,0,,,,,,,,,,SC,,,,,,
dataflow,IMF.STA:FSIC(13.0.1),R,CHL,S12CFSI,AQ12_CFSI_PT,M,2020-M10,1.630199057638394,0,,,,,,,,,,SC,,,,,,
dataflow,IMF.STA:FSIC(13.0.1),R,CHL,S12CFSI,AQ12_CFSI_PT,M,2020-M11,1.611248766688401,0,,,,,,,,,,SC,,,,,,
dataflow,IMF.STA:FSIC(13.0.1),R,CHL,S12CFSI,AQ12_CFSI_PT,M,2020-M12,1.552989247612188,0,,,,,,,,,,SC,,,,,,
dataflow,IMF.STA:FSIC(13.0.1),R,CHL,S12CFSI,AQ12_CFSI_PT,M,2021-M01,1.506868781269787,0,,,,,,,,,,SC,,,,,,
dataflow,IMF.STA:FSIC(13.0.1),R,CHL,S12CFSI,AQ12_CFSI_PT,M,2021-M02,1.511345241985128,0,,,,,,,,,,SC,,,,,,
dataflow,IMF.STA:FSIC(13.0.1),R,CHL,S12CFSI,AQ12_CFSI_PT,M,2021-M03,1.518948540711104,0,,,,,,,,,,SC,,,,,,
dataflow,IMF.STA:FSIC(13.0.1),R,CHL,S12CFSI,AQ12_CFSI_PT,M,2021-M04,1.521097942948361,0,,,,,,,,,,SC,,,,,,
dataflow,IMF.STA:FSIC(13.0.1),R,CHL,S12CFSI,AQ12_CFSI_PT,M,2021-M05,1.511591019713026,0,,,,,,,,,,SC,,,,,,
dataflow,IMF.STA:FSIC(13.0.1),R,CHL,S12CFSI,AQ12_CFSI_PT,M,2021-M06,1.496622058525922,0,,,,,,,,,,SC,,,,,,
dataflow,IMF.STA:FSIC(13.0.1),R,CHL,S12CFSI,AQ12_CFSI_PT,M,2021-M07,1.448035961465514,0,,,,,,,,,,SC,,,,,,
dataflow,IMF.STA:FSIC(13.0.1),R,CHL,S12CFSI,AQ12_CFSI_PT,M,2021-M08,1.404295234964666,0,,,,,,,,,,SC,,,,,,
dataflow,IMF.STA:FSIC(13.0.1),R,CHL,S12CFSI,AQ12_CFSI_PT,M,2021-M09,1.398084633559076,0,,,,,,,,,,SC,,,,,,
dataflow,IMF.STA:FSIC(13.0.1),R,CHL,S12CFSI,AQ12_CFSI_PT,M,2021-M10,1.352247784016084,0,,,,,,,,,,SC,,,,,,
dataflow,IMF.STA:FSIC(13.0.1),R,CHL,S12CFSI,AQ12_CFSI_PT,M,2021-M11,1.287437747618586,0,,,,,,,,,,SC,,,,,,
dataflow,IMF.STA:FSIC(13.0.1),R,CHL,S12CFSI,AQ12_CFSI_PT,M,2021-M12,1.228772349277572,0,,,,,,,,,,SC,,,,,,
dataflow,IMF.STA:FSIC(13.0.1),R,CHL,S12CFSI,AQ12_CFSI_PT,M,2022-M01,1.237169184945126,0,,,,,,,,,,SC,,,,,,
dataflow,IMF.STA:FSIC(13.0.1),R,CHL,S12CFSI,AQ12_CFSI_PT,M,2022-M02,1.266457493963581,0,,,,,,,,,,SC,,,,,,
dataflow,IMF.STA:FSIC(13.0.1),R,CHL,S12CFSI,AQ12_CFSI_PT,M,2022-M03,1.255892077902327,0,,,,,,,,,,SC,,,,,,
dataflow,IMF.STA:FSIC(13.0.1),R,CHL,S12CFSI,AQ12_CFSI_PT,M,2022-M04,1.35516716536163,0,,,,,,,,,,SC,,,,,,
dataflow,IMF.STA:FSIC(13.0.1),R,CHL,S12CFSI,AQ12_CFSI_PT,M,2022-M05,1.362348278369956,0,,,,,,,,,,SC,,,,,,
dataflow,IMF.STA:FSIC(13.0.1),R,CHL,S12CFSI,AQ12_CFSI_PT,M,2022-M06,1.388414737120564,0,,,,,,,,,,SC,,,,,,
dataflow,IMF.STA:FSIC(13.0.1),R,CHL,S12CFSI,AQ12_CFSI_PT,M,2022-M07,1.418395386663602,0,,,,,,,,,,SC,,,,,,
dataflow,IMF.STA:FSIC(13.0.1),R,CHL,S12CFSI,AQ12_CFSI_PT,M,2022-M08,1.513589331983686,0,,,,,,,,,,SC,,,,,,
dataflow,IMF.STA:FSIC(13.0.1),R,CHL,S12CFSI,AQ12_CFSI_PT,M,2022-M09,1.49605824930977,0,,,,,,,,,,SC,,,,,,
dataflow,IMF.STA:FSIC(13.0.1),R,CHL,S12CFSI,AQ12_CFSI_PT,M,2022-M10,1.577093086052245,0,,,,,,,,,,SC,,,,,,
dataflow,IMF.STA:FSIC(13.0.1),R,CHL,S12CFSI,AQ12_CFSI_PT,M,2022-M11,1.648327024166172,0,,,,,,,,,,SC,,,,,,
dataflow,IMF.STA:FSIC(13.0.1),R,CHL,S12CFSI,AQ12_CFSI_PT,M,2022-M12,1.665486210522723,0,,,,,,,,,,SC,,,,,,
dataflow,IMF.STA:FSIC(13.0.1),R,CHL,S12CFSI,AQ12_CFSI_PT,M,2023-M01,1.76208263127635,0,,,,,,,,,,SC,,,,,,
dataflow,IMF.STA:FSIC(13.0.1),R,CHL,S12CFSI,AQ12_CFSI_PT,M,2023-M02,1.782145039491071,0,,,,,,,,,,SC,,,,,,
dataflow,IMF.STA:FSIC(13.0.1),R,CHL,S12CFSI,AQ12_CFSI_PT,M,2023-M03,1.824488464816237,0,,,,,,,,,,SC,,,,,,
dataflow,IMF.STA:FSIC(13.0.1),R,CHL,S12CFSI,AQ12_CFSI_PT,M,2023-M04,1.878337174159658,0,,,,,,,,,,SC,,,,,,
dataflow,IMF.STA:FSIC(13.0.1),R,CHL,S12CFSI,AQ12_CFSI_PT,M,2023-M05,1.912587045921865,0,,,,,,,,,,SC,,,,,,
dataflow,IMF.STA:FSIC(13.0.1),R,CHL,S12CFSI,AQ12_CFSI_PT,M,2023-M06,1.907754615853961,0,,,,,,,,,,SC,,,,,,
dataflow,IMF.STA:FSIC(13.0.1),R,CHL,S12CFSI,AQ12_CFSI_PT,M,2023-M07,1.941149882566039,0,,,,,,,,,,SC,,,,,,
dataflow,IMF.STA:FSIC(13.0.1),R,CHL,S12CFSI,AQ12_CFSI_PT,M,2023-M08,1.922785673268926,0,,,,,,,,,,SC,,,,,,
dataflow,IMF.STA:FSIC(13.0.1),R,CHL,S12CFSI,AQ12_CFSI_PT,M,2023-M09,1.989950336143932,0,,,,,,,,,,SC,,,,,,
dataflow,IMF.STA:FSIC(13.0.1),R,CHL,S12CFSI,AQ12_CFSI_PT,M,2023-M10,2.044533138982354,0,,,,,,,,,,SC,,,,,,
dataflow,IMF.STA:FSIC(13.0.1),R,CHL,S12CFSI,AQ12_CFSI_PT,M,2023-M11,2.109020538525321,0,,,,,,,,,,SC,,,,,,
dataflow,IMF.STA:FSIC(13.0.1),R,CHL,S12CFSI,AQ12_CFSI_PT,M,2023-M12,2.104379036348834,0,,,,,,,,,,SC,,,,,,
dataflow,IMF.STA:FSIC(13.0.1),R,CHL,S12CFSI,AQ12_CFSI_PT,M,2024-M01,2.177316418511718,0,,,,,,,,,,SC,,,,,,
dataflow,IMF.STA:FSIC(13.0.1),R,CHL,S12CFSI,AQ12_CFSI_PT,M,2024-M02,2.222421523294154,0,,,,,,,,,,SC,,,,,,
dataflow,IMF.STA:FSIC(13.0.1),R,CHL,S12CFSI,AQ12_CFSI_PT,M,2024-M03,2.218324532714993,0,,,,,,,,,,SC,,,,,,
dataflow,IMF.STA:FSIC(13.0.1),R,CHL,S12CFSI,AQ12_CFSI_PT,M,2024-M04,2.225449688450777,0,,,,,,,,,,SC,,,,,,
dataflow,IMF.STA:FSIC(13.0.1),R,CHL,S12CFSI,AQ12_CFSI_PT,M,2024-M05,2.298607884229035,0,,,,,,,,,,SC,,,,,,
dataflow,IMF.STA:FSIC(13.0.1),R,CHL,S12CFSI,AQ12_CFSI_PT,M,2024-M06,2.27656703062186,0,,,,,,,,,,SC,,,,,,
dataflow,IMF.STA:FSIC(13.0.1),R,CHL,S12CFSI,AQ12_CFSI_PT,M,2024-M07,2.298567714855504,0,,,,,,,,,,SC,,,,,,
dataflow,IMF.STA:FSIC(13.0.1),R,CHL,S12CFSI,AQ12_CFSI_PT,M,2024-M08,2.335252309094045,0,,,,,,,,,,SC,,,,,,
dataflow,IMF.STA:FSIC(13.0.1),R,CHL,S12CFSI,AQ12_CFSI_PT,M,2024-M09,2.362282468018714,0,,,,,,,,,,SC,,,,,,
dataflow,IMF.STA:FSIC(13.0.1),R,CHL,S12CFSI,AQ12_CFSI_PT,M,2024-M10,2.339442305907201,0,,,,,,,,,,SC,,,,,,
dataflow,IMF.STA:FSIC(13.0.1),R,CHL,S12CFSI,AQ12_CFSI_PT,M,2024-M11,2.298534415985741,0,,,,,,,,,,SC,,,,,,
dataflow,IMF.STA:FSIC(13.0.1),R,CHL,S12CFSI,AQ12_CFSI_PT,M,2024-M12,2.342485450830614,0,,,,,,,,,,SC,,,,,,
dataflow,IMF.STA:FSIC(13.0.1),R,CHL,S12CFSI,AQ12_CFSI_PT,M,2025-M01,2.327413543552567,0,,,,,,,,,,SC,,,,,,
dataflow,IMF.STA:FSIC(13.0.1),R,CHL,S12CFSI,AQ12_CFSI_PT,M,2025-M02,2.300435720394996,0,,,,,,,,,,SC,,,,,,
dataflow,IMF.STA:FSIC(13.0.1),R,CHL,S12CFSI,AQ12_CFSI_PT,M,2025-M03,2.281618577715882,0,,,,,,,,,,SC,,,,,,
dataflow,IMF.STA:FSIC(13.0.1),R,CHL,S12CFSI,AQ12_CFSI_PT,M,2025-M04,2.218888391513802,0,,,,,,,,,,SC,,,,,,
dataflow,IMF.STA:FSIC(13.0.1),R,CHL,S12CFSI,AQ12_CFSI_PT,M,2025-M05,2.273596296532078,0,,,,,,,,,,SC,,,,,,
dataflow,IMF.STA:FSIC(13.0.1),R,CHL,S12CFSI,AQ12_CFSI_PT,M,2025-M06,2.283942459122366,0,,,,,,,,,,SC,,,,,,
dataflow,IMF.STA:FSIC(13.0.1),R,CHL,S12CFSI,AQ12_CFSI_PT,M,2025-M07,2.279492454125148,0,,,,,,,,,,SC,,,,,,
dataflow,IMF.STA:FSIC(13.0.1),R,CHL,S12CFSI,AQ12_CFSI_PT,M,2025-M08,2.235932305751635,0,,,,,,,,,,SC,,,,,,
dataflow,IMF.STA:FSIC(13.0.1),R,CHL,S12CFSI,AQ12_CFSI_PT,M,2025-M09,2.347133602801784,0,,,,,,,,,,SC,,,,,,
dataflow,IMF.STA:FSIC(13.0.1),R,CHL,S12CFSI,AQ12_CFSI_PT,M,2025-M10,2.356771890869199,0,,,,,,,,,,SC,,,,,,
dataflow,IMF.STA:FSIC(13.0.1),R,CHL,S12CFSI,AQ12_CFSI_PT,M,2025-M11,2.350631535612418,0,,,,,,,,,,SC,,,,,,
dataflow,IMF.STA:FSIC(13.0.1),R,CHL,S12CFSI,AQ12_CFSI_PT,M,2025-M12,2.399903915037874,0,,,,,,,,,,SC,,,,,,
dataflow,IMF.STA:FSIC(13.0.1),R,CHL,S12CFSI,AQ12_CFSI_PT,Q,2001-Q1,1.833053791385872,0,,,,,,,,,,SC,,,,,,
dataflow,IMF.STA:FSIC(13.0.1),R,CHL,S12CFSI,AQ12_CFSI_PT,Q,2001-Q2,1.842081812684725,0,,,,,,,,,,SC,,,,,,
dataflow,IMF.STA:FSIC(13.0.1),R,CHL,S12CFSI,AQ12_CFSI_PT,Q,2001-Q3,1.818967002921484,0,,,,,,,,,,SC,,,,,,
dataflow,IMF.STA:FSIC(13.0.1),R,CHL,S12CFSI,AQ12_CFSI_PT,Q,2001-Q4,1.619158777869922,0,,,,,,,,,,SC,,,,,,
dataflow,IMF.STA:FSIC(13.0.1),R,CHL,S12CFSI,AQ12_CFSI_PT,Q,2002-Q1,1.738722809475151,0,,,,,,,,,,SC,,,,,,
dataflow,IMF.STA:FSIC(13.0.1),R,CHL,S12CFSI,AQ12_CFSI_PT,Q,2002-Q2,1.779233913617877,0,,,,,,,,,,SC,,,,,,
dataflow,IMF.STA:FSIC(13.0.1),R,CHL,S12CFSI,AQ12_CFSI_PT,Q,2002-Q3,1.85882852612718,0,,,,,,,,,,SC,,,,,,
dataflow,IMF.STA:FSIC(13.0.1),R,CHL,S12CFSI,AQ12_CFSI_PT,Q,2002-Q4,1.822996837873799,0,,,,,,,,,,SC,,,,,,
dataflow,IMF.STA:FSIC(13.0.1),R,CHL,S12CFSI,AQ12_CFSI_PT,Q,2003-Q1,1.895518784586807,0,,,,,,,,,,SC,,,,,,
dataflow,IMF.STA:FSIC(13.0.1),R,CHL,S12CFSI,AQ12_CFSI_PT,Q,2003-Q2,1.888360002835579,0,,,,,,,,,,SC,,,,,,
dataflow,IMF.STA:FSIC(13.0.1),R,CHL,S12CFSI,AQ12_CFSI_PT,Q,2003-Q3,1.822024949768246,0,,,,,,,,,,SC,,,,,,
dataflow,IMF.STA:FSIC(13.0.1),R,CHL,S12CFSI,AQ12_CFSI_PT,Q,2003-Q4,1.634837878434277,0,,,,,,,,,,SC,,,,,,
dataflow,IMF.STA:FSIC(13.0.1),R,CHL,S12CFSI,AQ12_CFSI_PT,Q,2004-Q1,1.570298000722744,0,,,,,,,,,,SC,,,,,,
dataflow,IMF.STA:FSIC(13.0.1),R,CHL,S12CFSI,AQ12_CFSI_PT,Q,2004-Q2,1.48800388509341,0,,,,,,,,,,SC,,,,,,
dataflow,IMF.STA:FSIC(13.0.1),R,CHL,S12CFSI,AQ12_CFSI_PT,Q,2004-Q3,1.388215278647551,0,,,,,,,,,,SC,,,,,,
dataflow,IMF.STA:FSIC(13.0.1),R,CHL,S12CFSI,AQ12_CFSI_PT,Q,2004-Q4,1.202497505083069,0,,,,,,,,,,SC,,,,,,
dataflow,IMF.STA:FSIC(13.0.1),R,CHL,S12CFSI,AQ12_CFSI_PT,Q,2005-Q1,1.200005121183528,0,,,,,,,,,,SC,,,,,,
dataflow,IMF.STA:FSIC(13.0.1),R,CHL,S12CFSI,AQ12_CFSI_PT,Q,2005-Q2,1.103429616304198,0,,,,,,,,,,SC,,,,,,
dataflow,IMF.STA:FSIC(13.0.1),R,CHL,S12CFSI,AQ12_CFSI_PT,Q,2005-Q3,1.011756472600958,0,,,,,,,,,,SC,,,,,,
dataflow,IMF.STA:FSIC(13.0.1),R,CHL,S12CFSI,AQ12_CFSI_PT,Q,2005-Q4,0.9052893630284116,0,,,,,,,,,,SC,,,,,,
dataflow,IMF.STA:FSIC(13.0.1),R,CHL,S12CFSI,AQ12_CFSI_PT,Q,2006-Q1,0.8869746785739046,0,,,,,,,,,,SC,,,,,,
dataflow,IMF.STA:FSIC(13.0.1),R,CHL,S12CFSI,AQ12_CFSI_PT,Q,2006-Q2,0.8238292061686192,0,,,,,,,,,,SC,,,,,,
dataflow,IMF.STA:FSIC(13.0.1),R,CHL,S12CFSI,AQ12_CFSI_PT,Q,2006-Q3,0.7858958593545999,0,,,,,,,,,,SC,,,,,,
dataflow,IMF.STA:FSIC(13.0.1),R,CHL,S12CFSI,AQ12_CFSI_PT,Q,2006-Q4,0.7481312410777173,0,,,,,,,,,,SC,,,,,,
dataflow,IMF.STA:FSIC(13.0.1),R,CHL,S12CFSI,AQ12_CFSI_PT,Q,2007-Q1,0.7762119662836532,0,,,,,,,,,,SC,,,,,,
dataflow,IMF.STA:FSIC(13.0.1),R,CHL,S12CFSI,AQ12_CFSI_PT,Q,2007-Q2,0.8108944451561992,0,,,,,,,,,,SC,,,,,,
dataflow,IMF.STA:FSIC(13.0.1),R,CHL,S12CFSI,AQ12_CFSI_PT,Q,2007-Q3,0.8008717517945265,0,,,,,,,,,,SC,,,,,,
dataflow,IMF.STA:FSIC(13.0.1),R,CHL,S12CFSI,AQ12_CFSI_PT,Q,2007-Q4,0.7507015846832058,0,,,,,,,,,,SC,,,,,,
dataflow,IMF.STA:FSIC(13.0.1),R,CHL,S12CFSI,AQ12_CFSI_PT,Q,2008-Q1,0.8414647421086657,0,,,,,,,,,,SC,,,,,,
dataflow,IMF.STA:FSIC(13.0.1),R,CHL,S12CFSI,AQ12_CFSI_PT,Q,2008-Q2,0.8597432155258223,0,,,,,,,,,,SC,,,,,,
dataflow,IMF.STA:FSIC(13.0.1),R,CHL,S12CFSI,AQ12_CFSI_PT,Q,2008-Q3,0.8948204726150518,0,,,,,,,,,,SC,,,,,,
dataflow,IMF.STA:FSIC(13.0.1),R,CHL,S12CFSI,AQ12_CFSI_PT,Q,2008-Q4,0.9639821597184269,0,,,,,,,,,,SC,,,,,,
dataflow,IMF.STA:FSIC(13.0.1),R,CHL,S12CFSI,AQ12_CFSI_PT,Q,2009-Q1,2.664013670067057,0,,,,,,,,,,SC,,,,,,
dataflow,IMF.STA:FSIC(13.0.1),R,CHL,S12CFSI,AQ12_CFSI_PT,Q,2009-Q2,2.972476866934602,0,,,,,,,,,,SC,,,,,,
dataflow,IMF.STA:FSIC(13.0.1),R,CHL,S12CFSI,AQ12_CFSI_PT,Q,2009-Q3,3.222984418848613,0,,,,,,,,,,SC,,,,,,
dataflow,IMF.STA:FSIC(13.0.1),R,CHL,S12CFSI,AQ12_CFSI_PT,Q,2009-Q4,2.878041319706912,0,,,,,,,,,,SC,,,,,,
dataflow,IMF.STA:FSIC(13.0.1),R,CHL,S12CFSI,AQ12_CFSI_PT,Q,2010-Q1,2.99023571326397,0,,,,,,,,,,SC,,,,,,
dataflow,IMF.STA:FSIC(13.0.1),R,CHL,S12CFSI,AQ12_CFSI_PT,Q,2010-Q2,3.205800904145335,0,,,,,,,,,,SC,,,,,,
dataflow,IMF.STA:FSIC(13.0.1),R,CHL,S12CFSI,AQ12_CFSI_PT,Q,2010-Q3,2.778629979356754,0,,,,,,,,,,SC,,,,,,
dataflow,IMF.STA:FSIC(13.0.1),R,CHL,S12CFSI,AQ12_CFSI_PT,Q,2010-Q4,2.642363721259844,0,,,,,,,,,,SC,,,,,,
dataflow,IMF.STA:FSIC(13.0.1),R,CHL,S12CFSI,AQ12_CFSI_PT,Q,2011-Q1,2.544588354885141,0,,,,,,,,,,SC,,,,,,
dataflow,IMF.STA:FSIC(13.0.1),R,CHL,S12CFSI,AQ12_CFSI_PT,Q,2011-Q2,2.456917565778069,0,,,,,,,,,,SC,,,,,,
dataflow,IMF.STA:FSIC(13.0.1),R,CHL,S12CFSI,AQ12_CFSI_PT,Q,2011-Q3,2.387527742470661,0,,,,,,,,,,SC,,,,,,
dataflow,IMF.STA:FSIC(13.0.1),R,CHL,S12CFSI,AQ12_CFSI_PT,Q,2011-Q4,2.296898106262421,0,,,,,,,,,,SC,,,,,,
dataflow,IMF.STA:FSIC(13.0.1),R,CHL,S12CFSI,AQ12_CFSI_PT,Q,2012-Q1,2.498864327215281,0,,,,,,,,,,SC,,,,,,
dataflow,IMF.STA:FSIC(13.0.1),R,CHL,S12CFSI,AQ12_CFSI_PT,Q,2012-Q2,2.321314141124646,0,,,,,,,,,,SC,,,,,,
dataflow,IMF.STA:FSIC(13.0.1),R,CHL,S12CFSI,AQ12_CFSI_PT,Q,2012-Q3,2.170136416986998,0,,,,,,,,,,SC,,,,,,
dataflow,IMF.STA:FSIC(13.0.1),R,CHL,S12CFSI,AQ12_CFSI_PT,Q,2012-Q4,2.065214444176983,0,,,,,,,,,,SC,,,,,,
dataflow,IMF.STA:FSIC(13.0.1),R,CHL,S12CFSI,AQ12_CFSI_PT,Q,2013-Q1,2.11865761876854,0,,,,,,,,,,SC,,,,,,
dataflow,IMF.STA:FSIC(13.0.1),R,CHL,S12CFSI,AQ12_CFSI_PT,Q,2013-Q2,2.098792087787578,0,,,,,,,,,,SC,,,,,,
dataflow,IMF.STA:FSIC(13.0.1),R,CHL,S12CFSI,AQ12_CFSI_PT,Q,2013-Q3,2.011222041113723,0,,,,,,,,,,SC,,,,,,
dataflow,IMF.STA:FSIC(13.0.1),R,CHL,S12CFSI,AQ12_CFSI_PT,Q,2013-Q4,1.959806578526845,0,,,,,,,,,,SC,,,,,,
dataflow,IMF.STA:FSIC(13.0.1),R,CHL,S12CFSI,AQ12_CFSI_PT,Q,2014-Q1,1.971341149719191,0,,,,,,,,,,SC,,,,,,
dataflow,IMF.STA:FSIC(13.0.1),R,CHL,S12CFSI,AQ12_CFSI_PT,Q,2014-Q2,2.005690827726313,0,,,,,,,,,,SC,,,,,,
dataflow,IMF.STA:FSIC(13.0.1),R,CHL,S12CFSI,AQ12_CFSI_PT,Q,2014-Q3,1.952036037423584,0,,,,,,,,,,SC,,,,,,
dataflow,IMF.STA:FSIC(13.0.1),R,CHL,S12CFSI,AQ12_CFSI_PT,Q,2014-Q4,1.920555293685758,0,,,,,,,,,,SC,,,,,,
dataflow,IMF.STA:FSIC(13.0.1),R,CHL,S12CFSI,AQ12_CFSI_PT,Q,2015-Q1,1.926282442825163,0,,,,,,,,,,SC,,,,,,
dataflow,IMF.STA:FSIC(13.0.1),R,CHL,S12CFSI,AQ12_CFSI_PT,Q,2015-Q2,1.89550717570848,0,,,,,,,,,,SC,,,,,,
dataflow,IMF.STA:FSIC(13.0.1),R,CHL,S12CFSI,AQ12_CFSI_PT,Q,2015-Q3,1.826401977815874,0,,,,,,,,,,SC,,,,,,
dataflow,IMF.STA:FSIC(13.0.1),R,CHL,S12CFSI,AQ12_CFSI_PT,Q,2015-Q4,1.719744452355986,0,,,,,,,,,,SC,,,,,,
dataflow,IMF.STA:FSIC(13.0.1),R,CHL,S12CFSI,AQ12_CFSI_PT,Q,2016-Q1,1.930682421031607,0,,,,,,,,,,SC,,,,,,
dataflow,IMF.STA:FSIC(13.0.1),R,CHL,S12CFSI,AQ12_CFSI_PT,Q,2016-Q2,1.785227582904136,0,,,,,,,,,,SC,,,,,,
dataflow,IMF.STA:FSIC(13.0.1),R,CHL,S12CFSI,AQ12_CFSI_PT,Q,2016-Q3,1.806770376851194,0,,,,,,,,,,SC,,,,,,
dataflow,IMF.STA:FSIC(13.0.1),R,CHL,S12CFSI,AQ12_CFSI_PT,Q,2016-Q4,1.832636162192531,0,,,,,,,,,,SC,,,,,,
dataflow,IMF.STA:FSIC(13.0.1),R,CHL,S12CFSI,AQ12_CFSI_PT,Q,2017-Q1,1.982376605339172,0,,,,,,,,,,SC,,,,,,
dataflow,IMF.STA:FSIC(13.0.1),R,CHL,S12CFSI,AQ12_CFSI_PT,Q,2017-Q2,1.844281433114387,0,,,,,,,,,,SC,,,,,,
dataflow,IMF.STA:FSIC(13.0.1),R,CHL,S12CFSI,AQ12_CFSI_PT,Q,2017-Q3,1.852917069185951,0,,,,,,,,,,SC,,,,,,
dataflow,IMF.STA:FSIC(13.0.1),R,CHL,S12CFSI,AQ12_CFSI_PT,Q,2017-Q4,1.916362509252824,0,,,,,,,,,,SC,,,,,,
dataflow,IMF.STA:FSIC(13.0.1),R,CHL,S12CFSI,AQ12_CFSI_PT,Q,2018-Q1,1.945761123446131,0,,,,,,,,,,SC,,,,,,
dataflow,IMF.STA:FSIC(13.0.1),R,CHL,S12CFSI,AQ12_CFSI_PT,Q,2018-Q2,1.903541919795809,0,,,,,,,,,,SC,,,,,,
dataflow,IMF.STA:FSIC(13.0.1),R,CHL,S12CFSI,AQ12_CFSI_PT,Q,2018-Q3,1.918171232477736,0,,,,,,,,,,SC,,,,,,
dataflow,IMF.STA:FSIC(13.0.1),R,CHL,S12CFSI,AQ12_CFSI_PT,Q,2018-Q4,1.872014620938508,0,,,,,,,,,,SC,,,,,,
dataflow,IMF.STA:FSIC(13.0.1),R,CHL,S12CFSI,AQ12_CFSI_PT,Q,2019-Q1,1.923232000884806,0,,,,,,,,,,SC,,,,,,
dataflow,IMF.STA:FSIC(13.0.1),R,CHL,S12CFSI,AQ12_CFSI_PT,Q,2019-Q2,1.875373291663,0,,,,,,,,,,SC,,,,,,
dataflow,IMF.STA:FSIC(13.0.1),R,CHL,S12CFSI,AQ12_CFSI_PT,Q,2019-Q3,1.886713208074323,0,,,,,,,,,,SC,,,,,,
dataflow,IMF.STA:FSIC(13.0.1),R,CHL,S12CFSI,AQ12_CFSI_PT,Q,2019-Q4,2.055049192659932,0,,,,,,,,,,SC,,,,,,
dataflow,IMF.STA:FSIC(13.0.1),R,CHL,S12CFSI,AQ12_CFSI_PT,Q,2020-Q1,2.008296625477873,0,,,,,,,,,,SC,,,,,,
dataflow,IMF.STA:FSIC(13.0.1),R,CHL,S12CFSI,AQ12_CFSI_PT,Q,2020-Q2,1.995120424324465,0,,,,,,,,,,SC,,,,,,
dataflow,IMF.STA:FSIC(13.0.1),R,CHL,S12CFSI,AQ12_CFSI_PT,Q,2020-Q3,1.722873163304309,0,,,,,,,,,,SC,,,,,,
dataflow,IMF.STA:FSIC(13.0.1),R,CHL,S12CFSI,AQ12_CFSI_PT,Q,2020-Q4,1.552989247612188,0,,,,,,,,,,SC,,,,,,
dataflow,IMF.STA:FSIC(13.0.1),R,CHL,S12CFSI,AQ12_CFSI_PT,Q,2021-Q1,1.518948540711104,0,,,,,,,,,,SC,,,,,,
dataflow,IMF.STA:FSIC(13.0.1),R,CHL,S12CFSI,AQ12_CFSI_PT,Q,2021-Q2,1.496622058525922,0,,,,,,,,,,SC,,,,,,
dataflow,IMF.STA:FSIC(13.0.1),R,CHL,S12CFSI,AQ12_CFSI_PT,Q,2021-Q3,1.398084633559076,0,,,,,,,,,,SC,,,,,,
dataflow,IMF.STA:FSIC(13.0.1),R,CHL,S12CFSI,AQ12_CFSI_PT,Q,2021-Q4,1.228772349277572,0,,,,,,,,,,SC,,,,,,
dataflow,IMF.STA:FSIC(13.0.1),R,CHL,S12CFSI,AQ12_CFSI_PT,Q,2022-Q1,1.255892077902327,0,,,,,,,,,,SC,,,,,,
dataflow,IMF.STA:FSIC(13.0.1),R,CHL,S12CFSI,AQ12_CFSI_PT,Q,2022-Q2,1.388414737120564,0,,,,,,,,,,SC,,,,,,
dataflow,IMF.STA:FSIC(13.0.1),R,CHL,S12CFSI,AQ12_CFSI_PT,Q,2022-Q3,1.49605824930977,0,,,,,,,,,,SC,,,,,,
dataflow,IMF.STA:FSIC(13.0.1),R,CHL,S12CFSI,AQ12_CFSI_PT,Q,2022-Q4,1.665486210522723,0,,,,,,,,,,SC,,,,,,
dataflow,IMF.STA:FSIC(13.0.1),R,CHL,S12CFSI,AQ12_CFSI_PT,Q,2023-Q1,1.824488464816237,0,,,,,,,,,,SC,,,,,,
dataflow,IMF.STA:FSIC(13.0.1),R,CHL,S12CFSI,AQ12_CFSI_PT,Q,2023-Q2,1.907754615853961,0,,,,,,,,,,SC,,,,,,
dataflow,IMF.STA:FSIC(13.0.1),R,CHL,S12CFSI,AQ12_CFSI_PT,Q,2023-Q3,1.989950336143932,0,,,,,,,,,,SC,,,,,,
dataflow,IMF.STA:FSIC(13.0.1),R,CHL,S12CFSI,AQ12_CFSI_PT,Q,2023-Q4,2.104379036348834,0,,,,,,,,,,SC,,,,,,
dataflow,IMF.STA:FSIC(13.0.1),R,CHL,S12CFSI,AQ12_CFSI_PT,Q,2024-Q1,2.218324532714993,0,,,,,,,,,,SC,,,,,,
dataflow,IMF.STA:FSIC(13.0.1),R,CHL,S12CFSI,AQ12_CFSI_PT,Q,2024-Q2,2.27656703062186,0,,,,,,,,,,SC,,,,,,
dataflow,IMF.STA:FSIC(13.0.1),R,CHL,S12CFSI,AQ12_CFSI_PT,Q,2024-Q3,2.362282468018714,0,,,,,,,,,,SC,,,,,,
dataflow,IMF.STA:FSIC(13.0.1),R,CHL,S12CFSI,AQ12_CFSI_PT,Q,2024-Q4,2.342485450830614,0,,,,,,,,,,SC,,,,,,
dataflow,IMF.STA:FSIC(13.0.1),R,CHL,S12CFSI,AQ12_CFSI_PT,Q,2025-Q1,2.281618577715882,0,,,,,,,,,,SC,,,,,,
dataflow,IMF.STA:FSIC(13.0.1),R,CHL,S12CFSI,AQ12_CFSI_PT,Q,2025-Q2,2.283942459122366,0,,,,,,,,,,SC,,,,,,
dataflow,IMF.STA:FSIC(13.0.1),R,CHL,S12CFSI,AQ12_CFSI_PT,Q,2025-Q3,2.347133602801784,0,,,,,,,,,,SC,,,,,,
dataflow,IMF.STA:FSIC(13.0.1),R,CHL,S12CFSI,AQ12_CFSI_PT,Q,2025-Q4,2.399903915037874,0,,,,,,,,,,SC,,,,,,
dataflow,IMF.STA:FSIC(13.0.1),R,CHL,S12CFSI,FSI688_CFSI_PT,A,2001,12.73352940344061,0,,,,,,,,,,SC,,,,,,
dataflow,IMF.STA:FSIC(13.0.1),R,CHL,S12CFSI,FSI688_CFSI_PT,A,2002,14.01175549728846,0,,,,,,,,,,SC,,,,,,
dataflow,IMF.STA:FSIC(13.0.1),R,CHL,S12CFSI,FSI688_CFSI_PT,A,2003,14.06412208289228,0,,,,,,,,,,SC,,,,,,
dataflow,IMF.STA:FSIC(13.0.1),R,CHL,S12CFSI,FSI688_CFSI_PT,A,2004,13.54663859432042,0,,,,,,,,,,SC,,,,,,
dataflow,IMF.STA:FSIC(13.0.1),R,CHL,S12CFSI,FSI688_CFSI_PT,A,2005,12.9502164173243,0,,,,,,,,,,SC,,,,,,
dataflow,IMF.STA:FSIC(13.0.1),R,CHL,S12CFSI,FSI688_CFSI_PT,A,2006,12.53571059867003,0,,,,,,,,,,SC,,,,,,
dataflow,IMF.STA:FSIC(13.0.1),R,CHL,S12CFSI,FSI688_CFSI_PT,A,2007,12.18033033345512,0,,,,,,,,,,SC,,,,,,
dataflow,IMF.STA:FSIC(13.0.1),R,CHL,S12CFSI,FSI688_CFSI_PT,A,2008,12.52601757943363,0,,,,,,,,,,SC,,,,,,
dataflow,IMF.STA:FSIC(13.0.1),R,CHL,S12CFSI,FSI688_CFSI_PT,A,2009,14.33851184581899,0,,,,,,,,,,SC,,,,,,
dataflow,IMF.STA:FSIC(13.0.1),R,CHL,S12CFSI,FSI688_CFSI_PT,A,2010,14.13836329933048,0,,,,,,,,,,SC,,,,,,
dataflow,IMF.STA:FSIC(13.0.1),R,CHL,S12CFSI,FSI688_CFSI_PT,A,2011,13.93458993381786,0,,,,,,,,,,SC,,,,,,
dataflow,IMF.STA:FSIC(13.0.1),R,CHL,S12CFSI,FSI688_CFSI_PT,A,2012,13.31212248595088,0,,,,,,,,,,SC,,,,,,
dataflow,IMF.STA:FSIC(13.0.1),R,CHL,S12CFSI,FSI688_CFSI_PT,A,2013,13.32435375630175,0,,,,,,,,,,SC,,,,,,
dataflow,IMF.STA:FSIC(13.0.1),R,CHL,S12CFSI,FSI688_CFSI_PT,A,2014,13.38504977632498,0,,,,,,,,,,SC,,,,,,
dataflow,IMF.STA:FSIC(13.0.1),R,CHL,S12CFSI,FSI688_CFSI_PT,A,2015,12.62035091045231,0,,,,,,,,,,SC,,,,,,
dataflow,IMF.STA:FSIC(13.0.1),R,CHL,S12CFSI,FSI688_CFSI_PT,A,2016,13.779784370824,0,,,,,,,,,,SC,,,,,,
dataflow,IMF.STA:FSIC(13.0.1),R,CHL,S12CFSI,FSI688_CFSI_PT,A,2017,13.76440914040645,0,,,,,,,,,,SC,,,,,,
dataflow,IMF.STA:FSIC(13.0.1),R,CHL,S12CFSI,FSI688_CFSI_PT,A,2018,13.32045617377257,0,,,,,,,,,,SC,,,,,,
dataflow,IMF.STA:FSIC(13.0.1),R,CHL,S12CFSI,FSI688_CFSI_PT,A,2019,12.83655434681395,0,,,,,,,,,,SC,,,,,,
dataflow,IMF.STA:FSIC(13.0.1),R,CHL,S12CFSI,FSI688_CFSI_PT,A,2020,14.66847871959659,0,,,,,,,,,,SC,,,,,,
dataflow,IMF.STA:FSIC(13.0.1),R,CHL,S12CFSI,FSI688_CFSI_PT,A,2021,14.84528537232411,0,,,,,,,,,,SC,,,,,,
dataflow,IMF.STA:FSIC(13.0.1),R,CHL,S12CFSI,FSI688_CFSI_PT,A,2022,15.60336691228073,0,,,,,,,,,,SC,,,,,,
dataflow,IMF.STA:FSIC(13.0.1),R,CHL,S12CFSI,FSI688_CFSI_PT,A,2023,16.16373106039971,0,,,,,,,,,,SC,,,,,,
dataflow,IMF.STA:FSIC(13.0.1),R,CHL,S12CFSI,FSI688_CFSI_PT,A,2024,16.87716113805209,0,,,,,,,,,,SC,,,,,,
dataflow,IMF.STA:FSIC(13.0.1),R,CHL,S12CFSI,FSI688_CFSI_PT,A,2025,17.15727681099738,0,,,,,,,,,,SC,,,,,,
dataflow,IMF.STA:FSIC(13.0.1),R,CHL,S12CFSI,FSI688_CFSI_PT,M,2001-M01,14.81860158167233,0,,,,,,,,,,SC,,,,,,
dataflow,IMF.STA:FSIC(13.0.1),R,CHL,S12CFSI,FSI688_CFSI_PT,M,2001-M02,14.85413650514284,0,,,,,,,,,,SC,,,,,,
dataflow,IMF.STA:FSIC(13.0.1),R,CHL,S12CFSI,FSI688_CFSI_PT,M,2001-M03,13.78891493705677,0,,,,,,,,,,SC,,,,,,
dataflow,IMF.STA:FSIC(13.0.1),R,CHL,S12CFSI,FSI688_CFSI_PT,M,2001-M04,13.67008601216764,0,,,,,,,,,,SC,,,,,,
dataflow,IMF.STA:FSIC(13.0.1),R,CHL,S12CFSI,FSI688_CFSI_PT,M,2001-M05,13.12926206136394,0,,,,,,,,,,SC,,,,,,
dataflow,IMF.STA:FSIC(13.0.1),R,CHL,S12CFSI,FSI688_CFSI_PT,M,2001-M06,12.91566111494635,0,,,,,,,,,,SC,,,,,,
dataflow,IMF.STA:FSIC(13.0.1),R,CHL,S12CFSI,FSI688_CFSI_PT,M,2001-M07,12.89893134158168,0,,,,,,,,,,SC,,,,,,
dataflow,IMF.STA:FSIC(13.0.1),R,CHL,S12CFSI,FSI688_CFSI_PT,M,2001-M08,13.05636395922655,0,,,,,,,,,,SC,,,,,,
dataflow,IMF.STA:FSIC(13.0.1),R,CHL,S12CFSI,FSI688_CFSI_PT,M,2001-M09,12.8592001345082,0,,,,,,,,,,SC,,,,,,
dataflow,IMF.STA:FSIC(13.0.1),R,CHL,S12CFSI,FSI688_CFSI_PT,M,2001-M10,12.74047305381235,0,,,,,,,,,,SC,,,,,,
dataflow,IMF.STA:FSIC(13.0.1),R,CHL,S12CFSI,FSI688_CFSI_PT,M,2001-M11,12.7265193854821,0,,,,,,,,,,SC,,,,,,
dataflow,IMF.STA:FSIC(13.0.1),R,CHL,S12CFSI,FSI688_CFSI_PT,M,2001-M12,12.73352940344061,0,,,,,,,,,,SC,,,,,,
dataflow,IMF.STA:FSIC(13.0.1),R,CHL,S12CFSI,FSI688_CFSI_PT,M,2002-M01,14.40674140391622,0,,,,,,,,,,SC,,,,,,
dataflow,IMF.STA:FSIC(13.0.1),R,CHL,S12CFSI,FSI688_CFSI_PT,M,2002-M02,14.5948051227393,0,,,,,,,,,,SC,,,,,,
dataflow,IMF.STA:FSIC(13.0.1),R,CHL,S12CFSI,FSI688_CFSI_PT,M,2002-M03,13.71002757146093,0,,,,,,,,,,SC,,,,,,
dataflow,IMF.STA:FSIC(13.0.1),R,CHL,S12CFSI,FSI688_CFSI_PT,M,2002-M04,13.37304315882406,0,,,,,,,,,,SC,,,,,,
dataflow,IMF.STA:FSIC(13.0.1),R,CHL,S12CFSI,FSI688_CFSI_PT,M,2002-M05,13.22166796279933,0,,,,,,,,,,SC,,,,,,
dataflow,IMF.STA:FSIC(13.0.1),R,CHL,S12CFSI,FSI688_CFSI_PT,M,2002-M06,13.41869416778389,0,,,,,,,,,,SC,,,,,,
dataflow,IMF.STA:FSIC(13.0.1),R,CHL,S12CFSI,FSI688_CFSI_PT,M,2002-M07,13.44118331986556,0,,,,,,,,,,SC,,,,,,
dataflow,IMF.STA:FSIC(13.0.1),R,CHL,S12CFSI,FSI688_CFSI_PT,M,2002-M08,13.58042345941073,0,,,,,,,,,,SC,,,,,,
dataflow,IMF.STA:FSIC(13.0.1),R,CHL,S12CFSI,FSI688_CFSI_PT,M,2002-M09,13.51375228341353,0,,,,,,,,,,SC,,,,,,
dataflow,IMF.STA:FSIC(13.0.1),R,CHL,S12CFSI,FSI688_CFSI_PT,M,2002-M10,13.44883695757003,0,,,,,,,,,,SC,,,,,,
dataflow,IMF.STA:FSIC(13.0.1),R,CHL,S12CFSI,FSI688_CFSI_PT,M,2002-M11,13.88903779547019,0,,,,,,,,,,SC,,,,,,
dataflow,IMF.STA:FSIC(13.0.1),R,CHL,S12CFSI,FSI688_CFSI_PT,M,2002-M12,14.01175549728846,0,,,,,,,,,,SC,,,,,,
dataflow,IMF.STA:FSIC(13.0.1),R,CHL,S12CFSI,FSI688_CFSI_PT,M,2003-M01,15.22409481589662,0,,,,,,,,,,SC,,,,,,
dataflow,IMF.STA:FSIC(13.0.1),R,CHL,S12CFSI,FSI688_CFSI_PT,M,2003-M02,15.34822223044206,0,,,,,,,,,,SC,,,,,,
dataflow,IMF.STA:FSIC(13.0.1),R,CHL,S12CFSI,FSI688_CFSI_PT,M,2003-M03,15.15015939579609,0,,,,,,,,,,SC,,,,,,
dataflow,IMF.STA:FSIC(13.0.1),R,CHL,S12CFSI,FSI688_CFSI_PT,M,2003-M04,14.3954801406071,0,,,,,,,,,,SC,,,,,,
dataflow,IMF.STA:FSIC(13.0.1),R,CHL,S12CFSI,FSI688_CFSI_PT,M,2003-M05,14.49847374721304,0,,,,,,,,,,SC,,,,,,
dataflow,IMF.STA:FSIC(13.0.1),R,CHL,S12CFSI,FSI688_CFSI_PT,M,2003-M06,14.50927968159173,0,,,,,,,,,,SC,,,,,,
dataflow,IMF.STA:FSIC(13.0.1),R,CHL,S12CFSI,FSI688_CFSI_PT,M,2003-M07,14.47587645231926,0,,,,,,,,,,SC,,,,,,
dataflow,IMF.STA:FSIC(13.0.1),R,CHL,S12CFSI,FSI688_CFSI_PT,M,2003-M08,14.35281847470916,0,,,,,,,,,,SC,,,,,,
dataflow,IMF.STA:FSIC(13.0.1),R,CHL,S12CFSI,FSI688_CFSI_PT,M,2003-M09,14.5022875792431,0,,,,,,,,,,SC,,,,,,
dataflow,IMF.STA:FSIC(13.0.1),R,CHL,S12CFSI,FSI688_CFSI_PT,M,2003-M10,14.35388954266462,0,,,,,,,,,,SC,,,,,,
dataflow,IMF.STA:FSIC(13.0.1),R,CHL,S12CFSI,FSI688_CFSI_PT,M,2003-M11,14.14141276596981,0,,,,,,,,,,SC,,,,,,
dataflow,IMF.STA:FSIC(13.0.1),R,CHL,S12CFSI,FSI688_CFSI_PT,M,2003-M12,14.06412208289228,0,,,,,,,,,,SC,,,,,,
dataflow,IMF.STA:FSIC(13.0.1),R,CHL,S12CFSI,FSI688_CFSI_PT,M,2004-M01,15.76859309702221,0,,,,,,,,,,SC,,,,,,
dataflow,IMF.STA:FSIC(13.0.1),R,CHL,S12CFSI,FSI688_CFSI_PT,M,2004-M02,15.76446023605003,0,,,,,,,,,,SC,,,,,,
dataflow,IMF.STA:FSIC(13.0.1),R,CHL,S12CFSI,FSI688_CFSI_PT,M,2004-M03,15.0010130441637,0,,,,,,,,,,SC,,,,,,
dataflow,IMF.STA:FSIC(13.0.1),R,CHL,S12CFSI,FSI688_CFSI_PT,M,2004-M04,13.6004449053804,0,,,,,,,,,,SC,,,,,,
dataflow,IMF.STA:FSIC(13.0.1),R,CHL,S12CFSI,FSI688_CFSI_PT,M,2004-M05,13.65723871676496,0,,,,,,,,,,SC,,,,,,
dataflow,IMF.STA:FSIC(13.0.1),R,CHL,S12CFSI,FSI688_CFSI_PT,M,2004-M06,13.4706462860708,0,,,,,,,,,,SC,,,,,,
dataflow,IMF.STA:FSIC(13.0.1),R,CHL,S12CFSI,FSI688_CFSI_PT,M,2004-M07,13.40952619258935,0,,,,,,,,,,SC,,,,,,
dataflow,IMF.STA:FSIC(13.0.1),R,CHL,S12CFSI,FSI688_CFSI_PT,M,2004-M08,13.27919652638488,0,,,,,,,,,,SC,,,,,,
dataflow,IMF.STA:FSIC(13.0.1),R,CHL,S12CFSI,FSI688_CFSI_PT,M,2004-M09,13.28382756686454,0,,,,,,,,,,SC,,,,,,
dataflow,IMF.STA:FSIC(13.0.1),R,CHL,S12CFSI,FSI688_CFSI_PT,M,2004-M10,13.05633590754348,0,,,,,,,,,,SC,,,,,,
dataflow,IMF.STA:FSIC(13.0.1),R,CHL,S12CFSI,FSI688_CFSI_PT,M,2004-M11,12.81386665382361,0,,,,,,,,,,SC,,,,,,
dataflow,IMF.STA:FSIC(13.0.1),R,CHL,S12CFSI,FSI688_CFSI_PT,M,2004-M12,13.54663859432042,0,,,,,,,,,,SC,,,,,,
dataflow,IMF.STA:FSIC(13.0.1),R,CHL,S12CFSI,FSI688_CFSI_PT,M,2005-M01,14.973252700365,0,,,,,,,,,,SC,,,,,,
dataflow,IMF.STA:FSIC(13.0.1),R,CHL,S12CFSI,FSI688_CFSI_PT,M,2005-M02,14.81080532226161,0,,,,,,,,,,SC,,,,,,
dataflow,IMF.STA:FSIC(13.0.1),R,CHL,S12CFSI,FSI688_CFSI_PT,M,2005-M03,14.19641767870016,0,,,,,,,,,,SC,,,,,,
dataflow,IMF.STA:FSIC(13.0.1),R,CHL,S12CFSI,FSI688_CFSI_PT,M,2005-M04,13.48567925791097,0,,,,,,,,,,SC,,,,,,
dataflow,IMF.STA:FSIC(13.0.1),R,CHL,S12CFSI,FSI688_CFSI_PT,M,2005-M05,13.40578681747173,0,,,,,,,,,,SC,,,,,,
dataflow,IMF.STA:FSIC(13.0.1),R,CHL,S12CFSI,FSI688_CFSI_PT,M,2005-M06,13.45508533696513,0,,,,,,,,,,SC,,,,,,
dataflow,IMF.STA:FSIC(13.0.1),R,CHL,S12CFSI,FSI688_CFSI_PT,M,2005-M07,13.50801875064421,0,,,,,,,,,,SC,,,,,,
dataflow,IMF.STA:FSIC(13.0.1),R,CHL,S12CFSI,FSI688_CFSI_PT,M,2005-M08,13.49930331145795,0,,,,,,,,,,SC,,,,,,
dataflow,IMF.STA:FSIC(13.0.1),R,CHL,S12CFSI,FSI688_CFSI_PT,M,2005-M09,13.3215417283991,0,,,,,,,,,,SC,,,,,,
dataflow,IMF.STA:FSIC(13.0.1),R,CHL,S12CFSI,FSI688_CFSI_PT,M,2005-M10,13.27010885405734,0,,,,,,,,,,SC,,,,,,
dataflow,IMF.STA:FSIC(13.0.1),R,CHL,S12CFSI,FSI688_CFSI_PT,M,2005-M11,12.96861773883512,0,,,,,,,,,,SC,,,,,,
dataflow,IMF.STA:FSIC(13.0.1),R,CHL,S12CFSI,FSI688_CFSI_PT,M,2005-M12,12.9502164173243,0,,,,,,,,,,SC,,,,,,
dataflow,IMF.STA:FSIC(13.0.1),R,CHL,S12CFSI,FSI688_CFSI_PT,M,2006-M01,14.56954318139609,0,,,,,,,,,,SC,,,,,,
dataflow,IMF.STA:FSIC(13.0.1),R,CHL,S12CFSI,FSI688_CFSI_PT,M,2006-M02,14.46268444904686,0,,,,,,,,,,SC,,,,,,
dataflow,IMF.STA:FSIC(13.0.1),R,CHL,S12CFSI,FSI688_CFSI_PT,M,2006-M03,13.84515645315633,0,,,,,,,,,,SC,,,,,,
dataflow,IMF.STA:FSIC(13.0.1),R,CHL,S12CFSI,FSI688_CFSI_PT,M,2006-M04,13.18014704330491,0,,,,,,,,,,SC,,,,,,
dataflow,IMF.STA:FSIC(13.0.1),R,CHL,S12CFSI,FSI688_CFSI_PT,M,2006-M05,13.01398964923659,0,,,,,,,,,,SC,,,,,,
dataflow,IMF.STA:FSIC(13.0.1),R,CHL,S12CFSI,FSI688_CFSI_PT,M,2006-M06,12.86288143197537,0,,,,,,,,,,SC,,,,,,
dataflow,IMF.STA:FSIC(13.0.1),R,CHL,S12CFSI,FSI688_CFSI_PT,M,2006-M07,12.86621072173033,0,,,,,,,,,,SC,,,,,,
dataflow,IMF.STA:FSIC(13.0.1),R,CHL,S12CFSI,FSI688_CFSI_PT,M,2006-M08,12.76132863604936,0,,,,,,,,,,SC,,,,,,
dataflow,IMF.STA:FSIC(13.0.1),R,CHL,S12CFSI,FSI688_CFSI_PT,M,2006-M09,12.99952089594823,0,,,,,,,,,,SC,,,,,,
dataflow,IMF.STA:FSIC(13.0.1),R,CHL,S12CFSI,FSI688_CFSI_PT,M,2006-M10,12.95508604720219,0,,,,,,,,,,SC,,,,,,
dataflow,IMF.STA:FSIC(13.0.1),R,CHL,S12CFSI,FSI688_CFSI_PT,M,2006-M11,12.68912086053344,0,,,,,,,,,,SC,,,,,,
dataflow,IMF.STA:FSIC(13.0.1),R,CHL,S12CFSI,FSI688_CFSI_PT,M,2006-M12,12.53571059867003,0,,,,,,,,,,SC,,,,,,
dataflow,IMF.STA:FSIC(13.0.1),R,CHL,S12CFSI,FSI688_CFSI_PT,M,2007-M01,13.91288160303139,0,,,,,,,,,,SC,,,,,,
dataflow,IMF.STA:FSIC(13.0.1),R,CHL,S12CFSI,FSI688_CFSI_PT,M,2007-M02,13.78189535429081,0,,,,,,,,,,SC,,,,,,
dataflow,IMF.STA:FSIC(13.0.1),R,CHL,S12CFSI,FSI688_CFSI_PT,M,2007-M03,13.30284017587169,0,,,,,,,,,,SC,,,,,,
dataflow,IMF.STA:FSIC(13.0.1),R,CHL,S12CFSI,FSI688_CFSI_PT,M,2007-M04,12.76211690103422,0,,,,,,,,,,SC,,,,,,
dataflow,IMF.STA:FSIC(13.0.1),R,CHL,S12CFSI,FSI688_CFSI_PT,M,2007-M05,12.6269185132829,0,,,,,,,,,,SC,,,,,,
dataflow,IMF.STA:FSIC(13.0.1),R,CHL,S12CFSI,FSI688_CFSI_PT,M,2007-M06,12.55312828625858,0,,,,,,,,,,SC,,,,,,
dataflow,IMF.STA:FSIC(13.0.1),R,CHL,S12CFSI,FSI688_CFSI_PT,M,2007-M07,12.65532764985235,0,,,,,,,,,,SC,,,,,,
dataflow,IMF.STA:FSIC(13.0.1),R,CHL,S12CFSI,FSI688_CFSI_PT,M,2007-M08,12.62257550482842,0,,,,,,,,,,SC,,,,,,
dataflow,IMF.STA:FSIC(13.0.1),R,CHL,S12CFSI,FSI688_CFSI_PT,M,2007-M09,12.46216396078032,0,,,,,,,,,,SC,,,,,,
dataflow,IMF.STA:FSIC(13.0.1),R,CHL,S12CFSI,FSI688_CFSI_PT,M,2007-M10,12.24927033775252,0,,,,,,,,,,SC,,,,,,
dataflow,IMF.STA:FSIC(13.0.1),R,CHL,S12CFSI,FSI688_CFSI_PT,M,2007-M11,12.02682343308127,0,,,,,,,,,,SC,,,,,,
dataflow,IMF.STA:FSIC(13.0.1),R,CHL,S12CFSI,FSI688_CFSI_PT,M,2007-M12,12.18033033345512,0,,,,,,,,,,SC,,,,,,
dataflow,IMF.STA:FSIC(13.0.1),R,CHL,S12CFSI,FSI688_CFSI_PT,M,2008-M01,12.73132300128144,0,,,,,,,,,,SC,,,,,,
dataflow,IMF.STA:FSIC(13.0.1),R,CHL,S12CFSI,FSI688_CFSI_PT,M,2008-M02,12.5656658244966,0,,,,,,,,,,SC,,,,,,
dataflow,IMF.STA:FSIC(13.0.1),R,CHL,S12CFSI,FSI688_CFSI_PT,M,2008-M03,12.35992667552693,0,,,,,,,,,,SC,,,,,,
dataflow,IMF.STA:FSIC(13.0.1),R,CHL,S12CFSI,FSI688_CFSI_PT,M,2008-M04,12.24487102378395,0,,,,,,,,,,SC,,,,,,
dataflow,IMF.STA:FSIC(13.0.1),R,CHL,S12CFSI,FSI688_CFSI_PT,M,2008-M05,12.23612300894173,0,,,,,,,,,,SC,,,,,,
dataflow,IMF.STA:FSIC(13.0.1),R,CHL,S12CFSI,FSI688_CFSI_PT,M,2008-M06,11.98831596585558,0,,,,,,,,,,SC,,,,,,
dataflow,IMF.STA:FSIC(13.0.1),R,CHL,S12CFSI,FSI688_CFSI_PT,M,2008-M07,12.41070405164708,0,,,,,,,,,,SC,,,,,,
dataflow,IMF.STA:FSIC(13.0.1),R,CHL,S12CFSI,FSI688_CFSI_PT,M,2008-M08,12.39233715799801,0,,,,,,,,,,SC,,,,,,
dataflow,IMF.STA:FSIC(13.0.1),R,CHL,S12CFSI,FSI688_CFSI_PT,M,2008-M09,12.20081781482612,0,,,,,,,,,,SC,,,,,,
dataflow,IMF.STA:FSIC(13.0.1),R,CHL,S12CFSI,FSI688_CFSI_PT,M,2008-M10,11.7077451189211,0,,,,,,,,,,SC,,,,,,
dataflow,IMF.STA:FSIC(13.0.1),R,CHL,S12CFSI,FSI688_CFSI_PT,M,2008-M11,12.05228359406777,0,,,,,,,,,,SC,,,,,,
dataflow,IMF.STA:FSIC(13.0.1),R,CHL,S12CFSI,FSI688_CFSI_PT,M,2008-M12,12.52601757943363,0,,,,,,,,,,SC,,,,,,
dataflow,IMF.STA:FSIC(13.0.1),R,CHL,S12CFSI,FSI688_CFSI_PT,M,2009-M01,12.91620636656408,0,,,,,,,,,,SC,,,,,,
dataflow,IMF.STA:FSIC(13.0.1),R,CHL,S12CFSI,FSI688_CFSI_PT,M,2009-M02,13.37386477871423,0,,,,,,,,,,SC,,,,,,
dataflow,IMF.STA:FSIC(13.0.1),R,CHL,S12CFSI,FSI688_CFSI_PT,M,2009-M03,13.57211168892694,0,,,,,,,,,,SC,,,,,,
dataflow,IMF.STA:FSIC(13.0.1),R,CHL,S12CFSI,FSI688_CFSI_PT,M,2009-M04,13.63939646258108,0,,,,,,,,,,SC,,,,,,
dataflow,IMF.STA:FSIC(13.0.1),R,CHL,S12CFSI,FSI688_CFSI_PT,M,2009-M05,13.70854221759302,0,,,,,,,,,,SC,,,,,,
dataflow,IMF.STA:FSIC(13.0.1),R,CHL,S12CFSI,FSI688_CFSI_PT,M,2009-M06,13.99987704230938,0,,,,,,,,,,SC,,,,,,
dataflow,IMF.STA:FSIC(13.0.1),R,CHL,S12CFSI,FSI688_CFSI_PT,M,2009-M07,14.14792977577609,0,,,,,,,,,,SC,,,,,,
dataflow,IMF.STA:FSIC(13.0.1),R,CHL,S12CFSI,FSI688_CFSI_PT,M,2009-M08,14.17540283414009,0,,,,,,,,,,SC,,,,,,
dataflow,IMF.STA:FSIC(13.0.1),R,CHL,S12CFSI,FSI688_CFSI_PT,M,2009-M09,14.22463142260485,0,,,,,,,,,,SC,,,,,,
dataflow,IMF.STA:FSIC(13.0.1),R,CHL,S12CFSI,FSI688_CFSI_PT,M,2009-M10,14.31881304628292,0,,,,,,,,,,SC,,,,,,
dataflow,IMF.STA:FSIC(13.0.1),R,CHL,S12CFSI,FSI688_CFSI_PT,M,2009-M11,14.34743695563139,0,,,,,,,,,,SC,,,,,,
dataflow,IMF.STA:FSIC(13.0.1),R,CHL,S12CFSI,FSI688_CFSI_PT,M,2009-M12,14.33851184581899,0,,,,,,,,,,SC,,,,,,
dataflow,IMF.STA:FSIC(13.0.1),R,CHL,S12CFSI,FSI688_CFSI_PT,M,2010-M01,13.62242565527174,0,,,,,,,,,,SC,,,,,,
dataflow,IMF.STA:FSIC(13.0.1),R,CHL,S12CFSI,FSI688_CFSI_PT,M,2010-M02,14.53816690630747,0,,,,,,,,,,SC,,,,,,
dataflow,IMF.STA:FSIC(13.0.1),R,CHL,S12CFSI,FSI688_CFSI_PT,M,2010-M03,13.67414574415385,0,,,,,,,,,,SC,,,,,,
dataflow,IMF.STA:FSIC(13.0.1),R,CHL,S12CFSI,FSI688_CFSI_PT,M,2010-M04,13.74099125006183,0,,,,,,,,,,SC,,,,,,
dataflow,IMF.STA:FSIC(13.0.1),R,CHL,S12CFSI,FSI688_CFSI_PT,M,2010-M05,14.18694673743733,0,,,,,,,,,,SC,,,,,,
dataflow,IMF.STA:FSIC(13.0.1),R,CHL,S12CFSI,FSI688_CFSI_PT,M,2010-M06,13.94308637431792,0,,,,,,,,,,SC,,,,,,
dataflow,IMF.STA:FSIC(13.0.1),R,CHL,S12CFSI,FSI688_CFSI_PT,M,2010-M07,14.21082284426085,0,,,,,,,,,,SC,,,,,,
dataflow,IMF.STA:FSIC(13.0.1),R,CHL,S12CFSI,FSI688_CFSI_PT,M,2010-M08,14.30735930775506,0,,,,,,,,,,SC,,,,,,
dataflow,IMF.STA:FSIC(13.0.1),R,CHL,S12CFSI,FSI688_CFSI_PT,M,2010-M09,14.19038289582316,0,,,,,,,,,,SC,,,,,,
dataflow,IMF.STA:FSIC(13.0.1),R,CHL,S12CFSI,FSI688_CFSI_PT,M,2010-M10,14.15393956160186,0,,,,,,,,,,SC,,,,,,
dataflow,IMF.STA:FSIC(13.0.1),R,CHL,S12CFSI,FSI688_CFSI_PT,M,2010-M11,14.08424490675636,0,,,,,,,,,,SC,,,,,,
dataflow,IMF.STA:FSIC(13.0.1),R,CHL,S12CFSI,FSI688_CFSI_PT,M,2010-M12,14.13836329933048,0,,,,,,,,,,SC,,,,,,
dataflow,IMF.STA:FSIC(13.0.1),R,CHL,S12CFSI,FSI688_CFSI_PT,M,2011-M01,13.83063795446142,0,,,,,,,,,,SC,,,,,,
dataflow,IMF.STA:FSIC(13.0.1),R,CHL,S12CFSI,FSI688_CFSI_PT,M,2011-M02,13.82435631857571,0,,,,,,,,,,SC,,,,,,
dataflow,IMF.STA:FSIC(13.0.1),R,CHL,S12CFSI,FSI688_CFSI_PT,M,2011-M03,13.76790762376471,0,,,,,,,,,,SC,,,,,,
dataflow,IMF.STA:FSIC(13.0.1),R,CHL,S12CFSI,FSI688_CFSI_PT,M,2011-M04,13.66094621461129,0,,,,,,,,,,SC,,,,,,
dataflow,IMF.STA:FSIC(13.0.1),R,CHL,S12CFSI,FSI688_CFSI_PT,M,2011-M05,13.61388325182742,0,,,,,,,,,,SC,,,,,,
dataflow,IMF.STA:FSIC(13.0.1),R,CHL,S12CFSI,FSI688_CFSI_PT,M,2011-M06,13.77402251344509,0,,,,,,,,,,SC,,,,,,
dataflow,IMF.STA:FSIC(13.0.1),R,CHL,S12CFSI,FSI688_CFSI_PT,M,2011-M07,14.07337730474534,0,,,,,,,,,,SC,,,,,,
dataflow,IMF.STA:FSIC(13.0.1),R,CHL,S12CFSI,FSI688_CFSI_PT,M,2011-M08,14.20592689426171,0,,,,,,,,,,SC,,,,,,
dataflow,IMF.STA:FSIC(13.0.1),R,CHL,S12CFSI,FSI688_CFSI_PT,M,2011-M09,13.73477014067379,0,,,,,,,,,,SC,,,,,,
dataflow,IMF.STA:FSIC(13.0.1),R,CHL,S12CFSI,FSI688_CFSI_PT,M,2011-M10,13.88754501205114,0,,,,,,,,,,SC,,,,,,
dataflow,IMF.STA:FSIC(13.0.1),R,CHL,S12CFSI,FSI688_CFSI_PT,M,2011-M11,13.69013235508452,0,,,,,,,,,,SC,,,,,,
dataflow,IMF.STA:FSIC(13.0.1),R,CHL,S12CFSI,FSI688_CFSI_PT,M,2011-M12,13.93458993381786,0,,,,,,,,,,SC,,,,,,
dataflow,IMF.STA:FSIC(13.0.1),R,CHL,S12CFSI,FSI688_CFSI_PT,M,2012-M01,13.87538874357352,0,,,,,,,,,,SC,,,,,,
dataflow,IMF.STA:FSIC(13.0.1),R,CHL,S12CFSI,FSI688_CFSI_PT,M,2012-M02,13.74533119495693,0,,,,,,,,,,SC,,,,,,
dataflow,IMF.STA:FSIC(13.0.1),R,CHL,S12CFSI,FSI688_CFSI_PT,M,2012-M03,13.63535150877271,0,,,,,,,,,,SC,,,,,,
dataflow,IMF.STA:FSIC(13.0.1),R,CHL,S12CFSI,FSI688_CFSI_PT,M,2012-M04,13.46594554106899,0,,,,,,,,,,SC,,,,,,
dataflow,IMF.STA:FSIC(13.0.1),R,CHL,S12CFSI,FSI688_CFSI_PT,M,2012-M05,12.91504099249256,0,,,,,,,,,,SC,,,,,,
dataflow,IMF.STA:FSIC(13.0.1),R,CHL,S12CFSI,FSI688_CFSI_PT,M,2012-M06,13.10309625732337,0,,,,,,,,,,SC,,,,,,
dataflow,IMF.STA:FSIC(13.0.1),R,CHL,S12CFSI,FSI688_CFSI_PT,M,2012-M07,13.25682726390091,0,,,,,,,,,,SC,,,,,,
dataflow,IMF.STA:FSIC(13.0.1),R,CHL,S12CFSI,FSI688_CFSI_PT,M,2012-M08,13.08811547583751,0,,,,,,,,,,SC,,,,,,
dataflow,IMF.STA:FSIC(13.0.1),R,CHL,S12CFSI,FSI688_CFSI_PT,M,2012-M09,13.19386731979808,0,,,,,,,,,,SC,,,,,,
dataflow,IMF.STA:FSIC(13.0.1),R,CHL,S12CFSI,FSI688_CFSI_PT,M,2012-M10,13.21215016052949,0,,,,,,,,,,SC,,,,,,
dataflow,IMF.STA:FSIC(13.0.1),R,CHL,S12CFSI,FSI688_CFSI_PT,M,2012-M11,13.15575230959294,0,,,,,,,,,,SC,,,,,,
dataflow,IMF.STA:FSIC(13.0.1),R,CHL,S12CFSI,FSI688_CFSI_PT,M,2012-M12,13.31212248595088,0,,,,,,,,,,SC,,,,,,
dataflow,IMF.STA:FSIC(13.0.1),R,CHL,S12CFSI,FSI688_CFSI_PT,M,2013-M01,13.33684233899297,0,,,,,,,,,,SC,,,,,,
dataflow,IMF.STA:FSIC(13.0.1),R,CHL,S12CFSI,FSI688_CFSI_PT,M,2013-M02,13.57352141643333,0,,,,,,,,,,SC,,,,,,
dataflow,IMF.STA:FSIC(13.0.1),R,CHL,S12CFSI,FSI688_CFSI_PT,M,2013-M03,13.73266407660014,0,,,,,,,,,,SC,,,,,,
dataflow,IMF.STA:FSIC(13.0.1),R,CHL,S12CFSI,FSI688_CFSI_PT,M,2013-M04,13.42046757572243,0,,,,,,,,,,SC,,,,,,
dataflow,IMF.STA:FSIC(13.0.1),R,CHL,S12CFSI,FSI688_CFSI_PT,M,2013-M05,13.22817444308987,0,,,,,,,,,,SC,,,,,,
dataflow,IMF.STA:FSIC(13.0.1),R,CHL,S12CFSI,FSI688_CFSI_PT,M,2013-M06,13.1777639521852,0,,,,,,,,,,SC,,,,,,
dataflow,IMF.STA:FSIC(13.0.1),R,CHL,S12CFSI,FSI688_CFSI_PT,M,2013-M07,13.08456435140396,0,,,,,,,,,,SC,,,,,,
dataflow,IMF.STA:FSIC(13.0.1),R,CHL,S12CFSI,FSI688_CFSI_PT,M,2013-M08,12.84794188500153,0,,,,,,,,,,SC,,,,,,
dataflow,IMF.STA:FSIC(13.0.1),R,CHL,S12CFSI,FSI688_CFSI_PT,M,2013-M09,13.13323633799103,0,,,,,,,,,,SC,,,,,,
dataflow,IMF.STA:FSIC(13.0.1),R,CHL,S12CFSI,FSI688_CFSI_PT,M,2013-M10,13.22244870904903,0,,,,,,,,,,SC,,,,,,
dataflow,IMF.STA:FSIC(13.0.1),R,CHL,S12CFSI,FSI688_CFSI_PT,M,2013-M11,12.9672896625377,0,,,,,,,,,,SC,,,,,,
dataflow,IMF.STA:FSIC(13.0.1),R,CHL,S12CFSI,FSI688_CFSI_PT,M,2013-M12,13.32435375630175,0,,,,,,,,,,SC,,,,,,
dataflow,IMF.STA:FSIC(13.0.1),R,CHL,S12CFSI,FSI688_CFSI_PT,M,2014-M01,13.0769064220033,0,,,,,,,,,,SC,,,,,,
dataflow,IMF.STA:FSIC(13.0.1),R,CHL,S12CFSI,FSI688_CFSI_PT,M,2014-M02,13.15748482001876,0,,,,,,,,,,SC,,,,,,
dataflow,IMF.STA:FSIC(13.0.1),R,CHL,S12CFSI,FSI688_CFSI_PT,M,2014-M03,13.18476894359194,0,,,,,,,,,,SC,,,,,,
dataflow,IMF.STA:FSIC(13.0.1),R,CHL,S12CFSI,FSI688_CFSI_PT,M,2014-M04,13.15278658524982,0,,,,,,,,,,SC,,,,,,
dataflow,IMF.STA:FSIC(13.0.1),R,CHL,S12CFSI,FSI688_CFSI_PT,M,2014-M05,13.32867987799773,0,,,,,,,,,,SC,,,,,,
dataflow,IMF.STA:FSIC(13.0.1),R,CHL,S12CFSI,FSI688_CFSI_PT,M,2014-M06,13.46372742058366,0,,,,,,,,,,SC,,,,,,
dataflow,IMF.STA:FSIC(13.0.1),R,CHL,S12CFSI,FSI688_CFSI_PT,M,2014-M07,13.33548295913229,0,,,,,,,,,,SC,,,,,,
dataflow,IMF.STA:FSIC(13.0.1),R,CHL,S12CFSI,FSI688_CFSI_PT,M,2014-M08,13.25182008160655,0,,,,,,,,,,SC,,,,,,
dataflow,IMF.STA:FSIC(13.0.1),R,CHL,S12CFSI,FSI688_CFSI_PT,M,2014-M09,13.17859406512303,0,,,,,,,,,,SC,,,,,,
dataflow,IMF.STA:FSIC(13.0.1),R,CHL,S12CFSI,FSI688_CFSI_PT,M,2014-M10,13.38273227974764,0,,,,,,,,,,SC,,,,,,
dataflow,IMF.STA:FSIC(13.0.1),R,CHL,S12CFSI,FSI688_CFSI_PT,M,2014-M11,13.18629413051317,0,,,,,,,,,,SC,,,,,,
dataflow,IMF.STA:FSIC(13.0.1),R,CHL,S12CFSI,FSI688_CFSI_PT,M,2014-M12,13.38504977632498,0,,,,,,,,,,SC,,,,,,
dataflow,IMF.STA:FSIC(13.0.1),R,CHL,S12CFSI,FSI688_CFSI_PT,M,2015-M01,13.166456870388,0,,,,,,,,,,SC,,,,,,
dataflow,IMF.STA:FSIC(13.0.1),R,CHL,S12CFSI,FSI688_CFSI_PT,M,2015-M02,13.36959751946558,0,,,,,,,,,,SC,,,,,,
dataflow,IMF.STA:FSIC(13.0.1),R,CHL,S12CFSI,FSI688_CFSI_PT,M,2015-M03,13.24763438139408,0,,,,,,,,,,SC,,,,,,
dataflow,IMF.STA:FSIC(13.0.1),R,CHL,S12CFSI,FSI688_CFSI_PT,M,2015-M04,13.35105956327732,0,,,,,,,,,,SC,,,,,,
dataflow,IMF.STA:FSIC(13.0.1),R,CHL,S12CFSI,FSI688_CFSI_PT,M,2015-M05,13.3322471885346,0,,,,,,,,,,SC,,,,,,
dataflow,IMF.STA:FSIC(13.0.1),R,CHL,S12CFSI,FSI688_CFSI_PT,M,2015-M06,12.99936889174505,0,,,,,,,,,,SC,,,,,,
dataflow,IMF.STA:FSIC(13.0.1),R,CHL,S12CFSI,FSI688_CFSI_PT,M,2015-M07,12.69986642227823,0,,,,,,,,,,SC,,,,,,
dataflow,IMF.STA:FSIC(13.0.1),R,CHL,S12CFSI,FSI688_CFSI_PT,M,2015-M08,12.66975496061982,0,,,,,,,,,,SC,,,,,,
dataflow,IMF.STA:FSIC(13.0.1),R,CHL,S12CFSI,FSI688_CFSI_PT,M,2015-M09,12.61214862017975,0,,,,,,,,,,SC,,,,,,
dataflow,IMF.STA:FSIC(13.0.1),R,CHL,S12CFSI,FSI688_CFSI_PT,M,2015-M10,12.60802843220453,0,,,,,,,,,,SC,,,,,,
dataflow,IMF.STA:FSIC(13.0.1),R,CHL,S12CFSI,FSI688_CFSI_PT,M,2015-M11,12.63532809186567,0,,,,,,,,,,SC,,,,,,
dataflow,IMF.STA:FSIC(13.0.1),R,CHL,S12CFSI,FSI688_CFSI_PT,M,2015-M12,12.62035091045231,0,,,,,,,,,,SC,,,,,,
dataflow,IMF.STA:FSIC(13.0.1),R,CHL,S12CFSI,FSI688_CFSI_PT,M,2016-M01,12.43767207980841,0,,,,,,,,,,SC,,,,,,
dataflow,IMF.STA:FSIC(13.0.1),R,CHL,S12CFSI,FSI688_CFSI_PT,M,2016-M02,12.58352424670627,0,,,,,,,,,,SC,,,,,,
dataflow,IMF.STA:FSIC(13.0.1),R,CHL,S12CFSI,FSI688_CFSI_PT,M,2016-M03,12.94165774344052,0,,,,,,,,,,SC,,,,,,
dataflow,IMF.STA:FSIC(13.0.1),R,CHL,S12CFSI,FSI688_CFSI_PT,M,2016-M04,13.27464174337921,0,,,,,,,,,,SC,,,,,,
dataflow,IMF.STA:FSIC(13.0.1),R,CHL,S12CFSI,FSI688_CFSI_PT,M,2016-M05,13.36237865652801,0,,,,,,,,,,SC,,,,,,
dataflow,IMF.STA:FSIC(13.0.1),R,CHL,S12CFSI,FSI688_CFSI_PT,M,2016-M06,13.51458247071269,0,,,,,,,,,,SC,,,,,,
dataflow,IMF.STA:FSIC(13.0.1),R,CHL,S12CFSI,FSI688_CFSI_PT,M,2016-M07,13.76538533382055,0,,,,,,,,,,SC,,,,,,
dataflow,IMF.STA:FSIC(13.0.1),R,CHL,S12CFSI,FSI688_CFSI_PT,M,2016-M08,13.62071656061563,0,,,,,,,,,,SC,,,,,,
dataflow,IMF.STA:FSIC(13.0.1),R,CHL,S12CFSI,FSI688_CFSI_PT,M,2016-M09,13.76454283307299,0,,,,,,,,,,SC,,,,,,
dataflow,IMF.STA:FSIC(13.0.1),R,CHL,S12CFSI,FSI688_CFSI_PT,M,2016-M10,13.81427439555038,0,,,,,,,,,,SC,,,,,,
dataflow,IMF.STA:FSIC(13.0.1),R,CHL,S12CFSI,FSI688_CFSI_PT,M,2016-M11,13.7075424424039,0,,,,,,,,,,SC,,,,,,
dataflow,IMF.STA:FSIC(13.0.1),R,CHL,S12CFSI,FSI688_CFSI_PT,M,2016-M12,13.779784370824,0,,,,,,,,,,SC,,,,,,
dataflow,IMF.STA:FSIC(13.0.1),R,CHL,S12CFSI,FSI688_CFSI_PT,M,2017-M01,13.74648981559015,0,,,,,,,,,,SC,,,,,,
dataflow,IMF.STA:FSIC(13.0.1),R,CHL,S12CFSI,FSI688_CFSI_PT,M,2017-M02,13.6508042879441,0,,,,,,,,,,SC,,,,,,
dataflow,IMF.STA:FSIC(13.0.1),R,CHL,S12CFSI,FSI688_CFSI_PT,M,2017-M03,13.554468215522,0,,,,,,,,,,SC,,,,,,
dataflow,IMF.STA:FSIC(13.0.1),R,CHL,S12CFSI,FSI688_CFSI_PT,M,2017-M04,13.52528200009528,0,,,,,,,,,,SC,,,,,,
dataflow,IMF.STA:FSIC(13.0.1),R,CHL,S12CFSI,FSI688_CFSI_PT,M,2017-M05,13.49091217358181,0,,,,,,,,,,SC,,,,,,
dataflow,IMF.STA:FSIC(13.0.1),R,CHL,S12CFSI,FSI688_CFSI_PT,M,2017-M06,13.62713681296161,0,,,,,,,,,,SC,,,,,,
dataflow,IMF.STA:FSIC(13.0.1),R,CHL,S12CFSI,FSI688_CFSI_PT,M,2017-M07,13.67450783707639,0,,,,,,,,,,SC,,,,,,
dataflow,IMF.STA:FSIC(13.0.1),R,CHL,S12CFSI,FSI688_CFSI_PT,M,2017-M08,13.68489962389554,0,,,,,,,,,,SC,,,,,,
dataflow,IMF.STA:FSIC(13.0.1),R,CHL,S12CFSI,FSI688_CFSI_PT,M,2017-M09,13.74624987109415,0,,,,,,,,,,SC,,,,,,
dataflow,IMF.STA:FSIC(13.0.1),R,CHL,S12CFSI,FSI688_CFSI_PT,M,2017-M10,13.75502765928379,0,,,,,,,,,,SC,,,,,,
dataflow,IMF.STA:FSIC(13.0.1),R,CHL,S12CFSI,FSI688_CFSI_PT,M,2017-M11,13.56528207402479,0,,,,,,,,,,SC,,,,,,
dataflow,IMF.STA:FSIC(13.0.1),R,CHL,S12CFSI,FSI688_CFSI_PT,M,2017-M12,13.76440914040645,0,,,,,,,,,,SC,,,,,,
dataflow,IMF.STA:FSIC(13.0.1),R,CHL,S12CFSI,FSI688_CFSI_PT,M,2018-M01,13.67297319622956,0,,,,,,,,,,SC,,,,,,
dataflow,IMF.STA:FSIC(13.0.1),R,CHL,S12CFSI,FSI688_CFSI_PT,M,2018-M02,13.77685719290009,0,,,,,,,,,,SC,,,,,,
dataflow,IMF.STA:FSIC(13.0.1),R,CHL,S12CFSI,FSI688_CFSI_PT,M,2018-M03,13.62244873026896,0,,,,,,,,,,SC,,,,,,
dataflow,IMF.STA:FSIC(13.0.1),R,CHL,S12CFSI,FSI688_CFSI_PT,M,2018-M04,13.47933459407987,0,,,,,,,,,,SC,,,,,,
dataflow,IMF.STA:FSIC(13.0.1),R,CHL,S12CFSI,FSI688_CFSI_PT,M,2018-M05,13.27907453123507,0,,,,,,,,,,SC,,,,,,
dataflow,IMF.STA:FSIC(13.0.1),R,CHL,S12CFSI,FSI688_CFSI_PT,M,2018-M06,13.04284535874935,0,,,,,,,,,,SC,,,,,,
dataflow,IMF.STA:FSIC(13.0.1),R,CHL,S12CFSI,FSI688_CFSI_PT,M,2018-M07,13.17960018606445,0,,,,,,,,,,SC,,,,,,
dataflow,IMF.STA:FSIC(13.0.1),R,CHL,S12CFSI,FSI688_CFSI_PT,M,2018-M08,12.80692632704576,0,,,,,,,,,,SC,,,,,,
dataflow,IMF.STA:FSIC(13.0.1),R,CHL,S12CFSI,FSI688_CFSI_PT,M,2018-M09,13.08042914076206,0,,,,,,,,,,SC,,,,,,
dataflow,IMF.STA:FSIC(13.0.1),R,CHL,S12CFSI,FSI688_CFSI_PT,M,2018-M10,12.88870934681098,0,,,,,,,,,,SC,,,,,,
dataflow,IMF.STA:FSIC(13.0.1),R,CHL,S12CFSI,FSI688_CFSI_PT,M,2018-M11,13.32307645552928,0,,,,,,,,,,SC,,,,,,
dataflow,IMF.STA:FSIC(13.0.1),R,CHL,S12CFSI,FSI688_CFSI_PT,M,2018-M12,13.32045617377257,0,,,,,,,,,,SC,,,,,,
dataflow,IMF.STA:FSIC(13.0.1),R,CHL,S12CFSI,FSI688_CFSI_PT,M,2019-M01,13.36676451028775,0,,,,,,,,,,SC,,,,,,
dataflow,IMF.STA:FSIC(13.0.1),R,CHL,S12CFSI,FSI688_CFSI_PT,M,2019-M02,13.51459865535262,0,,,,,,,,,,SC,,,,,,
dataflow,IMF.STA:FSIC(13.0.1),R,CHL,S12CFSI,FSI688_CFSI_PT,M,2019-M03,13.2817344760787,0,,,,,,,,,,SC,,,,,,
dataflow,IMF.STA:FSIC(13.0.1),R,CHL,S12CFSI,FSI688_CFSI_PT,M,2019-M04,13.19166385551208,0,,,,,,,,,,SC,,,,,,
dataflow,IMF.STA:FSIC(13.0.1),R,CHL,S12CFSI,FSI688_CFSI_PT,M,2019-M05,12.96454306532206,0,,,,,,,,,,SC,,,,,,
dataflow,IMF.STA:FSIC(13.0.1),R,CHL,S12CFSI,FSI688_CFSI_PT,M,2019-M06,13.24835655412762,0,,,,,,,,,,SC,,,,,,
dataflow,IMF.STA:FSIC(13.0.1),R,CHL,S12CFSI,FSI688_CFSI_PT,M,2019-M07,13.12943735805094,0,,,,,,,,,,SC,,,,,,
dataflow,IMF.STA:FSIC(13.0.1),R,CHL,S12CFSI,FSI688_CFSI_PT,M,2019-M08,13.07476086837109,0,,,,,,,,,,SC,,,,,,
dataflow,IMF.STA:FSIC(13.0.1),R,CHL,S12CFSI,FSI688_CFSI_PT,M,2019-M09,12.98449277905922,0,,,,,,,,,,SC,,,,,,
dataflow,IMF.STA:FSIC(13.0.1),R,CHL,S12CFSI,FSI688_CFSI_PT,M,2019-M10,12.86245801459841,0,,,,,,,,,,SC,,,,,,
dataflow,IMF.STA:FSIC(13.0.1),R,CHL,S12CFSI,FSI688_CFSI_PT,M,2019-M11,12.46872368641081,0,,,,,,,,,,SC,,,,,,
dataflow,IMF.STA:FSIC(13.0.1),R,CHL,S12CFSI,FSI688_CFSI_PT,M,2019-M12,12.83655434681395,0,,,,,,,,,,SC,,,,,,
dataflow,IMF.STA:FSIC(13.0.1),R,CHL,S12CFSI,FSI688_CFSI_PT,M,2020-M01,12.80621372694444,0,,,,,,,,,,SC,,,,,,
dataflow,IMF.STA:FSIC(13.0.1),R,CHL,S12CFSI,FSI688_CFSI_PT,M,2020-M02,12.76771712850748,0,,,,,,,,,,SC,,,,,,
dataflow,IMF.STA:FSIC(13.0.1),R,CHL,S12CFSI,FSI688_CFSI_PT,M,2020-M03,12.53004639530672,0,,,,,,,,,,SC,,,,,,
dataflow,IMF.STA:FSIC(13.0.1),R,CHL,S12CFSI,FSI688_CFSI_PT,M,2020-M04,12.90258086933043,0,,,,,,,,,,SC,,,,,,
dataflow,IMF.STA:FSIC(13.0.1),R,CHL,S12CFSI,FSI688_CFSI_PT,M,2020-M05,12.99457671697014,0,,,,,,,,,,SC,,,,,,
dataflow,IMF.STA:FSIC(13.0.1),R,CHL,S12CFSI,FSI688_CFSI_PT,M,2020-M06,13.40405605899151,0,,,,,,,,,,SC,,,,,,
dataflow,IMF.STA:FSIC(13.0.1),R,CHL,S12CFSI,FSI688_CFSI_PT,M,2020-M07,13.85179668925768,0,,,,,,,,,,SC,,,,,,
dataflow,IMF.STA:FSIC(13.0.1),R,CHL,S12CFSI,FSI688_CFSI_PT,M,2020-M08,14.01626342826386,0,,,,,,,,,,SC,,,,,,
dataflow,IMF.STA:FSIC(13.0.1),R,CHL,S12CFSI,FSI688_CFSI_PT,M,2020-M09,14.05844053864008,0,,,,,,,,,,SC,,,,,,
dataflow,IMF.STA:FSIC(13.0.1),R,CHL,S12CFSI,FSI688_CFSI_PT,M,2020-M10,14.28278065824872,0,,,,,,,,,,SC,,,,,,
dataflow,IMF.STA:FSIC(13.0.1),R,CHL,S12CFSI,FSI688_CFSI_PT,M,2020-M11,14.28343251468711,0,,,,,,,,,,SC,,,,,,
dataflow,IMF.STA:FSIC(13.0.1),R,CHL,S12CFSI,FSI688_CFSI_PT,M,2020-M12,14.66847871959659,0,,,,,,,,,,SC,,,,,,
dataflow,IMF.STA:FSIC(13.0.1),R,CHL,S12CFSI,FSI688_CFSI_PT,M,2021-M01,14.73493150627627,0,,,,,,,,,,SC,,,,,,
dataflow,IMF.STA:FSIC(13.0.1),R,CHL,S12CFSI,FSI688_CFSI_PT,M,2021-M02,14.64203764047992,0,,,,,,,,,,SC,,,,,,
dataflow,IMF.STA:FSIC(13.0.1),R,CHL,S12CFSI,FSI688_CFSI_PT,M,2021-M03,14.76215232167058,0,,,,,,,,,,SC,,,,,,
dataflow,IMF.STA:FSIC(13.0.1),R,CHL,S12CFSI,FSI688_CFSI_PT,M,2021-M04,14.71091482799633,0,,,,,,,,,,SC,,,,,,
dataflow,IMF.STA:FSIC(13.0.1),R,CHL,S12CFSI,FSI688_CFSI_PT,M,2021-M05,14.80065247956922,0,,,,,,,,,,SC,,,,,,
dataflow,IMF.STA:FSIC(13.0.1),R,CHL,S12CFSI,FSI688_CFSI_PT,M,2021-M06,14.68194940953769,0,,,,,,,,,,SC,,,,,,
dataflow,IMF.STA:FSIC(13.0.1),R,CHL,S12CFSI,FSI688_CFSI_PT,M,2021-M07,14.66806469390793,0,,,,,,,,,,SC,,,,,,
dataflow,IMF.STA:FSIC(13.0.1),R,CHL,S12CFSI,FSI688_CFSI_PT,M,2021-M08,14.61012663080902,0,,,,,,,,,,SC,,,,,,
dataflow,IMF.STA:FSIC(13.0.1),R,CHL,S12CFSI,FSI688_CFSI_PT,M,2021-M09,14.33907766796462,0,,,,,,,,,,SC,,,,,,
dataflow,IMF.STA:FSIC(13.0.1),R,CHL,S12CFSI,FSI688_CFSI_PT,M,2021-M10,14.62918552467634,0,,,,,,,,,,SC,,,,,,
dataflow,IMF.STA:FSIC(13.0.1),R,CHL,S12CFSI,FSI688_CFSI_PT,M,2021-M11,14.90840002834619,0,,,,,,,,,,SC,,,,,,
dataflow,IMF.STA:FSIC(13.0.1),R,CHL,S12CFSI,FSI688_CFSI_PT,M,2021-M12,14.84528537232411,0,,,,,,,,,,SC,,,,,,
dataflow,IMF.STA:FSIC(13.0.1),R,CHL,S12CFSI,FSI688_CFSI_PT,M,2022-M01,15.57954283030486,0,,,,,,,,,,SC,,,,,,
dataflow,IMF.STA:FSIC(13.0.1),R,CHL,S12CFSI,FSI688_CFSI_PT,M,2022-M02,15.30201349499434,0,,,,,,,,,,SC,,,,,,
dataflow,IMF.STA:FSIC(13.0.1),R,CHL,S12CFSI,FSI688_CFSI_PT,M,2022-M03,15.19843495476429,0,,,,,,,,,,SC,,,,,,
dataflow,IMF.STA:FSIC(13.0.1),R,CHL,S12CFSI,FSI688_CFSI_PT,M,2022-M04,14.93620608533556,0,,,,,,,,,,SC,,,,,,
dataflow,IMF.STA:FSIC(13.0.1),R,CHL,S12CFSI,FSI688_CFSI_PT,M,2022-M05,15.03510851312623,0,,,,,,,,,,SC,,,,,,
dataflow,IMF.STA:FSIC(13.0.1),R,CHL,S12CFSI,FSI688_CFSI_PT,M,2022-M06,14.74043387670479,0,,,,,,,,,,SC,,,,,,
dataflow,IMF.STA:FSIC(13.0.1),R,CHL,S12CFSI,FSI688_CFSI_PT,M,2022-M07,14.66842582694109,0,,,,,,,,,,SC,,,,,,
dataflow,IMF.STA:FSIC(13.0.1),R,CHL,S12CFSI,FSI688_CFSI_PT,M,2022-M08,14.94487146523374,0,,,,,,,,,,SC,,,,,,
dataflow,IMF.STA:FSIC(13.0.1),R,CHL,S12CFSI,FSI688_CFSI_PT,M,2022-M09,15.06476440104144,0,,,,,,,,,,SC,,,,,,
dataflow,IMF.STA:FSIC(13.0.1),R,CHL,S12CFSI,FSI688_CFSI_PT,M,2022-M10,15.30625492588798,0,,,,,,,,,,SC,,,,,,
dataflow,IMF.STA:FSIC(13.0.1),R,CHL,S12CFSI,FSI688_CFSI_PT,M,2022-M11,15.65977381928708,0,,,,,,,,,,SC,,,,,,
dataflow,IMF.STA:FSIC(13.0.1),R,CHL,S12CFSI,FSI688_CFSI_PT,M,2022-M12,15.60336691228073,0,,,,,,,,,,SC,,,,,,
dataflow,IMF.STA:FSIC(13.0.1),R,CHL,S12CFSI,FSI688_CFSI_PT,M,2023-M01,15.59676945166526,0,,,,,,,,,,SC,,,,,,
dataflow,IMF.STA:FSIC(13.0.1),R,CHL,S12CFSI,FSI688_CFSI_PT,M,2023-M02,15.56889271868661,0,,,,,,,,,,SC,,,,,,
dataflow,IMF.STA:FSIC(13.0.1),R,CHL,S12CFSI,FSI688_CFSI_PT,M,2023-M03,15.37125694941783,0,,,,,,,,,,SC,,,,,,
dataflow,IMF.STA:FSIC(13.0.1),R,CHL,S12CFSI,FSI688_CFSI_PT,M,2023-M04,15.38939243652684,0,,,,,,,,,,SC,,,,,,
dataflow,IMF.STA:FSIC(13.0.1),R,CHL,S12CFSI,FSI688_CFSI_PT,M,2023-M05,15.5853688663614,0,,,,,,,,,,SC,,,,,,
dataflow,IMF.STA:FSIC(13.0.1),R,CHL,S12CFSI,FSI688_CFSI_PT,M,2023-M06,15.78496393298338,0,,,,,,,,,,SC,,,,,,
dataflow,IMF.STA:FSIC(13.0.1),R,CHL,S12CFSI,FSI688_CFSI_PT,M,2023-M07,15.76760660426386,0,,,,,,,,,,SC,,,,,,
dataflow,IMF.STA:FSIC(13.0.1),R,CHL,S12CFSI,FSI688_CFSI_PT,M,2023-M08,15.80510018638945,0,,,,,,,,,,SC,,,,,,
dataflow,IMF.STA:FSIC(13.0.1),R,CHL,S12CFSI,FSI688_CFSI_PT,M,2023-M09,15.69191861342133,0,,,,,,,,,,SC,,,,,,
dataflow,IMF.STA:FSIC(13.0.1),R,CHL,S12CFSI,FSI688_CFSI_PT,M,2023-M10,15.97977946130642,0,,,,,,,,,,SC,,,,,,
dataflow,IMF.STA:FSIC(13.0.1),R,CHL,S12CFSI,FSI688_CFSI_PT,M,2023-M11,16.29001662904729,0,,,,,,,,,,SC,,,,,,
dataflow,IMF.STA:FSIC(13.0.1),R,CHL,S12CFSI,FSI688_CFSI_PT,M,2023-M12,16.16373106039971,0,,,,,,,,,,SC,,,,,,
dataflow,IMF.STA:FSIC(13.0.1),R,CHL,S12CFSI,FSI688_CFSI_PT,M,2024-M01,15.98339687845895,0,,,,,,,,,,SC,,,,,,
dataflow,IMF.STA:FSIC(13.0.1),R,CHL,S12CFSI,FSI688_CFSI_PT,M,2024-M02,16.12041550915288,0,,,,,,,,,,SC,,,,,,
dataflow,IMF.STA:FSIC(13.0.1),R,CHL,S12CFSI,FSI688_CFSI_PT,M,2024-M03,15.92132142583427,0,,,,,,,,,,SC,,,,,,
dataflow,IMF.STA:FSIC(13.0.1),R,CHL,S12CFSI,FSI688_CFSI_PT,M,2024-M04,16.15373016477217,0,,,,,,,,,,SC,,,,,,
dataflow,IMF.STA:FSIC(13.0.1),R,CHL,S12CFSI,FSI688_CFSI_PT,M,2024-M05,16.44974982156914,0,,,,,,,,,,SC,,,,,,
dataflow,IMF.STA:FSIC(13.0.1),R,CHL,S12CFSI,FSI688_CFSI_PT,M,2024-M06,16.44106846446361,0,,,,,,,,,,SC,,,,,,
dataflow,IMF.STA:FSIC(13.0.1),R,CHL,S12CFSI,FSI688_CFSI_PT,M,2024-M07,16.50571190825505,0,,,,,,,,,,SC,,,,,,
dataflow,IMF.STA:FSIC(13.0.1),R,CHL,S12CFSI,FSI688_CFSI_PT,M,2024-M08,16.67814977516256,0,,,,,,,,,,SC,,,,,,
dataflow,IMF.STA:FSIC(13.0.1),R,CHL,S12CFSI,FSI688_CFSI_PT,M,2024-M09,17.00043222910597,0,,,,,,,,,,SC,,,,,,
dataflow,IMF.STA:FSIC(13.0.1),R,CHL,S12CFSI,FSI688_CFSI_PT,M,2024-M10,16.77028835022262,0,,,,,,,,,,SC,,,,,,
dataflow,IMF.STA:FSIC(13.0.1),R,CHL,S12CFSI,FSI688_CFSI_PT,M,2024-M11,17.00138705591098,0,,,,,,,,,,SC,,,,,,
dataflow,IMF.STA:FSIC(13.0.1),R,CHL,S12CFSI,FSI688_CFSI_PT,M,2024-M12,16.87716113805209,0,,,,,,,,,,SC,,,,,,
dataflow,IMF.STA:FSIC(13.0.1),R,CHL,S12CFSI,FSI688_CFSI_PT,M,2025-M01,16.80039775237799,0,,,,,,,,,,SC,,,,,,
dataflow,IMF.STA:FSIC(13.0.1),R,CHL,S12CFSI,FSI688_CFSI_PT,M,2025-M02,16.90398609358658,0,,,,,,,,,,SC,,,,,,
dataflow,IMF.STA:FSIC(13.0.1),R,CHL,S12CFSI,FSI688_CFSI_PT,M,2025-M03,16.84506270958035,0,,,,,,,,,,SC,,,,,,
dataflow,IMF.STA:FSIC(13.0.1),R,CHL,S12CFSI,FSI688_CFSI_PT,M,2025-M04,16.74001794395626,0,,,,,,,,,,SC,,,,,,
dataflow,IMF.STA:FSIC(13.0.1),R,CHL,S12CFSI,FSI688_CFSI_PT,M,2025-M05,16.80078890615741,0,,,,,,,,,,SC,,,,,,
dataflow,IMF.STA:FSIC(13.0.1),R,CHL,S12CFSI,FSI688_CFSI_PT,M,2025-M06,16.98523460515977,0,,,,,,,,,,SC,,,,,,
dataflow,IMF.STA:FSIC(13.0.1),R,CHL,S12CFSI,FSI688_CFSI_PT,M,2025-M07,16.86372312295379,0,,,,,,,,,,SC,,,,,,
dataflow,IMF.STA:FSIC(13.0.1),R,CHL,S12CFSI,FSI688_CFSI_PT,M,2025-M08,16.91821297316645,0,,,,,,,,,,SC,,,,,,
dataflow,IMF.STA:FSIC(13.0.1),R,CHL,S12CFSI,FSI688_CFSI_PT,M,2025-M09,16.96800811036099,0,,,,,,,,,,SC,,,,,,
dataflow,IMF.STA:FSIC(13.0.1),R,CHL,S12CFSI,FSI688_CFSI_PT,M,2025-M10,17.07507296662948,0,,,,,,,,,,SC,,,,,,
dataflow,IMF.STA:FSIC(13.0.1),R,CHL,S12CFSI,FSI688_CFSI_PT,M,2025-M11,17.35443098873703,0,,,,,,,,,,SC,,,,,,
dataflow,IMF.STA:FSIC(13.0.1),R,CHL,S12CFSI,FSI688_CFSI_PT,M,2025-M12,17.15727681099738,0,,,,,,,,,,SC,,,,,,
dataflow,IMF.STA:FSIC(13.0.1),R,CHL,S12CFSI,FSI688_CFSI_PT,Q,2001-Q1,13.78891493705677,0,,,,,,,,,,SC,,,,,,
dataflow,IMF.STA:FSIC(13.0.1),R,CHL,S12CFSI,FSI688_CFSI_PT,Q,2001-Q2,12.91566111494635,0,,,,,,,,,,SC,,,,,,
dataflow,IMF.STA:FSIC(13.0.1),R,CHL,S12CFSI,FSI688_CFSI_PT,Q,2001-Q3,12.8592001345082,0,,,,,,,,,,SC,,,,,,
dataflow,IMF.STA:FSIC(13.0.1),R,CHL,S12CFSI,FSI688_CFSI_PT,Q,2001-Q4,12.73352940344061,0,,,,,,,,,,SC,,,,,,
dataflow,IMF.STA:FSIC(13.0.1),R,CHL,S12CFSI,FSI688_CFSI_PT,Q,2002-Q1,13.71002757146093,0,,,,,,,,,,SC,,,,,,
dataflow,IMF.STA:FSIC(13.0.1),R,CHL,S12CFSI,FSI688_CFSI_PT,Q,2002-Q2,13.41869416778389,0,,,,,,,,,,SC,,,,,,
dataflow,IMF.STA:FSIC(13.0.1),R,CHL,S12CFSI,FSI688_CFSI_PT,Q,2002-Q3,13.51375228341353,0,,,,,,,,,,SC,,,,,,
dataflow,IMF.STA:FSIC(13.0.1),R,CHL,S12CFSI,FSI688_CFSI_PT,Q,2002-Q4,14.01175549728846,0,,,,,,,,,,SC,,,,,,
dataflow,IMF.STA:FSIC(13.0.1),R,CHL,S12CFSI,FSI688_CFSI_PT,Q,2003-Q1,15.15015939579609,0,,,,,,,,,,SC,,,,,,
dataflow,IMF.STA:FSIC(13.0.1),R,CHL,S12CFSI,FSI688_CFSI_PT,Q,2003-Q2,14.50927968159173,0,,,,,,,,,,SC,,,,,,
dataflow,IMF.STA:FSIC(13.0.1),R,CHL,S12CFSI,FSI688_CFSI_PT,Q,2003-Q3,14.5022875792431,0,,,,,,,,,,SC,,,,,,
dataflow,IMF.STA:FSIC(13.0.1),R,CHL,S12CFSI,FSI688_CFSI_PT,Q,2003-Q4,14.06412208289228,0,,,,,,,,,,SC,,,,,,
dataflow,IMF.STA:FSIC(13.0.1),R,CHL,S12CFSI,FSI688_CFSI_PT,Q,2004-Q1,15.0010130441637,0,,,,,,,,,,SC,,,,,,
dataflow,IMF.STA:FSIC(13.0.1),R,CHL,S12CFSI,FSI688_CFSI_PT,Q,2004-Q2,13.4706462860708,0,,,,,,,,,,SC,,,,,,
dataflow,IMF.STA:FSIC(13.0.1),R,CHL,S12CFSI,FSI688_CFSI_PT,Q,2004-Q3,13.28382756686454,0,,,,,,,,,,SC,,,,,,
dataflow,IMF.STA:FSIC(13.0.1),R,CHL,S12CFSI,FSI688_CFSI_PT,Q,2004-Q4,13.54663859432042,0,,,,,,,,,,SC,,,,,,
dataflow,IMF.STA:FSIC(13.0.1),R,CHL,S12CFSI,FSI688_CFSI_PT,Q,2005-Q1,14.19641767870016,0,,,,,,,,,,SC,,,,,,
dataflow,IMF.STA:FSIC(13.0.1),R,CHL,S12CFSI,FSI688_CFSI_PT,Q,2005-Q2,13.45508533696513,0,,,,,,,,,,SC,,,,,,
dataflow,IMF.STA:FSIC(13.0.1),R,CHL,S12CFSI,FSI688_CFSI_PT,Q,2005-Q3,13.3215417283991,0,,,,,,,,,,SC,,,,,,
dataflow,IMF.STA:FSIC(13.0.1),R,CHL,S12CFSI,FSI688_CFSI_PT,Q,2005-Q4,12.9502164173243,0,,,,,,,,,,SC,,,,,,
dataflow,IMF.STA:FSIC(13.0.1),R,CHL,S12CFSI,FSI688_CFSI_PT,Q,2006-Q1,13.84515645315633,0,,,,,,,,,,SC,,,,,,
dataflow,IMF.STA:FSIC(13.0.1),R,CHL,S12CFSI,FSI688_CFSI_PT,Q,2006-Q2,12.86288143197537,0,,,,,,,,,,SC,,,,,,
dataflow,IMF.STA:FSIC(13.0.1),R,CHL,S12CFSI,FSI688_CFSI_PT,Q,2006-Q3,12.99952089594823,0,,,,,,,,,,SC,,,,,,
dataflow,IMF.STA:FSIC(13.0.1),R,CHL,S12CFSI,FSI688_CFSI_PT,Q,2006-Q4,12.53571059867003,0,,,,,,,,,,SC,,,,,,
dataflow,IMF.STA:FSIC(13.0.1),R,CHL,S12CFSI,FSI688_CFSI_PT,Q,2007-Q1,13.30284017587169,0,,,,,,,,,,SC,,,,,,
dataflow,IMF.STA:FSIC(13.0.1),R,CHL,S12CFSI,FSI688_CFSI_PT,Q,2007-Q2,12.55312828625858,0,,,,,,,,,,SC,,,,,,
dataflow,IMF.STA:FSIC(13.0.1),R,CHL,S12CFSI,FSI688_CFSI_PT,Q,2007-Q3,12.46216396078032,0,,,,,,,,,,SC,,,,,,
dataflow,IMF.STA:FSIC(13.0.1),R,CHL,S12CFSI,FSI688_CFSI_PT,Q,2007-Q4,12.18033033345512,0,,,,,,,,,,SC,,,,,,
dataflow,IMF.STA:FSIC(13.0.1),R,CHL,S12CFSI,FSI688_CFSI_PT,Q,2008-Q1,12.35992667552693,0,,,,,,,,,,SC,,,,,,
dataflow,IMF.STA:FSIC(13.0.1),R,CHL,S12CFSI,FSI688_CFSI_PT,Q,2008-Q2,11.98831596585558,0,,,,,,,,,,SC,,,,,,
dataflow,IMF.STA:FSIC(13.0.1),R,CHL,S12CFSI,FSI688_CFSI_PT,Q,2008-Q3,12.20081781482612,0,,,,,,,,,,SC,,,,,,
dataflow,IMF.STA:FSIC(13.0.1),R,CHL,S12CFSI,FSI688_CFSI_PT,Q,2008-Q4,12.52601757943363,0,,,,,,,,,,SC,,,,,,
dataflow,IMF.STA:FSIC(13.0.1),R,CHL,S12CFSI,FSI688_CFSI_PT,Q,2009-Q1,13.57211168892694,0,,,,,,,,,,SC,,,,,,
dataflow,IMF.STA:FSIC(13.0.1),R,CHL,S12CFSI,FSI688_CFSI_PT,Q,2009-Q2,13.99987704230938,0,,,,,,,,,,SC,,,,,,
dataflow,IMF.STA:FSIC(13.0.1),R,CHL,S12CFSI,FSI688_CFSI_PT,Q,2009-Q3,14.22463142260485,0,,,,,,,,,,SC,,,,,,
dataflow,IMF.STA:FSIC(13.0.1),R,CHL,S12CFSI,FSI688_CFSI_PT,Q,2009-Q4,14.33851184581899,0,,,,,,,,,,SC,,,,,,
dataflow,IMF.STA:FSIC(13.0.1),R,CHL,S12CFSI,FSI688_CFSI_PT,Q,2010-Q1,13.67414574415385,0,,,,,,,,,,SC,,,,,,
dataflow,IMF.STA:FSIC(13.0.1),R,CHL,S12CFSI,FSI688_CFSI_PT,Q,2010-Q2,13.94308637431792,0,,,,,,,,,,SC,,,,,,
dataflow,IMF.STA:FSIC(13.0.1),R,CHL,S12CFSI,FSI688_CFSI_PT,Q,2010-Q3,14.19038289582316,0,,,,,,,,,,SC,,,,,,
dataflow,IMF.STA:FSIC(13.0.1),R,CHL,S12CFSI,FSI688_CFSI_PT,Q,2010-Q4,14.13836329933048,0,,,,,,,,,,SC,,,,,,
dataflow,IMF.STA:FSIC(13.0.1),R,CHL,S12CFSI,FSI688_CFSI_PT,Q,2011-Q1,13.76790762376471,0,,,,,,,,,,SC,,,,,,
dataflow,IMF.STA:FSIC(13.0.1),R,CHL,S12CFSI,FSI688_CFSI_PT,Q,2011-Q2,13.77402251344509,0,,,,,,,,,,SC,,,,,,
dataflow,IMF.STA:FSIC(13.0.1),R,CHL,S12CFSI,FSI688_CFSI_PT,Q,2011-Q3,13.73477014067379,0,,,,,,,,,,SC,,,,,,
dataflow,IMF.STA:FSIC(13.0.1),R,CHL,S12CFSI,FSI688_CFSI_PT,Q,2011-Q4,13.93458993381786,0,,,,,,,,,,SC,,,,,,
dataflow,IMF.STA:FSIC(13.0.1),R,CHL,S12CFSI,FSI688_CFSI_PT,Q,2012-Q1,13.63535150877271,0,,,,,,,,,,SC,,,,,,
dataflow,IMF.STA:FSIC(13.0.1),R,CHL,S12CFSI,FSI688_CFSI_PT,Q,2012-Q2,13.10309625732337,0,,,,,,,,,,SC,,,,,,
dataflow,IMF.STA:FSIC(13.0.1),R,CHL,S12CFSI,FSI688_CFSI_PT,Q,2012-Q3,13.19386731979808,0,,,,,,,,,,SC,,,,,,
dataflow,IMF.STA:FSIC(13.0.1),R,CHL,S12CFSI,FSI688_CFSI_PT,Q,2012-Q4,13.31212248595088,0,,,,,,,,,,SC,,,,,,
dataflow,IMF.STA:FSIC(13.0.1),R,CHL,S12CFSI,FSI688_CFSI_PT,Q,2013-Q1,13.73266407660014,0,,,,,,,,,,SC,,,,,,
dataflow,IMF.STA:FSIC(13.0.1),R,CHL,S12CFSI,FSI688_CFSI_PT,Q,2013-Q2,13.1777639521852,0,,,,,,,,,,SC,,,,,,
dataflow,IMF.STA:FSIC(13.0.1),R,CHL,S12CFSI,FSI688_CFSI_PT,Q,2013-Q3,13.13323633799103,0,,,,,,,,,,SC,,,,,,
dataflow,IMF.STA:FSIC(13.0.1),R,CHL,S12CFSI,FSI688_CFSI_PT,Q,2013-Q4,13.32435375630175,0,,,,,,,,,,SC,,,,,,
dataflow,IMF.STA:FSIC(13.0.1),R,CHL,S12CFSI,FSI688_CFSI_PT,Q,2014-Q1,13.18476894359194,0,,,,,,,,,,SC,,,,,,
dataflow,IMF.STA:FSIC(13.0.1),R,CHL,S12CFSI,FSI688_CFSI_PT,Q,2014-Q2,13.46372742058366,0,,,,,,,,,,SC,,,,,,
dataflow,IMF.STA:FSIC(13.0.1),R,CHL,S12CFSI,FSI688_CFSI_PT,Q,2014-Q3,13.17859406512303,0,,,,,,,,,,SC,,,,,,
dataflow,IMF.STA:FSIC(13.0.1),R,CHL,S12CFSI,FSI688_CFSI_PT,Q,2014-Q4,13.38504977632498,0,,,,,,,,,,SC,,,,,,
dataflow,IMF.STA:FSIC(13.0.1),R,CHL,S12CFSI,FSI688_CFSI_PT,Q,2015-Q1,13.24763438139408,0,,,,,,,,,,SC,,,,,,
dataflow,IMF.STA:FSIC(13.0.1),R,CHL,S12CFSI,FSI688_CFSI_PT,Q,2015-Q2,12.99936889174505,0,,,,,,,,,,SC,,,,,,
dataflow,IMF.STA:FSIC(13.0.1),R,CHL,S12CFSI,FSI688_CFSI_PT,Q,2015-Q3,12.61214862017975,0,,,,,,,,,,SC,,,,,,
dataflow,IMF.STA:FSIC(13.0.1),R,CHL,S12CFSI,FSI688_CFSI_PT,Q,2015-Q4,12.62035091045231,0,,,,,,,,,,SC,,,,,,
dataflow,IMF.STA:FSIC(13.0.1),R,CHL,S12CFSI,FSI688_CFSI_PT,Q,2016-Q1,12.94165774344052,0,,,,,,,,,,SC,,,,,,
dataflow,IMF.STA:FSIC(13.0.1),R,CHL,S12CFSI,FSI688_CFSI_PT,Q,2016-Q2,13.51458247071269,0,,,,,,,,,,SC,,,,,,
dataflow,IMF.STA:FSIC(13.0.1),R,CHL,S12CFSI,FSI688_CFSI_PT,Q,2016-Q3,13.76454283307299,0,,,,,,,,,,SC,,,,,,
dataflow,IMF.STA:FSIC(13.0.1),R,CHL,S12CFSI,FSI688_CFSI_PT,Q,2016-Q4,13.779784370824,0,,,,,,,,,,SC,,,,,,
dataflow,IMF.STA:FSIC(13.0.1),R,CHL,S12CFSI,FSI688_CFSI_PT,Q,2017-Q1,13.554468215522,0,,,,,,,,,,SC,,,,,,
dataflow,IMF.STA:FSIC(13.0.1),R,CHL,S12CFSI,FSI688_CFSI_PT,Q,2017-Q2,13.62713681296161,0,,,,,,,,,,SC,,,,,,
dataflow,IMF.STA:FSIC(13.0.1),R,CHL,S12CFSI,FSI688_CFSI_PT,Q,2017-Q3,13.74624987109415,0,,,,,,,,,,SC,,,,,,
dataflow,IMF.STA:FSIC(13.0.1),R,CHL,S12CFSI,FSI688_CFSI_PT,Q,2017-Q4,13.76440914040645,0,,,,,,,,,,SC,,,,,,
dataflow,IMF.STA:FSIC(13.0.1),R,CHL,S12CFSI,FSI688_CFSI_PT,Q,2018-Q1,13.62244873026896,0,,,,,,,,,,SC,,,,,,
dataflow,IMF.STA:FSIC(13.0.1),R,CHL,S12CFSI,FSI688_CFSI_PT,Q,2018-Q2,13.04284535874935,0,,,,,,,,,,SC,,,,,,
dataflow,IMF.STA:FSIC(13.0.1),R,CHL,S12CFSI,FSI688_CFSI_PT,Q,2018-Q3,13.08042914076206,0,,,,,,,,,,SC,,,,,,
dataflow,IMF.STA:FSIC(13.0.1),R,CHL,S12CFSI,FSI688_CFSI_PT,Q,2018-Q4,13.32045617377257,0,,,,,,,,,,SC,,,,,,
dataflow,IMF.STA:FSIC(13.0.1),R,CHL,S12CFSI,FSI688_CFSI_PT,Q,2019-Q1,13.2817344760787,0,,,,,,,,,,SC,,,,,,
dataflow,IMF.STA:FSIC(13.0.1),R,CHL,S12CFSI,FSI688_CFSI_PT,Q,2019-Q2,13.24835655412762,0,,,,,,,,,,SC,,,,,,
dataflow,IMF.STA:FSIC(13.0.1),R,CHL,S12CFSI,FSI688_CFSI_PT,Q,2019-Q3,12.98449277905922,0,,,,,,,,,,SC,,,,,,
dataflow,IMF.STA:FSIC(13.0.1),R,CHL,S12CFSI,FSI688_CFSI_PT,Q,2019-Q4,12.83655434681395,0,,,,,,,,,,SC,,,,,,
dataflow,IMF.STA:FSIC(13.0.1),R,CHL,S12CFSI,FSI688_CFSI_PT,Q,2020-Q1,12.53004639530672,0,,,,,,,,,,SC,,,,,,
dataflow,IMF.STA:FSIC(13.0.1),R,CHL,S12CFSI,FSI688_CFSI_PT,Q,2020-Q2,13.40405605899151,0,,,,,,,,,,SC,,,,,,
dataflow,IMF.STA:FSIC(13.0.1),R,CHL,S12CFSI,FSI688_CFSI_PT,Q,2020-Q3,14.05844053864008,0,,,,,,,,,,SC,,,,,,
dataflow,IMF.STA:FSIC(13.0.1),R,CHL,S12CFSI,FSI688_CFSI_PT,Q,2020-Q4,14.66847871959659,0,,,,,,,,,,SC,,,,,,
dataflow,IMF.STA:FSIC(13.0.1),R,CHL,S12CFSI,FSI688_CFSI_PT,Q,2021-Q1,14.76215232167058,0,,,,,,,,,,SC,,,,,,
dataflow,IMF.STA:FSIC(13.0.1),R,CHL,S12CFSI,FSI688_CFSI_PT,Q,2021-Q2,14.68194940953769,0,,,,,,,,,,SC,,,,,,
dataflow,IMF.STA:FSIC(13.0.1),R,CHL,S12CFSI,FSI688_CFSI_PT,Q,2021-Q3,14.33907766796462,0,,,,,,,,,,SC,,,,,,
dataflow,IMF.STA:FSIC(13.0.1),R,CHL,S12CFSI,FSI688_CFSI_PT,Q,2021-Q4,14.84528537232411,0,,,,,,,,,,SC,,,,,,
dataflow,IMF.STA:FSIC(13.0.1),R,CHL,S12CFSI,FSI688_CFSI_PT,Q,2022-Q1,15.19843495476429,0,,,,,,,,,,SC,,,,,,
dataflow,IMF.STA:FSIC(13.0.1),R,CHL,S12CFSI,FSI688_CFSI_PT,Q,2022-Q2,14.74043387670479,0,,,,,,,,,,SC,,,,,,
dataflow,IMF.STA:FSIC(13.0.1),R,CHL,S12CFSI,FSI688_CFSI_PT,Q,2022-Q3,15.06476440104144,0,,,,,,,,,,SC,,,,,,
dataflow,IMF.STA:FSIC(13.0.1),R,CHL,S12CFSI,FSI688_CFSI_PT,Q,2022-Q4,15.60336691228073,0,,,,,,,,,,SC,,,,,,
dataflow,IMF.STA:FSIC(13.0.1),R,CHL,S12CFSI,FSI688_CFSI_PT,Q,2023-Q1,15.37125694941783,0,,,,,,,,,,SC,,,,,,
dataflow,IMF.STA:FSIC(13.0.1),R,CHL,S12CFSI,FSI688_CFSI_PT,Q,2023-Q2,15.78496393298338,0,,,,,,,,,,SC,,,,,,
dataflow,IMF.STA:FSIC(13.0.1),R,CHL,S12CFSI,FSI688_CFSI_PT,Q,2023-Q3,15.69191861342133,0,,,,,,,,,,SC,,,,,,
dataflow,IMF.STA:FSIC(13.0.1),R,CHL,S12CFSI,FSI688_CFSI_PT,Q,2023-Q4,16.16373106039971,0,,,,,,,,,,SC,,,,,,
dataflow,IMF.STA:FSIC(13.0.1),R,CHL,S12CFSI,FSI688_CFSI_PT,Q,2024-Q1,15.92132142583427,0,,,,,,,,,,SC,,,,,,
dataflow,IMF.STA:FSIC(13.0.1),R,CHL,S12CFSI,FSI688_CFSI_PT,Q,2024-Q2,16.44106846446361,0,,,,,,,,,,SC,,,,,,
dataflow,IMF.STA:FSIC(13.0.1),R,CHL,S12CFSI,FSI688_CFSI_PT,Q,2024-Q3,17.00043222910597,0,,,,,,,,,,SC,,,,,,
dataflow,IMF.STA:FSIC(13.0.1),R,CHL,S12CFSI,FSI688_CFSI_PT,Q,2024-Q4,16.87716113805209,0,,,,,,,,,,SC,,,,,,
dataflow,IMF.STA:FSIC(13.0.1),R,CHL,S12CFSI,FSI688_CFSI_PT,Q,2025-Q1,16.84506270958035,0,,,,,,,,,,SC,,,,,,
dataflow,IMF.STA:FSIC(13.0.1),R,CHL,S12CFSI,FSI688_CFSI_PT,Q,2025-Q2,16.98523460515977,0,,,,,,,,,,SC,,,,,,
dataflow,IMF.STA:FSIC(13.0.1),R,CHL,S12CFSI,FSI688_CFSI_PT,Q,2025-Q3,16.96800811036099,0,,,,,,,,,,SC,,,,,,
dataflow,IMF.STA:FSIC(13.0.1),R,CHL,S12CFSI,FSI688_CFSI_PT,Q,2025-Q4,17.15727681099738,0,,,,,,,,,,SC,,,,,,
dataflow,IMF.STA:FSIC(13.0.1),R,CHL,S12CFSI,ROA_CFSI_PT,A,2001,1.468206551156055,0,,,,,,,,,,SC,,,,,,
dataflow,IMF.STA:FSIC(13.0.1),R,CHL,S12CFSI,ROA_CFSI_PT,A,2002,1.328613339346235,0,,,,,,,,,,SC,,,,,,
dataflow,IMF.STA:FSIC(13.0.1),R,CHL,S12CFSI,ROA_CFSI_PT,A,2003,1.58508961488034,0,,,,,,,,,,SC,,,,,,
dataflow,IMF.STA:FSIC(13.0.1),R,CHL,S12CFSI,ROA_CFSI_PT,A,2004,1.547423854081112,0,,,,,,,,,,SC,,,,,,
dataflow,IMF.STA:FSIC(13.0.1),R,CHL,S12CFSI,ROA_CFSI_PT,A,2005,1.618009701065791,0,,,,,,,,,,SC,,,,,,
dataflow,IMF.STA:FSIC(13.0.1),R,CHL,S12CFSI,ROA_CFSI_PT,A,2006,1.626312835215169,0,,,,,,,,,,SC,,,,,,
dataflow,IMF.STA:FSIC(13.0.1),R,CHL,S12CFSI,ROA_CFSI_PT,A,2007,1.453674509975633,0,,,,,,,,,,SC,,,,,,
dataflow,IMF.STA:FSIC(13.0.1),R,CHL,S12CFSI,ROA_CFSI_PT,A,2008,1.289833373264131,0,,,,,,,,,,SC,,,,,,
dataflow,IMF.STA:FSIC(13.0.1),R,CHL,S12CFSI,ROA_CFSI_PT,A,2009,1.510789333669219,0,,,,,,,,,,SC,,,,,,
dataflow,IMF.STA:FSIC(13.0.1),R,CHL,S12CFSI,ROA_CFSI_PT,A,2010,1.78191893172369,0,,,,,,,,,,SC,,,,,,
dataflow,IMF.STA:FSIC(13.0.1),R,CHL,S12CFSI,ROA_CFSI_PT,A,2011,1.711611428261063,0,,,,,,,,,,SC,,,,,,
dataflow,IMF.STA:FSIC(13.0.1),R,CHL,S12CFSI,ROA_CFSI_PT,A,2012,1.453051063789708,0,,,,,,,,,,SC,,,,,,
dataflow,IMF.STA:FSIC(13.0.1),R,CHL,S12CFSI,ROA_CFSI_PT,A,2013,1.594919061944125,0,,,,,,,,,,SC,,,,,,
dataflow,IMF.STA:FSIC(13.0.1),R,CHL,S12CFSI,ROA_CFSI_PT,A,2014,1.62607845324361,0,,,,,,,,,,SC,,,,,,
dataflow,IMF.STA:FSIC(13.0.1),R,CHL,S12CFSI,ROA_CFSI_PT,A,2015,1.464982356007337,0,,,,,,,,,,SC,,,,,,
dataflow,IMF.STA:FSIC(13.0.1),R,CHL,S12CFSI,ROA_CFSI_PT,A,2016,1.185777356915115,0,,,,,,,,,,SC,,,,,,
dataflow,IMF.STA:FSIC(13.0.1),R,CHL,S12CFSI,ROA_CFSI_PT,A,2017,1.331790361488145,0,,,,,,,,,,SC,,,,,,
dataflow,IMF.STA:FSIC(13.0.1),R,CHL,S12CFSI,ROA_CFSI_PT,A,2018,1.382723046080956,0,,,,,,,,,,SC,,,,,,
dataflow,IMF.STA:FSIC(13.0.1),R,CHL,S12CFSI,ROA_CFSI_PT,A,2019,1.33700944650077,0,,,,,,,,,,SC,,,,,,
dataflow,IMF.STA:FSIC(13.0.1),R,CHL,S12CFSI,ROA_CFSI_PT,A,2020,0.5312326013402123,0,,,,,,,,,,SC,,,,,,
dataflow,IMF.STA:FSIC(13.0.1),R,CHL,S12CFSI,ROA_CFSI_PT,A,2021,1.504113292967687,0,,,,,,,,,,SC,,,,,,
dataflow,IMF.STA:FSIC(13.0.1),R,CHL,S12CFSI,ROA_CFSI_PT,A,2022,1.690991500897011,0,,,,,,,,,,SC,,,,,,
dataflow,IMF.STA:FSIC(13.0.1),R,CHL,S12CFSI,ROA_CFSI_PT,A,2023,1.507140719430588,0,,,,,,,,,,SC,,,,,,
dataflow,IMF.STA:FSIC(13.0.1),R,CHL,S12CFSI,ROA_CFSI_PT,A,2024,1.686956781502984,0,,,,,,,,,,SC,,,,,,
dataflow,IMF.STA:FSIC(13.0.1),R,CHL,S12CFSI,ROA_CFSI_PT,A,2025,1.662549055850571,0,,,,,,,,,,SC,,,,,,
dataflow,IMF.STA:FSIC(13.0.1),R,CHL,S12CFSI,ROA_CFSI_PT,M,2001-M12,1.468206551156055,0,,,,,,,,,,SC,,,,,,
dataflow,IMF.STA:FSIC(13.0.1),R,CHL,S12CFSI,ROA_CFSI_PT,M,2002-M01,2.353240821878911,0,,,,,,,,,,SC,,,,,,
dataflow,IMF.STA:FSIC(13.0.1),R,CHL,S12CFSI,ROA_CFSI_PT,M,2002-M02,1.941505213216779,0,,,,,,,,,,SC,,,,,,
dataflow,IMF.STA:FSIC(13.0.1),R,CHL,S12CFSI,ROA_CFSI_PT,M,2002-M03,1.602599788271716,0,,,,,,,,,,SC,,,,,,
dataflow,IMF.STA:FSIC(13.0.1),R,CHL,S12CFSI,ROA_CFSI_PT,M,2002-M04,1.574730694233312,0,,,,,,,,,,SC,,,,,,
dataflow,IMF.STA:FSIC(13.0.1),R,CHL,S12CFSI,ROA_CFSI_PT,M,2002-M05,1.584853499969217,0,,,,,,,,,,SC,,,,,,
dataflow,IMF.STA:FSIC(13.0.1),R,CHL,S12CFSI,ROA_CFSI_PT,M,2002-M06,1.531875686856018,0,,,,,,,,,,SC,,,,,,
dataflow,IMF.STA:FSIC(13.0.1),R,CHL,S12CFSI,ROA_CFSI_PT,M,2002-M07,1.551076146192856,0,,,,,,,,,,SC,,,,,,
dataflow,IMF.STA:FSIC(13.0.1),R,CHL,S12CFSI,ROA_CFSI_PT,M,2002-M08,1.548860790499888,0,,,,,,,,,,SC,,,,,,
dataflow,IMF.STA:FSIC(13.0.1),R,CHL,S12CFSI,ROA_CFSI_PT,M,2002-M09,1.502925671336926,0,,,,,,,,,,SC,,,,,,
dataflow,IMF.STA:FSIC(13.0.1),R,CHL,S12CFSI,ROA_CFSI_PT,M,2002-M10,1.458215125639749,0,,,,,,,,,,SC,,,,,,
dataflow,IMF.STA:FSIC(13.0.1),R,CHL,S12CFSI,ROA_CFSI_PT,M,2002-M11,1.410640968802271,0,,,,,,,,,,SC,,,,,,
dataflow,IMF.STA:FSIC(13.0.1),R,CHL,S12CFSI,ROA_CFSI_PT,M,2002-M12,1.328613339346235,0,,,,,,,,,,SC,,,,,,
dataflow,IMF.STA:FSIC(13.0.1),R,CHL,S12CFSI,ROA_CFSI_PT,M,2003-M01,1.993905984795691,0,,,,,,,,,,SC,,,,,,
dataflow,IMF.STA:FSIC(13.0.1),R,CHL,S12CFSI,ROA_CFSI_PT,M,2003-M02,1.687501230793181,0,,,,,,,,,,SC,,,,,,
dataflow,IMF.STA:FSIC(13.0.1),R,CHL,S12CFSI,ROA_CFSI_PT,M,2003-M03,1.657497129778098,0,,,,,,,,,,SC,,,,,,
dataflow,IMF.STA:FSIC(13.0.1),R,CHL,S12CFSI,ROA_CFSI_PT,M,2003-M04,1.517908055038105,0,,,,,,,,,,SC,,,,,,
dataflow,IMF.STA:FSIC(13.0.1),R,CHL,S12CFSI,ROA_CFSI_PT,M,2003-M05,1.589277325747293,0,,,,,,,,,,SC,,,,,,
dataflow,IMF.STA:FSIC(13.0.1),R,CHL,S12CFSI,ROA_CFSI_PT,M,2003-M06,1.668007174219975,0,,,,,,,,,,SC,,,,,,
dataflow,IMF.STA:FSIC(13.0.1),R,CHL,S12CFSI,ROA_CFSI_PT,M,2003-M07,1.711371850910166,0,,,,,,,,,,SC,,,,,,
dataflow,IMF.STA:FSIC(13.0.1),R,CHL,S12CFSI,ROA_CFSI_PT,M,2003-M08,1.699607094825244,0,,,,,,,,,,SC,,,,,,
dataflow,IMF.STA:FSIC(13.0.1),R,CHL,S12CFSI,ROA_CFSI_PT,M,2003-M09,1.607243899718522,0,,,,,,,,,,SC,,,,,,
dataflow,IMF.STA:FSIC(13.0.1),R,CHL,S12CFSI,ROA_CFSI_PT,M,2003-M10,1.625376351422089,0,,,,,,,,,,SC,,,,,,
dataflow,IMF.STA:FSIC(13.0.1),R,CHL,S12CFSI,ROA_CFSI_PT,M,2003-M11,1.607085990939933,0,,,,,,,,,,SC,,,,,,
dataflow,IMF.STA:FSIC(13.0.1),R,CHL,S12CFSI,ROA_CFSI_PT,M,2003-M12,1.58508961488034,0,,,,,,,,,,SC,,,,,,
dataflow,IMF.STA:FSIC(13.0.1),R,CHL,S12CFSI,ROA_CFSI_PT,M,2004-M01,1.86680435941504,0,,,,,,,,,,SC,,,,,,
dataflow,IMF.STA:FSIC(13.0.1),R,CHL,S12CFSI,ROA_CFSI_PT,M,2004-M02,1.872491366545371,0,,,,,,,,,,SC,,,,,,
dataflow,IMF.STA:FSIC(13.0.1),R,CHL,S12CFSI,ROA_CFSI_PT,M,2004-M03,1.967473665051408,0,,,,,,,,,,SC,,,,,,
dataflow,IMF.STA:FSIC(13.0.1),R,CHL,S12CFSI,ROA_CFSI_PT,M,2004-M04,1.893070326351901,0,,,,,,,,,,SC,,,,,,
dataflow,IMF.STA:FSIC(13.0.1),R,CHL,S12CFSI,ROA_CFSI_PT,M,2004-M05,1.879970589702354,0,,,,,,,,,,SC,,,,,,
dataflow,IMF.STA:FSIC(13.0.1),R,CHL,S12CFSI,ROA_CFSI_PT,M,2004-M06,1.755774187345552,0,,,,,,,,,,SC,,,,,,
dataflow,IMF.STA:FSIC(13.0.1),R,CHL,S12CFSI,ROA_CFSI_PT,M,2004-M07,1.795089345615615,0,,,,,,,,,,SC,,,,,,
dataflow,IMF.STA:FSIC(13.0.1),R,CHL,S12CFSI,ROA_CFSI_PT,M,2004-M08,1.757516577772493,0,,,,,,,,,,SC,,,,,,
dataflow,IMF.STA:FSIC(13.0.1),R,CHL,S12CFSI,ROA_CFSI_PT,M,2004-M09,1.690164879953191,0,,,,,,,,,,SC,,,,,,
dataflow,IMF.STA:FSIC(13.0.1),R,CHL,S12CFSI,ROA_CFSI_PT,M,2004-M10,1.67111006899017,0,,,,,,,,,,SC,,,,,,
dataflow,IMF.STA:FSIC(13.0.1),R,CHL,S12CFSI,ROA_CFSI_PT,M,2004-M11,1.636670192217321,0,,,,,,,,,,SC,,,,,,
dataflow,IMF.STA:FSIC(13.0.1),R,CHL,S12CFSI,ROA_CFSI_PT,M,2004-M12,1.547423854081112,0,,,,,,,,,,SC,,,,,,
dataflow,IMF.STA:FSIC(13.0.1),R,CHL,S12CFSI,ROA_CFSI_PT,M,2005-M01,2.029644247625074,0,,,,,,,,,,SC,,,,,,
dataflow,IMF.STA:FSIC(13.0.1),R,CHL,S12CFSI,ROA_CFSI_PT,M,2005-M02,1.738946092759279,0,,,,,,,,,,SC,,,,,,
dataflow,IMF.STA:FSIC(13.0.1),R,CHL,S12CFSI,ROA_CFSI_PT,M,2005-M03,1.835056119256121,0,,,,,,,,,,SC,,,,,,
dataflow,IMF.STA:FSIC(13.0.1),R,CHL,S12CFSI,ROA_CFSI_PT,M,2005-M04,1.785479174597812,0,,,,,,,,,,SC,,,,,,
dataflow,IMF.STA:FSIC(13.0.1),R,CHL,S12CFSI,ROA_CFSI_PT,M,2005-M05,1.766878876659635,0,,,,,,,,,,SC,,,,,,
dataflow,IMF.STA:FSIC(13.0.1),R,CHL,S12CFSI,ROA_CFSI_PT,M,2005-M06,1.782114618615434,0,,,,,,,,,,SC,,,,,,
dataflow,IMF.STA:FSIC(13.0.1),R,CHL,S12CFSI,ROA_CFSI_PT,M,2005-M07,1.745343407528541,0,,,,,,,,,,SC,,,,,,
dataflow,IMF.STA:FSIC(13.0.1),R,CHL,S12CFSI,ROA_CFSI_PT,M,2005-M08,1.738700974214808,0,,,,,,,,,,SC,,,,,,
dataflow,IMF.STA:FSIC(13.0.1),R,CHL,S12CFSI,ROA_CFSI_PT,M,2005-M09,1.727476786046592,0,,,,,,,,,,SC,,,,,,
dataflow,IMF.STA:FSIC(13.0.1),R,CHL,S12CFSI,ROA_CFSI_PT,M,2005-M10,1.687001545384273,0,,,,,,,,,,SC,,,,,,
dataflow,IMF.STA:FSIC(13.0.1),R,CHL,S12CFSI,ROA_CFSI_PT,M,2005-M11,1.656387588188792,0,,,,,,,,,,SC,,,,,,
dataflow,IMF.STA:FSIC(13.0.1),R,CHL,S12CFSI,ROA_CFSI_PT,M,2005-M12,1.618009701065791,0,,,,,,,,,,SC,,,,,,
dataflow,IMF.STA:FSIC(13.0.1),R,CHL,S12CFSI,ROA_CFSI_PT,M,2006-M01,1.976798390055007,0,,,,,,,,,,SC,,,,,,
dataflow,IMF.STA:FSIC(13.0.1),R,CHL,S12CFSI,ROA_CFSI_PT,M,2006-M02,1.734680323948991,0,,,,,,,,,,SC,,,,,,
dataflow,IMF.STA:FSIC(13.0.1),R,CHL,S12CFSI,ROA_CFSI_PT,M,2006-M03,1.839534450124638,0,,,,,,,,,,SC,,,,,,
dataflow,IMF.STA:FSIC(13.0.1),R,CHL,S12CFSI,ROA_CFSI_PT,M,2006-M04,1.770414518576317,0,,,,,,,,,,SC,,,,,,
dataflow,IMF.STA:FSIC(13.0.1),R,CHL,S12CFSI,ROA_CFSI_PT,M,2006-M05,1.794321145432975,0,,,,,,,,,,SC,,,,,,
dataflow,IMF.STA:FSIC(13.0.1),R,CHL,S12CFSI,ROA_CFSI_PT,M,2006-M06,1.781004931344542,0,,,,,,,,,,SC,,,,,,
dataflow,IMF.STA:FSIC(13.0.1),R,CHL,S12CFSI,ROA_CFSI_PT,M,2006-M07,1.776592053898979,0,,,,,,,,,,SC,,,,,,
dataflow,IMF.STA:FSIC(13.0.1),R,CHL,S12CFSI,ROA_CFSI_PT,M,2006-M08,1.781017645542979,0,,,,,,,,,,SC,,,,,,
dataflow,IMF.STA:FSIC(13.0.1),R,CHL,S12CFSI,ROA_CFSI_PT,M,2006-M09,1.751552686656017,0,,,,,,,,,,SC,,,,,,
dataflow,IMF.STA:FSIC(13.0.1),R,CHL,S12CFSI,ROA_CFSI_PT,M,2006-M10,1.709212579067501,0,,,,,,,,,,SC,,,,,,
dataflow,IMF.STA:FSIC(13.0.1),R,CHL,S12CFSI,ROA_CFSI_PT,M,2006-M11,1.676643869723425,0,,,,,,,,,,SC,,,,,,
dataflow,IMF.STA:FSIC(13.0.1),R,CHL,S12CFSI,ROA_CFSI_PT,M,2006-M12,1.626312835215169,0,,,,,,,,,,SC,,,,,,
dataflow,IMF.STA:FSIC(13.0.1),R,CHL,S12CFSI,ROA_CFSI_PT,M,2007-M01,1.549417898394586,0,,,,,,,,,,SC,,,,,,
dataflow,IMF.STA:FSIC(13.0.1),R,CHL,S12CFSI,ROA_CFSI_PT,M,2007-M02,1.45249032422154,0,,,,,,,,,,SC,,,,,,
dataflow,IMF.STA:FSIC(13.0.1),R,CHL,S12CFSI,ROA_CFSI_PT,M,2007-M03,1.592065281757246,0,,,,,,,,,,SC,,,,,,
dataflow,IMF.STA:FSIC(13.0.1),R,CHL,S12CFSI,ROA_CFSI_PT,M,2007-M04,1.517293135723222,0,,,,,,,,,,SC,,,,,,
dataflow,IMF.STA:FSIC(13.0.1),R,CHL,S12CFSI,ROA_CFSI_PT,M,2007-M05,1.521464866243584,0,,,,,,,,,,SC,,,,,,
dataflow,IMF.STA:FSIC(13.0.1),R,CHL,S12CFSI,ROA_CFSI_PT,M,2007-M06,1.51347340139801,0,,,,,,,,,,SC,,,,,,
dataflow,IMF.STA:FSIC(13.0.1),R,CHL,S12CFSI,ROA_CFSI_PT,M,2007-M07,1.515153656496207,0,,,,,,,,,,SC,,,,,,
dataflow,IMF.STA:FSIC(13.0.1),R,CHL,S12CFSI,ROA_CFSI_PT,M,2007-M08,1.51758468094295,0,,,,,,,,,,SC,,,,,,
dataflow,IMF.STA:FSIC(13.0.1),R,CHL,S12CFSI,ROA_CFSI_PT,M,2007-M09,1.5206239777967,0,,,,,,,,,,SC,,,,,,
dataflow,IMF.STA:FSIC(13.0.1),R,CHL,S12CFSI,ROA_CFSI_PT,M,2007-M10,1.547362358089376,0,,,,,,,,,,SC,,,,,,
dataflow,IMF.STA:FSIC(13.0.1),R,CHL,S12CFSI,ROA_CFSI_PT,M,2007-M11,1.502682649768778,0,,,,,,,,,,SC,,,,,,
dataflow,IMF.STA:FSIC(13.0.1),R,CHL,S12CFSI,ROA_CFSI_PT,M,2007-M12,1.453674509975633,0,,,,,,,,,,SC,,,,,,
dataflow,IMF.STA:FSIC(13.0.1),R,CHL,S12CFSI,ROA_CFSI_PT,M,2008-M01,1.801227466435641,0,,,,,,,,,,SC,,,,,,
dataflow,IMF.STA:FSIC(13.0.1),R,CHL,S12CFSI,ROA_CFSI_PT,M,2008-M02,1.65185001441434,0,,,,,,,,,,SC,,,,,,
dataflow,IMF.STA:FSIC(13.0.1),R,CHL,S12CFSI,ROA_CFSI_PT,M,2008-M03,1.50222303300036,0,,,,,,,,,,SC,,,,,,
dataflow,IMF.STA:FSIC(13.0.1),R,CHL,S12CFSI,ROA_CFSI_PT,M,2008-M04,1.482019353870393,0,,,,,,,,,,SC,,,,,,
dataflow,IMF.STA:FSIC(13.0.1),R,CHL,S12CFSI,ROA_CFSI_PT,M,2008-M05,1.461245473826436,0,,,,,,,,,,SC,,,,,,
dataflow,IMF.STA:FSIC(13.0.1),R,CHL,S12CFSI,ROA_CFSI_PT,M,2008-M06,1.41106328449779,0,,,,,,,,,,SC,,,,,,
dataflow,IMF.STA:FSIC(13.0.1),R,CHL,S12CFSI,ROA_CFSI_PT,M,2008-M07,1.434498316765617,0,,,,,,,,,,SC,,,,,,
dataflow,IMF.STA:FSIC(13.0.1),R,CHL,S12CFSI,ROA_CFSI_PT,M,2008-M08,1.424864622360611,0,,,,,,,,,,SC,,,,,,
dataflow,IMF.STA:FSIC(13.0.1),R,CHL,S12CFSI,ROA_CFSI_PT,M,2008-M09,1.383573413517306,0,,,,,,,,,,SC,,,,,,
dataflow,IMF.STA:FSIC(13.0.1),R,CHL,S12CFSI,ROA_CFSI_PT,M,2008-M10,1.363579834884155,0,,,,,,,,,,SC,,,,,,
dataflow,IMF.STA:FSIC(13.0.1),R,CHL,S12CFSI,ROA_CFSI_PT,M,2008-M11,1.360488830859172,0,,,,,,,,,,SC,,,,,,
dataflow,IMF.STA:FSIC(13.0.1),R,CHL,S12CFSI,ROA_CFSI_PT,M,2008-M12,1.289833373264131,0,,,,,,,,,,SC,,,,,,
dataflow,IMF.STA:FSIC(13.0.1),R,CHL,S12CFSI,ROA_CFSI_PT,M,2009-M01,1.168898448632643,0,,,,,,,,,,SC,,,,,,
dataflow,IMF.STA:FSIC(13.0.1),R,CHL,S12CFSI,ROA_CFSI_PT,M,2009-M02,1.094140643625967,0,,,,,,,,,,SC,,,,,,
dataflow,IMF.STA:FSIC(13.0.1),R,CHL,S12CFSI,ROA_CFSI_PT,M,2009-M03,1.229461703115458,0,,,,,,,,,,SC,,,,,,
dataflow,IMF.STA:FSIC(13.0.1),R,CHL,S12CFSI,ROA_CFSI_PT,M,2009-M04,1.336885503231598,0,,,,,,,,,,SC,,,,,,
dataflow,IMF.STA:FSIC(13.0.1),R,CHL,S12CFSI,ROA_CFSI_PT,M,2009-M05,1.314967030554433,0,,,,,,,,,,SC,,,,,,
dataflow,IMF.STA:FSIC(13.0.1),R,CHL,S12CFSI,ROA_CFSI_PT,M,2009-M06,1.307460925760536,0,,,,,,,,,,SC,,,,,,
dataflow,IMF.STA:FSIC(13.0.1),R,CHL,S12CFSI,ROA_CFSI_PT,M,2009-M07,1.358642086914368,0,,,,,,,,,,SC,,,,,,
dataflow,IMF.STA:FSIC(13.0.1),R,CHL,S12CFSI,ROA_CFSI_PT,M,2009-M08,1.388937583392041,0,,,,,,,,,,SC,,,,,,
dataflow,IMF.STA:FSIC(13.0.1),R,CHL,S12CFSI,ROA_CFSI_PT,M,2009-M09,1.412854176325342,0,,,,,,,,,,SC,,,,,,
dataflow,IMF.STA:FSIC(13.0.1),R,CHL,S12CFSI,ROA_CFSI_PT,M,2009-M10,1.502236085423321,0,,,,,,,,,,SC,,,,,,
dataflow,IMF.STA:FSIC(13.0.1),R,CHL,S12CFSI,ROA_CFSI_PT,M,2009-M11,1.511674663537614,0,,,,,,,,,,SC,,,,,,
dataflow,IMF.STA:FSIC(13.0.1),R,CHL,S12CFSI,ROA_CFSI_PT,M,2009-M12,1.510789333669219,0,,,,,,,,,,SC,,,,,,
dataflow,IMF.STA:FSIC(13.0.1),R,CHL,S12CFSI,ROA_CFSI_PT,M,2010-M01,1.98395864463429,0,,,,,,,,,,SC,,,,,,
dataflow,IMF.STA:FSIC(13.0.1),R,CHL,S12CFSI,ROA_CFSI_PT,M,2010-M02,1.916832584195776,0,,,,,,,,,,SC,,,,,,
dataflow,IMF.STA:FSIC(13.0.1),R,CHL,S12CFSI,ROA_CFSI_PT,M,2010-M03,1.924483752183264,0,,,,,,,,,,SC,,,,,,
dataflow,IMF.STA:FSIC(13.0.1),R,CHL,S12CFSI,ROA_CFSI_PT,M,2010-M04,1.974987097136705,0,,,,,,,,,,SC,,,,,,
dataflow,IMF.STA:FSIC(13.0.1),R,CHL,S12CFSI,ROA_CFSI_PT,M,2010-M05,1.946260643375362,0,,,,,,,,,,SC,,,,,,
dataflow,IMF.STA:FSIC(13.0.1),R,CHL,S12CFSI,ROA_CFSI_PT,M,2010-M06,1.966836235858706,0,,,,,,,,,,SC,,,,,,
dataflow,IMF.STA:FSIC(13.0.1),R,CHL,S12CFSI,ROA_CFSI_PT,M,2010-M07,1.932923263317863,0,,,,,,,,,,SC,,,,,,
dataflow,IMF.STA:FSIC(13.0.1),R,CHL,S12CFSI,ROA_CFSI_PT,M,2010-M08,1.9646610383268,0,,,,,,,,,,SC,,,,,,
dataflow,IMF.STA:FSIC(13.0.1),R,CHL,S12CFSI,ROA_CFSI_PT,M,2010-M09,1.939629590815112,0,,,,,,,,,,SC,,,,,,
dataflow,IMF.STA:FSIC(13.0.1),R,CHL,S12CFSI,ROA_CFSI_PT,M,2010-M10,1.936820459498838,0,,,,,,,,,,SC,,,,,,
dataflow,IMF.STA:FSIC(13.0.1),R,CHL,S12CFSI,ROA_CFSI_PT,M,2010-M11,1.931739257209934,0,,,,,,,,,,SC,,,,,,
dataflow,IMF.STA:FSIC(13.0.1),R,CHL,S12CFSI,ROA_CFSI_PT,M,2010-M12,1.78191893172369,0,,,,,,,,,,SC,,,,,,
dataflow,IMF.STA:FSIC(13.0.1),R,CHL,S12CFSI,ROA_CFSI_PT,M,2011-M01,1.956108806275786,0,,,,,,,,,,SC,,,,,,
dataflow,IMF.STA:FSIC(13.0.1),R,CHL,S12CFSI,ROA_CFSI_PT,M,2011-M02,1.811457885747684,0,,,,,,,,,,SC,,,,,,
dataflow,IMF.STA:FSIC(13.0.1),R,CHL,S12CFSI,ROA_CFSI_PT,M,2011-M03,2.045918059599146,0,,,,,,,,,,SC,,,,,,
dataflow,IMF.STA:FSIC(13.0.1),R,CHL,S12CFSI,ROA_CFSI_PT,M,2011-M04,2.081913759769631,0,,,,,,,,,,SC,,,,,,
dataflow,IMF.STA:FSIC(13.0.1),R,CHL,S12CFSI,ROA_CFSI_PT,M,2011-M05,2.092697703949255,0,,,,,,,,,,SC,,,,,,
dataflow,IMF.STA:FSIC(13.0.1),R,CHL,S12CFSI,ROA_CFSI_PT,M,2011-M06,2.017918708367556,0,,,,,,,,,,SC,,,,,,
dataflow,IMF.STA:FSIC(13.0.1),R,CHL,S12CFSI,ROA_CFSI_PT,M,2011-M07,1.920406113192646,0,,,,,,,,,,SC,,,,,,
dataflow,IMF.STA:FSIC(13.0.1),R,CHL,S12CFSI,ROA_CFSI_PT,M,2011-M08,1.864104416214834,0,,,,,,,,,,SC,,,,,,
dataflow,IMF.STA:FSIC(13.0.1),R,CHL,S12CFSI,ROA_CFSI_PT,M,2011-M09,1.819743050187967,0,,,,,,,,,,SC,,,,,,
dataflow,IMF.STA:FSIC(13.0.1),R,CHL,S12CFSI,ROA_CFSI_PT,M,2011-M10,1.757955540942095,0,,,,,,,,,,SC,,,,,,
dataflow,IMF.STA:FSIC(13.0.1),R,CHL,S12CFSI,ROA_CFSI_PT,M,2011-M11,1.713444284827177,0,,,,,,,,,,SC,,,,,,
dataflow,IMF.STA:FSIC(13.0.1),R,CHL,S12CFSI,ROA_CFSI_PT,M,2011-M12,1.711611428261063,0,,,,,,,,,,SC,,,,,,
dataflow,IMF.STA:FSIC(13.0.1),R,CHL,S12CFSI,ROA_CFSI_PT,M,2012-M01,1.823847874923073,0,,,,,,,,,,SC,,,,,,
dataflow,IMF.STA:FSIC(13.0.1),R,CHL,S12CFSI,ROA_CFSI_PT,M,2012-M02,1.646622422482415,0,,,,,,,,,,SC,,,,,,
dataflow,IMF.STA:FSIC(13.0.1),R,CHL,S12CFSI,ROA_CFSI_PT,M,2012-M03,1.660906894870468,0,,,,,,,,,,SC,,,,,,
dataflow,IMF.STA:FSIC(13.0.1),R,CHL,S12CFSI,ROA_CFSI_PT,M,2012-M04,1.581702284724053,0,,,,,,,,,,SC,,,,,,
dataflow,IMF.STA:FSIC(13.0.1),R,CHL,S12CFSI,ROA_CFSI_PT,M,2012-M05,1.593211233959916,0,,,,,,,,,,SC,,,,,,
dataflow,IMF.STA:FSIC(13.0.1),R,CHL,S12CFSI,ROA_CFSI_PT,M,2012-M06,1.555685608539599,0,,,,,,,,,,SC,,,,,,
dataflow,IMF.STA:FSIC(13.0.1),R,CHL,S12CFSI,ROA_CFSI_PT,M,2012-M07,1.436489103789779,0,,,,,,,,,,SC,,,,,,
dataflow,IMF.STA:FSIC(13.0.1),R,CHL,S12CFSI,ROA_CFSI_PT,M,2012-M08,1.376007463358193,0,,,,,,,,,,SC,,,,,,
dataflow,IMF.STA:FSIC(13.0.1),R,CHL,S12CFSI,ROA_CFSI_PT,M,2012-M09,1.374388525589283,0,,,,,,,,,,SC,,,,,,
dataflow,IMF.STA:FSIC(13.0.1),R,CHL,S12CFSI,ROA_CFSI_PT,M,2012-M10,1.453879498848601,0,,,,,,,,,,SC,,,,,,
dataflow,IMF.STA:FSIC(13.0.1),R,CHL,S12CFSI,ROA_CFSI_PT,M,2012-M11,1.481207448155882,0,,,,,,,,,,SC,,,,,,
dataflow,IMF.STA:FSIC(13.0.1),R,CHL,S12CFSI,ROA_CFSI_PT,M,2012-M12,1.453051063789708,0,,,,,,,,,,SC,,,,,,
dataflow,IMF.STA:FSIC(13.0.1),R,CHL,S12CFSI,ROA_CFSI_PT,M,2013-M01,1.311304581407441,0,,,,,,,,,,SC,,,,,,
dataflow,IMF.STA:FSIC(13.0.1),R,CHL,S12CFSI,ROA_CFSI_PT,M,2013-M02,1.270432732246388,0,,,,,,,,,,SC,,,,,,
dataflow,IMF.STA:FSIC(13.0.1),R,CHL,S12CFSI,ROA_CFSI_PT,M,2013-M03,1.361311624815075,0,,,,,,,,,,SC,,,,,,
dataflow,IMF.STA:FSIC(13.0.1),R,CHL,S12CFSI,ROA_CFSI_PT,M,2013-M04,1.438047393293747,0,,,,,,,,,,SC,,,,,,
dataflow,IMF.STA:FSIC(13.0.1),R,CHL,S12CFSI,ROA_CFSI_PT,M,2013-M05,1.424578601592031,0,,,,,,,,,,SC,,,,,,
dataflow,IMF.STA:FSIC(13.0.1),R,CHL,S12CFSI,ROA_CFSI_PT,M,2013-M06,1.437536140504503,0,,,,,,,,,,SC,,,,,,
dataflow,IMF.STA:FSIC(13.0.1),R,CHL,S12CFSI,ROA_CFSI_PT,M,2013-M07,1.477069907894264,0,,,,,,,,,,SC,,,,,,
dataflow,IMF.STA:FSIC(13.0.1),R,CHL,S12CFSI,ROA_CFSI_PT,M,2013-M08,1.507219235134835,0,,,,,,,,,,SC,,,,,,
dataflow,IMF.STA:FSIC(13.0.1),R,CHL,S12CFSI,ROA_CFSI_PT,M,2013-M09,1.474445935987994,0,,,,,,,,,,SC,,,,,,
dataflow,IMF.STA:FSIC(13.0.1),R,CHL,S12CFSI,ROA_CFSI_PT,M,2013-M10,1.514351123615741,0,,,,,,,,,,SC,,,,,,
dataflow,IMF.STA:FSIC(13.0.1),R,CHL,S12CFSI,ROA_CFSI_PT,M,2013-M11,1.51776230754368,0,,,,,,,,,,SC,,,,,,
dataflow,IMF.STA:FSIC(13.0.1),R,CHL,S12CFSI,ROA_CFSI_PT,M,2013-M12,1.594919061944125,0,,,,,,,,,,SC,,,,,,
dataflow,IMF.STA:FSIC(13.0.1),R,CHL,S12CFSI,ROA_CFSI_PT,M,2014-M01,2.051636094035555,0,,,,,,,,,,SC,,,,,,
dataflow,IMF.STA:FSIC(13.0.1),R,CHL,S12CFSI,ROA_CFSI_PT,M,2014-M02,1.801381162676245,0,,,,,,,,,,SC,,,,,,
dataflow,IMF.STA:FSIC(13.0.1),R,CHL,S12CFSI,ROA_CFSI_PT,M,2014-M03,1.868439856854579,0,,,,,,,,,,SC,,,,,,
dataflow,IMF.STA:FSIC(13.0.1),R,CHL,S12CFSI,ROA_CFSI_PT,M,2014-M04,1.902359044968775,0,,,,,,,,,,SC,,,,,,
dataflow,IMF.STA:FSIC(13.0.1),R,CHL,S12CFSI,ROA_CFSI_PT,M,2014-M05,1.910616993502908,0,,,,,,,,,,SC,,,,,,
dataflow,IMF.STA:FSIC(13.0.1),R,CHL,S12CFSI,ROA_CFSI_PT,M,2014-M06,1.866452427720196,0,,,,,,,,,,SC,,,,,,
dataflow,IMF.STA:FSIC(13.0.1),R,CHL,S12CFSI,ROA_CFSI_PT,M,2014-M07,1.837297418716414,0,,,,,,,,,,SC,,,,,,
dataflow,IMF.STA:FSIC(13.0.1),R,CHL,S12CFSI,ROA_CFSI_PT,M,2014-M08,1.792457334397039,0,,,,,,,,,,SC,,,,,,
dataflow,IMF.STA:FSIC(13.0.1),R,CHL,S12CFSI,ROA_CFSI_PT,M,2014-M09,1.745843499459759,0,,,,,,,,,,SC,,,,,,
dataflow,IMF.STA:FSIC(13.0.1),R,CHL,S12CFSI,ROA_CFSI_PT,M,2014-M10,1.705908458412732,0,,,,,,,,,,SC,,,,,,
dataflow,IMF.STA:FSIC(13.0.1),R,CHL,S12CFSI,ROA_CFSI_PT,M,2014-M11,1.712514969983807,0,,,,,,,,,,SC,,,,,,
dataflow,IMF.STA:FSIC(13.0.1),R,CHL,S12CFSI,ROA_CFSI_PT,M,2014-M12,1.62607845324361,0,,,,,,,,,,SC,,,,,,
dataflow,IMF.STA:FSIC(13.0.1),R,CHL,S12CFSI,ROA_CFSI_PT,M,2015-M01,1.128790125326501,0,,,,,,,,,,SC,,,,,,
dataflow,IMF.STA:FSIC(13.0.1),R,CHL,S12CFSI,ROA_CFSI_PT,M,2015-M02,1.230486739559435,0,,,,,,,,,,SC,,,,,,
dataflow,IMF.STA:FSIC(13.0.1),R,CHL,S12CFSI,ROA_CFSI_PT,M,2015-M03,1.460555855992904,0,,,,,,,,,,SC,,,,,,
dataflow,IMF.STA:FSIC(13.0.1),R,CHL,S12CFSI,ROA_CFSI_PT,M,2015-M04,1.530358349030481,0,,,,,,,,,,SC,,,,,,
dataflow,IMF.STA:FSIC(13.0.1),R,CHL,S12CFSI,ROA_CFSI_PT,M,2015-M05,1.614323605181399,0,,,,,,,,,,SC,,,,,,
dataflow,IMF.STA:FSIC(13.0.1),R,CHL,S12CFSI,ROA_CFSI_PT,M,2015-M06,1.617836871919303,0,,,,,,,,,,SC,,,,,,
dataflow,IMF.STA:FSIC(13.0.1),R,CHL,S12CFSI,ROA_CFSI_PT,M,2015-M07,1.606339855804921,0,,,,,,,,,,SC,,,,,,
dataflow,IMF.STA:FSIC(13.0.1),R,CHL,S12CFSI,ROA_CFSI_PT,M,2015-M08,1.592579049859767,0,,,,,,,,,,SC,,,,,,
dataflow,IMF.STA:FSIC(13.0.1),R,CHL,S12CFSI,ROA_CFSI_PT,M,2015-M09,1.568409545438822,0,,,,,,,,,,SC,,,,,,
dataflow,IMF.STA:FSIC(13.0.1),R,CHL,S12CFSI,ROA_CFSI_PT,M,2015-M10,1.557645812218808,0,,,,,,,,,,SC,,,,,,
dataflow,IMF.STA:FSIC(13.0.1),R,CHL,S12CFSI,ROA_CFSI_PT,M,2015-M11,1.513571895665417,0,,,,,,,,,,SC,,,,,,
dataflow,IMF.STA:FSIC(13.0.1),R,CHL,S12CFSI,ROA_CFSI_PT,M,2015-M12,1.464982356007337,0,,,,,,,,,,SC,,,,,,
dataflow,IMF.STA:FSIC(13.0.1),R,CHL,S12CFSI,ROA_CFSI_PT,M,2016-M01,0.921238744258979,0,,,,,,,,,,SC,,,,,,
dataflow,IMF.STA:FSIC(13.0.1),R,CHL,S12CFSI,ROA_CFSI_PT,M,2016-M02,1.065427559110958,0,,,,,,,,,,SC,,,,,,
dataflow,IMF.STA:FSIC(13.0.1),R,CHL,S12CFSI,ROA_CFSI_PT,M,2016-M03,1.12263020417267,0,,,,,,,,,,SC,,,,,,
dataflow,IMF.STA:FSIC(13.0.1),R,CHL,S12CFSI,ROA_CFSI_PT,M,2016-M04,1.249198967408387,0,,,,,,,,,,SC,,,,,,
dataflow,IMF.STA:FSIC(13.0.1),R,CHL,S12CFSI,ROA_CFSI_PT,M,2016-M05,1.324630655501999,0,,,,,,,,,,SC,,,,,,
dataflow,IMF.STA:FSIC(13.0.1),R,CHL,S12CFSI,ROA_CFSI_PT,M,2016-M06,1.272930774295032,0,,,,,,,,,,SC,,,,,,
dataflow,IMF.STA:FSIC(13.0.1),R,CHL,S12CFSI,ROA_CFSI_PT,M,2016-M07,1.294153571947046,0,,,,,,,,,,SC,,,,,,
dataflow,IMF.STA:FSIC(13.0.1),R,CHL,S12CFSI,ROA_CFSI_PT,M,2016-M08,1.286955591061348,0,,,,,,,,,,SC,,,,,,
dataflow,IMF.STA:FSIC(13.0.1),R,CHL,S12CFSI,ROA_CFSI_PT,M,2016-M09,1.267220845502096,0,,,,,,,,,,SC,,,,,,
dataflow,IMF.STA:FSIC(13.0.1),R,CHL,S12CFSI,ROA_CFSI_PT,M,2016-M10,1.24174795384435,0,,,,,,,,,,SC,,,,,,
dataflow,IMF.STA:FSIC(13.0.1),R,CHL,S12CFSI,ROA_CFSI_PT,M,2016-M11,1.169968071071193,0,,,,,,,,,,SC,,,,,,
dataflow,IMF.STA:FSIC(13.0.1),R,CHL,S12CFSI,ROA_CFSI_PT,M,2016-M12,1.185777356915115,0,,,,,,,,,,SC,,,,,,
dataflow,IMF.STA:FSIC(13.0.1),R,CHL,S12CFSI,ROA_CFSI_PT,M,2017-M01,1.020142972897171,0,,,,,,,,,,SC,,,,,,
dataflow,IMF.STA:FSIC(13.0.1),R,CHL,S12CFSI,ROA_CFSI_PT,M,2017-M02,1.149661534809453,0,,,,,,,,,,SC,,,,,,
dataflow,IMF.STA:FSIC(13.0.1),R,CHL,S12CFSI,ROA_CFSI_PT,M,2017-M03,1.521266718373605,0,,,,,,,,,,SC,,,,,,
dataflow,IMF.STA:FSIC(13.0.1),R,CHL,S12CFSI,ROA_CFSI_PT,M,2017-M04,1.477328375725998,0,,,,,,,,,,SC,,,,,,
dataflow,IMF.STA:FSIC(13.0.1),R,CHL,S12CFSI,ROA_CFSI_PT,M,2017-M05,1.51066214675158,0,,,,,,,,,,SC,,,,,,
dataflow,IMF.STA:FSIC(13.0.1),R,CHL,S12CFSI,ROA_CFSI_PT,M,2017-M06,1.490282159796944,0,,,,,,,,,,SC,,,,,,
dataflow,IMF.STA:FSIC(13.0.1),R,CHL,S12CFSI,ROA_CFSI_PT,M,2017-M07,1.413545742373747,0,,,,,,,,,,SC,,,,,,
dataflow,IMF.STA:FSIC(13.0.1),R,CHL,S12CFSI,ROA_CFSI_PT,M,2017-M08,1.381579778731817,0,,,,,,,,,,SC,,,,,,
dataflow,IMF.STA:FSIC(13.0.1),R,CHL,S12CFSI,ROA_CFSI_PT,M,2017-M09,1.397724670050499,0,,,,,,,,,,SC,,,,,,
dataflow,IMF.STA:FSIC(13.0.1),R,CHL,S12CFSI,ROA_CFSI_PT,M,2017-M10,1.372996700934294,0,,,,,,,,,,SC,,,,,,
dataflow,IMF.STA:FSIC(13.0.1),R,CHL,S12CFSI,ROA_CFSI_PT,M,2017-M11,1.361119475409426,0,,,,,,,,,,SC,,,,,,
dataflow,IMF.STA:FSIC(13.0.1),R,CHL,S12CFSI,ROA_CFSI_PT,M,2017-M12,1.331790361488145,0,,,,,,,,,,SC,,,,,,
dataflow,IMF.STA:FSIC(13.0.1),R,CHL,S12CFSI,ROA_CFSI_PT,M,2018-M01,1.487896255549254,0,,,,,,,,,,SC,,,,,,
dataflow,IMF.STA:FSIC(13.0.1),R,CHL,S12CFSI,ROA_CFSI_PT,M,2018-M02,1.437809292993878,0,,,,,,,,,,SC,,,,,,
dataflow,IMF.STA:FSIC(13.0.1),R,CHL,S12CFSI,ROA_CFSI_PT,M,2018-M03,1.478076011665282,0,,,,,,,,,,SC,,,,,,
dataflow,IMF.STA:FSIC(13.0.1),R,CHL,S12CFSI,ROA_CFSI_PT,M,2018-M04,1.473286802126635,0,,,,,,,,,,SC,,,,,,
dataflow,IMF.STA:FSIC(13.0.1),R,CHL,S12CFSI,ROA_CFSI_PT,M,2018-M05,1.494553186696566,0,,,,,,,,,,SC,,,,,,
dataflow,IMF.STA:FSIC(13.0.1),R,CHL,S12CFSI,ROA_CFSI_PT,M,2018-M06,1.523221338498599,0,,,,,,,,,,SC,,,,,,
dataflow,IMF.STA:FSIC(13.0.1),R,CHL,S12CFSI,ROA_CFSI_PT,M,2018-M07,1.525215521811466,0,,,,,,,,,,SC,,,,,,
dataflow,IMF.STA:FSIC(13.0.1),R,CHL,S12CFSI,ROA_CFSI_PT,M,2018-M08,1.494048534818425,0,,,,,,,,,,SC,,,,,,
dataflow,IMF.STA:FSIC(13.0.1),R,CHL,S12CFSI,ROA_CFSI_PT,M,2018-M09,1.406036273259475,0,,,,,,,,,,SC,,,,,,
dataflow,IMF.STA:FSIC(13.0.1),R,CHL,S12CFSI,ROA_CFSI_PT,M,2018-M10,1.403530146839552,0,,,,,,,,,,SC,,,,,,
dataflow,IMF.STA:FSIC(13.0.1),R,CHL,S12CFSI,ROA_CFSI_PT,M,2018-M11,1.398528353889392,0,,,,,,,,,,SC,,,,,,
dataflow,IMF.STA:FSIC(13.0.1),R,CHL,S12CFSI,ROA_CFSI_PT,M,2018-M12,1.382723046080956,0,,,,,,,,,,SC,,,,,,
dataflow,IMF.STA:FSIC(13.0.1),R,CHL,S12CFSI,ROA_CFSI_PT,M,2019-M01,1.351630369326228,0,,,,,,,,,,SC,,,,,,
dataflow,IMF.STA:FSIC(13.0.1),R,CHL,S12CFSI,ROA_CFSI_PT,M,2019-M02,1.275542123579829,0,,,,,,,,,,SC,,,,,,
dataflow,IMF.STA:FSIC(13.0.1),R,CHL,S12CFSI,ROA_CFSI_PT,M,2019-M03,1.370194724234858,0,,,,,,,,,,SC,,,,,,
dataflow,IMF.STA:FSIC(13.0.1),R,CHL,S12CFSI,ROA_CFSI_PT,M,2019-M04,1.466222805556434,0,,,,,,,,,,SC,,,,,,
dataflow,IMF.STA:FSIC(13.0.1),R,CHL,S12CFSI,ROA_CFSI_PT,M,2019-M05,1.522950981064997,0,,,,,,,,,,SC,,,,,,
dataflow,IMF.STA:FSIC(13.0.1),R,CHL,S12CFSI,ROA_CFSI_PT,M,2019-M06,1.564107296949073,0,,,,,,,,,,SC,,,,,,
dataflow,IMF.STA:FSIC(13.0.1),R,CHL,S12CFSI,ROA_CFSI_PT,M,2019-M07,1.552447903066489,0,,,,,,,,,,SC,,,,,,
dataflow,IMF.STA:FSIC(13.0.1),R,CHL,S12CFSI,ROA_CFSI_PT,M,2019-M08,1.515981524230967,0,,,,,,,,,,SC,,,,,,
dataflow,IMF.STA:FSIC(13.0.1),R,CHL,S12CFSI,ROA_CFSI_PT,M,2019-M09,1.497600061765071,0,,,,,,,,,,SC,,,,,,
dataflow,IMF.STA:FSIC(13.0.1),R,CHL,S12CFSI,ROA_CFSI_PT,M,2019-M10,1.406247338554563,0,,,,,,,,,,SC,,,,,,
dataflow,IMF.STA:FSIC(13.0.1),R,CHL,S12CFSI,ROA_CFSI_PT,M,2019-M11,1.380575869666753,0,,,,,,,,,,SC,,,,,,
dataflow,IMF.STA:FSIC(13.0.1),R,CHL,S12CFSI,ROA_CFSI_PT,M,2019-M12,1.33700944650077,0,,,,,,,,,,SC,,,,,,
dataflow,IMF.STA:FSIC(13.0.1),R,CHL,S12CFSI,ROA_CFSI_PT,M,2020-M01,1.538936451246406,0,,,,,,,,,,SC,,,,,,
dataflow,IMF.STA:FSIC(13.0.1),R,CHL,S12CFSI,ROA_CFSI_PT,M,2020-M02,1.398061534313442,0,,,,,,,,,,SC,,,,,,
dataflow,IMF.STA:FSIC(13.0.1),R,CHL,S12CFSI,ROA_CFSI_PT,M,2020-M03,1.231482379703594,0,,,,,,,,,,SC,,,,,,
dataflow,IMF.STA:FSIC(13.0.1),R,CHL,S12CFSI,ROA_CFSI_PT,M,2020-M04,1.137138358304526,0,,,,,,,,,,SC,,,,,,
dataflow,IMF.STA:FSIC(13.0.1),R,CHL,S12CFSI,ROA_CFSI_PT,M,2020-M05,1.000630089949176,0,,,,,,,,,,SC,,,,,,
dataflow,IMF.STA:FSIC(13.0.1),R,CHL,S12CFSI,ROA_CFSI_PT,M,2020-M06,0.4318220520103952,0,,,,,,,,,,SC,,,,,,
dataflow,IMF.STA:FSIC(13.0.1),R,CHL,S12CFSI,ROA_CFSI_PT,M,2020-M07,0.4288597912757803,0,,,,,,,,,,SC,,,,,,
dataflow,IMF.STA:FSIC(13.0.1),R,CHL,S12CFSI,ROA_CFSI_PT,M,2020-M08,0.500201461726111,0,,,,,,,,,,SC,,,,,,
dataflow,IMF.STA:FSIC(13.0.1),R,CHL,S12CFSI,ROA_CFSI_PT,M,2020-M09,0.5520778873567068,0,,,,,,,,,,SC,,,,,,
dataflow,IMF.STA:FSIC(13.0.1),R,CHL,S12CFSI,ROA_CFSI_PT,M,2020-M10,0.5023188468107055,0,,,,,,,,,,SC,,,,,,
dataflow,IMF.STA:FSIC(13.0.1),R,CHL,S12CFSI,ROA_CFSI_PT,M,2020-M11,0.5500709590590857,0,,,,,,,,,,SC,,,,,,
dataflow,IMF.STA:FSIC(13.0.1),R,CHL,S12CFSI,ROA_CFSI_PT,M,2020-M12,0.5312326013402123,0,,,,,,,,,,SC,,,,,,
dataflow,IMF.STA:FSIC(13.0.1),R,CHL,S12CFSI,ROA_CFSI_PT,M,2021-M01,1.579973096422883,0,,,,,,,,,,SC,,,,,,
dataflow,IMF.STA:FSIC(13.0.1),R,CHL,S12CFSI,ROA_CFSI_PT,M,2021-M02,1.475902438008795,0,,,,,,,,,,SC,,,,,,
dataflow,IMF.STA:FSIC(13.0.1),R,CHL,S12CFSI,ROA_CFSI_PT,M,2021-M03,1.463015846928705,0,,,,,,,,,,SC,,,,,,
dataflow,IMF.STA:FSIC(13.0.1),R,CHL,S12CFSI,ROA_CFSI_PT,M,2021-M04,1.415622591823599,0,,,,,,,,,,SC,,,,,,
dataflow,IMF.STA:FSIC(13.0.1),R,CHL,S12CFSI,ROA_CFSI_PT,M,2021-M05,1.4614322923714,0,,,,,,,,,,SC,,,,,,
dataflow,IMF.STA:FSIC(13.0.1),R,CHL,S12CFSI,ROA_CFSI_PT,M,2021-M06,1.468025747057584,0,,,,,,,,,,SC,,,,,,
dataflow,IMF.STA:FSIC(13.0.1),R,CHL,S12CFSI,ROA_CFSI_PT,M,2021-M07,1.454510714777238,0,,,,,,,,,,SC,,,,,,
dataflow,IMF.STA:FSIC(13.0.1),R,CHL,S12CFSI,ROA_CFSI_PT,M,2021-M08,1.474051697426296,0,,,,,,,,,,SC,,,,,,
dataflow,IMF.STA:FSIC(13.0.1),R,CHL,S12CFSI,ROA_CFSI_PT,M,2021-M09,1.489768857635694,0,,,,,,,,,,SC,,,,,,
dataflow,IMF.STA:FSIC(13.0.1),R,CHL,S12CFSI,ROA_CFSI_PT,M,2021-M10,1.492253146890996,0,,,,,,,,,,SC,,,,,,
dataflow,IMF.STA:FSIC(13.0.1),R,CHL,S12CFSI,ROA_CFSI_PT,M,2021-M11,1.510770699167664,0,,,,,,,,,,SC,,,,,,
dataflow,IMF.STA:FSIC(13.0.1),R,CHL,S12CFSI,ROA_CFSI_PT,M,2021-M12,1.504113292967687,0,,,,,,,,,,SC,,,,,,
dataflow,IMF.STA:FSIC(13.0.1),R,CHL,S12CFSI,ROA_CFSI_PT,M,2022-M01,1.741103452514613,0,,,,,,,,,,SC,,,,,,
dataflow,IMF.STA:FSIC(13.0.1),R,CHL,S12CFSI,ROA_CFSI_PT,M,2022-M02,1.746554457071628,0,,,,,,,,,,SC,,,,,,
dataflow,IMF.STA:FSIC(13.0.1),R,CHL,S12CFSI,ROA_CFSI_PT,M,2022-M03,1.823448973516294,0,,,,,,,,,,SC,,,,,,
dataflow,IMF.STA:FSIC(13.0.1),R,CHL,S12CFSI,ROA_CFSI_PT,M,2022-M04,1.987686392049647,0,,,,,,,,,,SC,,,,,,
dataflow,IMF.STA:FSIC(13.0.1),R,CHL,S12CFSI,ROA_CFSI_PT,M,2022-M05,2.032466454585183,0,,,,,,,,,,SC,,,,,,
dataflow,IMF.STA:FSIC(13.0.1),R,CHL,S12CFSI,ROA_CFSI_PT,M,2022-M06,2.072357208877848,0,,,,,,,,,,SC,,,,,,
dataflow,IMF.STA:FSIC(13.0.1),R,CHL,S12CFSI,ROA_CFSI_PT,M,2022-M07,1.986880891510517,0,,,,,,,,,,SC,,,,,,
dataflow,IMF.STA:FSIC(13.0.1),R,CHL,S12CFSI,ROA_CFSI_PT,M,2022-M08,1.918842075991406,0,,,,,,,,,,SC,,,,,,
dataflow,IMF.STA:FSIC(13.0.1),R,CHL,S12CFSI,ROA_CFSI_PT,M,2022-M09,1.882844183152222,0,,,,,,,,,,SC,,,,,,
dataflow,IMF.STA:FSIC(13.0.1),R,CHL,S12CFSI,ROA_CFSI_PT,M,2022-M10,1.83195749171268,0,,,,,,,,,,SC,,,,,,
dataflow,IMF.STA:FSIC(13.0.1),R,CHL,S12CFSI,ROA_CFSI_PT,M,2022-M11,1.767791559811595,0,,,,,,,,,,SC,,,,,,
dataflow,IMF.STA:FSIC(13.0.1),R,CHL,S12CFSI,ROA_CFSI_PT,M,2022-M12,1.690991500897011,0,,,,,,,,,,SC,,,,,,
dataflow,IMF.STA:FSIC(13.0.1),R,CHL,S12CFSI,ROA_CFSI_PT,M,2023-M01,1.38187076076766,0,,,,,,,,,,SC,,,,,,
dataflow,IMF.STA:FSIC(13.0.1),R,CHL,S12CFSI,ROA_CFSI_PT,M,2023-M02,1.355439401085299,0,,,,,,,,,,SC,,,,,,
dataflow,IMF.STA:FSIC(13.0.1),R,CHL,S12CFSI,ROA_CFSI_PT,M,2023-M03,1.346886520445467,0,,,,,,,,,,SC,,,,,,
dataflow,IMF.STA:FSIC(13.0.1),R,CHL,S12CFSI,ROA_CFSI_PT,M,2023-M04,1.453287761110737,0,,,,,,,,,,SC,,,,,,
dataflow,IMF.STA:FSIC(13.0.1),R,CHL,S12CFSI,ROA_CFSI_PT,M,2023-M05,1.496127040765562,0,,,,,,,,,,SC,,,,,,
dataflow,IMF.STA:FSIC(13.0.1),R,CHL,S12CFSI,ROA_CFSI_PT,M,2023-M06,1.526026562345751,0,,,,,,,,,,SC,,,,,,
dataflow,IMF.STA:FSIC(13.0.1),R,CHL,S12CFSI,ROA_CFSI_PT,M,2023-M07,1.550308836660928,0,,,,,,,,,,SC,,,,,,
dataflow,IMF.STA:FSIC(13.0.1),R,CHL,S12CFSI,ROA_CFSI_PT,M,2023-M08,1.532086094963275,0,,,,,,,,,,SC,,,,,,
dataflow,IMF.STA:FSIC(13.0.1),R,CHL,S12CFSI,ROA_CFSI_PT,M,2023-M09,1.530530983608599,0,,,,,,,,,,SC,,,,,,
dataflow,IMF.STA:FSIC(13.0.1),R,CHL,S12CFSI,ROA_CFSI_PT,M,2023-M10,1.532444798262305,0,,,,,,,,,,SC,,,,,,
dataflow,IMF.STA:FSIC(13.0.1),R,CHL,S12CFSI,ROA_CFSI_PT,M,2023-M11,1.517011498565105,0,,,,,,,,,,SC,,,,,,
dataflow,IMF.STA:FSIC(13.0.1),R,CHL,S12CFSI,ROA_CFSI_PT,M,2023-M12,1.507140719430588,0,,,,,,,,,,SC,,,,,,
dataflow,IMF.STA:FSIC(13.0.1),R,CHL,S12CFSI,ROA_CFSI_PT,M,2024-M01,1.656979268135902,0,,,,,,,,,,SC,,,,,,
dataflow,IMF.STA:FSIC(13.0.1),R,CHL,S12CFSI,ROA_CFSI_PT,M,2024-M02,1.676216116193726,0,,,,,,,,,,SC,,,,,,
dataflow,IMF.STA:FSIC(13.0.1),R,CHL,S12CFSI,ROA_CFSI_PT,M,2024-M03,1.649864014565669,0,,,,,,,,,,SC,,,,,,
dataflow,IMF.STA:FSIC(13.0.1),R,CHL,S12CFSI,ROA_CFSI_PT,M,2024-M04,1.673860743664546,0,,,,,,,,,,SC,,,,,,
dataflow,IMF.STA:FSIC(13.0.1),R,CHL,S12CFSI,ROA_CFSI_PT,M,2024-M05,1.672256989255367,0,,,,,,,,,,SC,,,,,,
dataflow,IMF.STA:FSIC(13.0.1),R,CHL,S12CFSI,ROA_CFSI_PT,M,2024-M06,1.671845206399443,0,,,,,,,,,,SC,,,,,,
dataflow,IMF.STA:FSIC(13.0.1),R,CHL,S12CFSI,ROA_CFSI_PT,M,2024-M07,1.654967630393122,0,,,,,,,,,,SC,,,,,,
dataflow,IMF.STA:FSIC(13.0.1),R,CHL,S12CFSI,ROA_CFSI_PT,M,2024-M08,1.661994546169699,0,,,,,,,,,,SC,,,,,,
dataflow,IMF.STA:FSIC(13.0.1),R,CHL,S12CFSI,ROA_CFSI_PT,M,2024-M09,1.669411159338364,0,,,,,,,,,,SC,,,,,,
dataflow,IMF.STA:FSIC(13.0.1),R,CHL,S12CFSI,ROA_CFSI_PT,M,2024-M10,1.671214452696389,0,,,,,,,,,,SC,,,,,,
dataflow,IMF.STA:FSIC(13.0.1),R,CHL,S12CFSI,ROA_CFSI_PT,M,2024-M11,1.682255314962928,0,,,,,,,,,,SC,,,,,,
dataflow,IMF.STA:FSIC(13.0.1),R,CHL,S12CFSI,ROA_CFSI_PT,M,2024-M12,1.686956781502984,0,,,,,,,,,,SC,,,,,,
dataflow,IMF.STA:FSIC(13.0.1),R,CHL,S12CFSI,ROA_CFSI_PT,M,2025-M01,1.281236927475312,0,,,,,,,,,,SC,,,,,,
dataflow,IMF.STA:FSIC(13.0.1),R,CHL,S12CFSI,ROA_CFSI_PT,M,2025-M02,1.502577461191938,0,,,,,,,,,,SC,,,,,,
dataflow,IMF.STA:FSIC(13.0.1),R,CHL,S12CFSI,ROA_CFSI_PT,M,2025-M03,1.735339491719243,0,,,,,,,,,,SC,,,,,,
dataflow,IMF.STA:FSIC(13.0.1),R,CHL,S12CFSI,ROA_CFSI_PT,M,2025-M04,1.750503622911818,0,,,,,,,,,,SC,,,,,,
dataflow,IMF.STA:FSIC(13.0.1),R,CHL,S12CFSI,ROA_CFSI_PT,M,2025-M05,1.778798650534099,0,,,,,,,,,,SC,,,,,,
dataflow,IMF.STA:FSIC(13.0.1),R,CHL,S12CFSI,ROA_CFSI_PT,M,2025-M06,1.773664381591464,0,,,,,,,,,,SC,,,,,,
dataflow,IMF.STA:FSIC(13.0.1),R,CHL,S12CFSI,ROA_CFSI_PT,M,2025-M07,1.749807357673347,0,,,,,,,,,,SC,,,,,,
dataflow,IMF.STA:FSIC(13.0.1),R,CHL,S12CFSI,ROA_CFSI_PT,M,2025-M08,1.76735031084744,0,,,,,,,,,,SC,,,,,,
dataflow,IMF.STA:FSIC(13.0.1),R,CHL,S12CFSI,ROA_CFSI_PT,M,2025-M09,1.759787600300768,0,,,,,,,,,,SC,,,,,,
dataflow,IMF.STA:FSIC(13.0.1),R,CHL,S12CFSI,ROA_CFSI_PT,M,2025-M10,1.73534897802347,0,,,,,,,,,,SC,,,,,,
dataflow,IMF.STA:FSIC(13.0.1),R,CHL,S12CFSI,ROA_CFSI_PT,M,2025-M11,1.678979045371185,0,,,,,,,,,,SC,,,,,,
dataflow,IMF.STA:FSIC(13.0.1),R,CHL,S12CFSI,ROA_CFSI_PT,M,2025-M12,1.662549055850571,0,,,,,,,,,,SC,,,,,,
dataflow,IMF.STA:FSIC(13.0.1),R,CHL,S12CFSI,ROA_CFSI_PT,Q,2001-Q1,2.03311755163272,0,,,,,,,,,,SC,,,,,,
dataflow,IMF.STA:FSIC(13.0.1),R,CHL,S12CFSI,ROA_CFSI_PT,Q,2001-Q2,1.678191964108822,0,,,,,,,,,,SC,,,,,,
dataflow,IMF.STA:FSIC(13.0.1),R,CHL,S12CFSI,ROA_CFSI_PT,Q,2001-Q3,1.60769020018231,0,,,,,,,,,,SC,,,,,,
dataflow,IMF.STA:FSIC(13.0.1),R,CHL,S12CFSI,ROA_CFSI_PT,Q,2001-Q4,1.468206551156055,0,,,,,,,,,,SC,,,,,,
dataflow,IMF.STA:FSIC(13.0.1),R,CHL,S12CFSI,ROA_CFSI_PT,Q,2002-Q1,1.602599788271716,0,,,,,,,,,,SC,,,,,,
dataflow,IMF.STA:FSIC(13.0.1),R,CHL,S12CFSI,ROA_CFSI_PT,Q,2002-Q2,1.531875686856018,0,,,,,,,,,,SC,,,,,,
dataflow,IMF.STA:FSIC(13.0.1),R,CHL,S12CFSI,ROA_CFSI_PT,Q,2002-Q3,1.502925671336926,0,,,,,,,,,,SC,,,,,,
dataflow,IMF.STA:FSIC(13.0.1),R,CHL,S12CFSI,ROA_CFSI_PT,Q,2002-Q4,1.328613339346235,0,,,,,,,,,,SC,,,,,,
dataflow,IMF.STA:FSIC(13.0.1),R,CHL,S12CFSI,ROA_CFSI_PT,Q,2003-Q1,1.657497129778098,0,,,,,,,,,,SC,,,,,,
dataflow,IMF.STA:FSIC(13.0.1),R,CHL,S12CFSI,ROA_CFSI_PT,Q,2003-Q2,1.668007174219975,0,,,,,,,,,,SC,,,,,,
dataflow,IMF.STA:FSIC(13.0.1),R,CHL,S12CFSI,ROA_CFSI_PT,Q,2003-Q3,1.607243899718522,0,,,,,,,,,,SC,,,,,,
dataflow,IMF.STA:FSIC(13.0.1),R,CHL,S12CFSI,ROA_CFSI_PT,Q,2003-Q4,1.58508961488034,0,,,,,,,,,,SC,,,,,,
dataflow,IMF.STA:FSIC(13.0.1),R,CHL,S12CFSI,ROA_CFSI_PT,Q,2004-Q1,1.967473665051408,0,,,,,,,,,,SC,,,,,,
dataflow,IMF.STA:FSIC(13.0.1),R,CHL,S12CFSI,ROA_CFSI_PT,Q,2004-Q2,1.755774187345552,0,,,,,,,,,,SC,,,,,,
dataflow,IMF.STA:FSIC(13.0.1),R,CHL,S12CFSI,ROA_CFSI_PT,Q,2004-Q3,1.690164879953191,0,,,,,,,,,,SC,,,,,,
dataflow,IMF.STA:FSIC(13.0.1),R,CHL,S12CFSI,ROA_CFSI_PT,Q,2004-Q4,1.547423854081112,0,,,,,,,,,,SC,,,,,,
dataflow,IMF.STA:FSIC(13.0.1),R,CHL,S12CFSI,ROA_CFSI_PT,Q,2005-Q1,1.835056119256121,0,,,,,,,,,,SC,,,,,,
dataflow,IMF.STA:FSIC(13.0.1),R,CHL,S12CFSI,ROA_CFSI_PT,Q,2005-Q2,1.782114618615434,0,,,,,,,,,,SC,,,,,,
dataflow,IMF.STA:FSIC(13.0.1),R,CHL,S12CFSI,ROA_CFSI_PT,Q,2005-Q3,1.727476786046592,0,,,,,,,,,,SC,,,,,,
dataflow,IMF.STA:FSIC(13.0.1),R,CHL,S12CFSI,ROA_CFSI_PT,Q,2005-Q4,1.618009701065791,0,,,,,,,,,,SC,,,,,,
dataflow,IMF.STA:FSIC(13.0.1),R,CHL,S12CFSI,ROA_CFSI_PT,Q,2006-Q1,1.839534450124638,0,,,,,,,,,,SC,,,,,,
dataflow,IMF.STA:FSIC(13.0.1),R,CHL,S12CFSI,ROA_CFSI_PT,Q,2006-Q2,1.781004931344542,0,,,,,,,,,,SC,,,,,,
dataflow,IMF.STA:FSIC(13.0.1),R,CHL,S12CFSI,ROA_CFSI_PT,Q,2006-Q3,1.751552686656017,0,,,,,,,,,,SC,,,,,,
dataflow,IMF.STA:FSIC(13.0.1),R,CHL,S12CFSI,ROA_CFSI_PT,Q,2006-Q4,1.626312835215169,0,,,,,,,,,,SC,,,,,,
dataflow,IMF.STA:FSIC(13.0.1),R,CHL,S12CFSI,ROA_CFSI_PT,Q,2007-Q1,1.592065281757246,0,,,,,,,,,,SC,,,,,,
dataflow,IMF.STA:FSIC(13.0.1),R,CHL,S12CFSI,ROA_CFSI_PT,Q,2007-Q2,1.51347340139801,0,,,,,,,,,,SC,,,,,,
dataflow,IMF.STA:FSIC(13.0.1),R,CHL,S12CFSI,ROA_CFSI_PT,Q,2007-Q3,1.5206239777967,0,,,,,,,,,,SC,,,,,,
dataflow,IMF.STA:FSIC(13.0.1),R,CHL,S12CFSI,ROA_CFSI_PT,Q,2007-Q4,1.453674509975633,0,,,,,,,,,,SC,,,,,,
dataflow,IMF.STA:FSIC(13.0.1),R,CHL,S12CFSI,ROA_CFSI_PT,Q,2008-Q1,1.50222303300036,0,,,,,,,,,,SC,,,,,,
dataflow,IMF.STA:FSIC(13.0.1),R,CHL,S12CFSI,ROA_CFSI_PT,Q,2008-Q2,1.41106328449779,0,,,,,,,,,,SC,,,,,,
dataflow,IMF.STA:FSIC(13.0.1),R,CHL,S12CFSI,ROA_CFSI_PT,Q,2008-Q3,1.383573413517306,0,,,,,,,,,,SC,,,,,,
dataflow,IMF.STA:FSIC(13.0.1),R,CHL,S12CFSI,ROA_CFSI_PT,Q,2008-Q4,1.289833373264131,0,,,,,,,,,,SC,,,,,,
dataflow,IMF.STA:FSIC(13.0.1),R,CHL,S12CFSI,ROA_CFSI_PT,Q,2009-Q1,1.229461703115458,0,,,,,,,,,,SC,,,,,,
dataflow,IMF.STA:FSIC(13.0.1),R,CHL,S12CFSI,ROA_CFSI_PT,Q,2009-Q2,1.307460925760536,0,,,,,,,,,,SC,,,,,,
dataflow,IMF.STA:FSIC(13.0.1),R,CHL,S12CFSI,ROA_CFSI_PT,Q,2009-Q3,1.412854176325342,0,,,,,,,,,,SC,,,,,,
dataflow,IMF.STA:FSIC(13.0.1),R,CHL,S12CFSI,ROA_CFSI_PT,Q,2009-Q4,1.510789333669219,0,,,,,,,,,,SC,,,,,,
dataflow,IMF.STA:FSIC(13.0.1),R,CHL,S12CFSI,ROA_CFSI_PT,Q,2010-Q1,1.924483752183264,0,,,,,,,,,,SC,,,,,,
dataflow,IMF.STA:FSIC(13.0.1),R,CHL,S12CFSI,ROA_CFSI_PT,Q,2010-Q2,1.966836235858706,0,,,,,,,,,,SC,,,,,,
dataflow,IMF.STA:FSIC(13.0.1),R,CHL,S12CFSI,ROA_CFSI_PT,Q,2010-Q3,1.939629590815112,0,,,,,,,,,,SC,,,,,,
dataflow,IMF.STA:FSIC(13.0.1),R,CHL,S12CFSI,ROA_CFSI_PT,Q,2010-Q4,1.78191893172369,0,,,,,,,,,,SC,,,,,,
dataflow,IMF.STA:FSIC(13.0.1),R,CHL,S12CFSI,ROA_CFSI_PT,Q,2011-Q1,2.045918059599146,0,,,,,,,,,,SC,,,,,,
dataflow,IMF.STA:FSIC(13.0.1),R,CHL,S12CFSI,ROA_CFSI_PT,Q,2011-Q2,2.017918708367556,0,,,,,,,,,,SC,,,,,,
dataflow,IMF.STA:FSIC(13.0.1),R,CHL,S12CFSI,ROA_CFSI_PT,Q,2011-Q3,1.819743050187967,0,,,,,,,,,,SC,,,,,,
dataflow,IMF.STA:FSIC(13.0.1),R,CHL,S12CFSI,ROA_CFSI_PT,Q,2011-Q4,1.711611428261063,0,,,,,,,,,,SC,,,,,,
dataflow,IMF.STA:FSIC(13.0.1),R,CHL,S12CFSI,ROA_CFSI_PT,Q,2012-Q1,1.660906894870468,0,,,,,,,,,,SC,,,,,,
dataflow,IMF.STA:FSIC(13.0.1),R,CHL,S12CFSI,ROA_CFSI_PT,Q,2012-Q2,1.555685608539599,0,,,,,,,,,,SC,,,,,,
dataflow,IMF.STA:FSIC(13.0.1),R,CHL,S12CFSI,ROA_CFSI_PT,Q,2012-Q3,1.374388525589283,0,,,,,,,,,,SC,,,,,,
dataflow,IMF.STA:FSIC(13.0.1),R,CHL,S12CFSI,ROA_CFSI_PT,Q,2012-Q4,1.453051063789708,0,,,,,,,,,,SC,,,,,,
dataflow,IMF.STA:FSIC(13.0.1),R,CHL,S12CFSI,ROA_CFSI_PT,Q,2013-Q1,1.361311624815075,0,,,,,,,,,,SC,,,,,,
dataflow,IMF.STA:FSIC(13.0.1),R,CHL,S12CFSI,ROA_CFSI_PT,Q,2013-Q2,1.437536140504503,0,,,,,,,,,,SC,,,,,,
dataflow,IMF.STA:FSIC(13.0.1),R,CHL,S12CFSI,ROA_CFSI_PT,Q,2013-Q3,1.474445935987994,0,,,,,,,,,,SC,,,,,,
dataflow,IMF.STA:FSIC(13.0.1),R,CHL,S12CFSI,ROA_CFSI_PT,Q,2013-Q4,1.594919061944125,0,,,,,,,,,,SC,,,,,,
dataflow,IMF.STA:FSIC(13.0.1),R,CHL,S12CFSI,ROA_CFSI_PT,Q,2014-Q1,1.868439856854579,0,,,,,,,,,,SC,,,,,,
dataflow,IMF.STA:FSIC(13.0.1),R,CHL,S12CFSI,ROA_CFSI_PT,Q,2014-Q2,1.866452427720196,0,,,,,,,,,,SC,,,,,,
dataflow,IMF.STA:FSIC(13.0.1),R,CHL,S12CFSI,ROA_CFSI_PT,Q,2014-Q3,1.745843499459759,0,,,,,,,,,,SC,,,,,,
dataflow,IMF.STA:FSIC(13.0.1),R,CHL,S12CFSI,ROA_CFSI_PT,Q,2014-Q4,1.62607845324361,0,,,,,,,,,,SC,,,,,,
dataflow,IMF.STA:FSIC(13.0.1),R,CHL,S12CFSI,ROA_CFSI_PT,Q,2015-Q1,1.460555855992904,0,,,,,,,,,,SC,,,,,,
dataflow,IMF.STA:FSIC(13.0.1),R,CHL,S12CFSI,ROA_CFSI_PT,Q,2015-Q2,1.617836871919303,0,,,,,,,,,,SC,,,,,,
dataflow,IMF.STA:FSIC(13.0.1),R,CHL,S12CFSI,ROA_CFSI_PT,Q,2015-Q3,1.568409545438822,0,,,,,,,,,,SC,,,,,,
dataflow,IMF.STA:FSIC(13.0.1),R,CHL,S12CFSI,ROA_CFSI_PT,Q,2015-Q4,1.464982356007337,0,,,,,,,,,,SC,,,,,,
dataflow,IMF.STA:FSIC(13.0.1),R,CHL,S12CFSI,ROA_CFSI_PT,Q,2016-Q1,1.12263020417267,0,,,,,,,,,,SC,,,,,,
dataflow,IMF.STA:FSIC(13.0.1),R,CHL,S12CFSI,ROA_CFSI_PT,Q,2016-Q2,1.272930774295032,0,,,,,,,,,,SC,,,,,,
dataflow,IMF.STA:FSIC(13.0.1),R,CHL,S12CFSI,ROA_CFSI_PT,Q,2016-Q3,1.267220845502096,0,,,,,,,,,,SC,,,,,,
dataflow,IMF.STA:FSIC(13.0.1),R,CHL,S12CFSI,ROA_CFSI_PT,Q,2016-Q4,1.185777356915115,0,,,,,,,,,,SC,,,,,,
dataflow,IMF.STA:FSIC(13.0.1),R,CHL,S12CFSI,ROA_CFSI_PT,Q,2017-Q1,1.521266718373605,0,,,,,,,,,,SC,,,,,,
dataflow,IMF.STA:FSIC(13.0.1),R,CHL,S12CFSI,ROA_CFSI_PT,Q,2017-Q2,1.490282159796944,0,,,,,,,,,,SC,,,,,,
dataflow,IMF.STA:FSIC(13.0.1),R,CHL,S12CFSI,ROA_CFSI_PT,Q,2017-Q3,1.397724670050499,0,,,,,,,,,,SC,,,,,,
dataflow,IMF.STA:FSIC(13.0.1),R,CHL,S12CFSI,ROA_CFSI_PT,Q,2017-Q4,1.331790361488145,0,,,,,,,,,,SC,,,,,,
dataflow,IMF.STA:FSIC(13.0.1),R,CHL,S12CFSI,ROA_CFSI_PT,Q,2018-Q1,1.478076011665282,0,,,,,,,,,,SC,,,,,,
dataflow,IMF.STA:FSIC(13.0.1),R,CHL,S12CFSI,ROA_CFSI_PT,Q,2018-Q2,1.523221338498599,0,,,,,,,,,,SC,,,,,,
dataflow,IMF.STA:FSIC(13.0.1),R,CHL,S12CFSI,ROA_CFSI_PT,Q,2018-Q3,1.406036273259475,0,,,,,,,,,,SC,,,,,,
dataflow,IMF.STA:FSIC(13.0.1),R,CHL,S12CFSI,ROA_CFSI_PT,Q,2018-Q4,1.382723046080956,0,,,,,,,,,,SC,,,,,,
dataflow,IMF.STA:FSIC(13.0.1),R,CHL,S12CFSI,ROA_CFSI_PT,Q,2019-Q1,1.370194724234858,0,,,,,,,,,,SC,,,,,,
dataflow,IMF.STA:FSIC(13.0.1),R,CHL,S12CFSI,ROA_CFSI_PT,Q,2019-Q2,1.564107296949073,0,,,,,,,,,,SC,,,,,,
dataflow,IMF.STA:FSIC(13.0.1),R,CHL,S12CFSI,ROA_CFSI_PT,Q,2019-Q3,1.497600061765071,0,,,,,,,,,,SC,,,,,,
dataflow,IMF.STA:FSIC(13.0.1),R,CHL,S12CFSI,ROA_CFSI_PT,Q,2019-Q4,1.33700944650077,0,,,,,,,,,,SC,,,,,,
dataflow,IMF.STA:FSIC(13.0.1),R,CHL,S12CFSI,ROA_CFSI_PT,Q,2020-Q1,1.231482379703594,0,,,,,,,,,,SC,,,,,,
dataflow,IMF.STA:FSIC(13.0.1),R,CHL,S12CFSI,ROA_CFSI_PT,Q,2020-Q2,0.4318220520103952,0,,,,,,,,,,SC,,,,,,
dataflow,IMF.STA:FSIC(13.0.1),R,CHL,S12CFSI,ROA_CFSI_PT,Q,2020-Q3,0.5520778873567068,0,,,,,,,,,,SC,,,,,,
dataflow,IMF.STA:FSIC(13.0.1),R,CHL,S12CFSI,ROA_CFSI_PT,Q,2020-Q4,0.5312326013402123,0,,,,,,,,,,SC,,,,,,
dataflow,IMF.STA:FSIC(13.0.1),R,CHL,S12CFSI,ROA_CFSI_PT,Q,2021-Q1,1.463015846928705,0,,,,,,,,,,SC,,,,,,
dataflow,IMF.STA:FSIC(13.0.1),R,CHL,S12CFSI,ROA_CFSI_PT,Q,2021-Q2,1.468025747057584,0,,,,,,,,,,SC,,,,,,
dataflow,IMF.STA:FSIC(13.0.1),R,CHL,S12CFSI,ROA_CFSI_PT,Q,2021-Q3,1.489768857635694,0,,,,,,,,,,SC,,,,,,
dataflow,IMF.STA:FSIC(13.0.1),R,CHL,S12CFSI,ROA_CFSI_PT,Q,2021-Q4,1.504113292967687,0,,,,,,,,,,SC,,,,,,
dataflow,IMF.STA:FSIC(13.0.1),R,CHL,S12CFSI,ROA_CFSI_PT,Q,2022-Q1,1.823448973516294,0,,,,,,,,,,SC,,,,,,
dataflow,IMF.STA:FSIC(13.0.1),R,CHL,S12CFSI,ROA_CFSI_PT,Q,2022-Q2,2.072357208877848,0,,,,,,,,,,SC,,,,,,
dataflow,IMF.STA:FSIC(13.0.1),R,CHL,S12CFSI,ROA_CFSI_PT,Q,2022-Q3,1.882844183152222,0,,,,,,,,,,SC,,,,,,
dataflow,IMF.STA:FSIC(13.0.1),R,CHL,S12CFSI,ROA_CFSI_PT,Q,2022-Q4,1.690991500897011,0,,,,,,,,,,SC,,,,,,
dataflow,IMF.STA:FSIC(13.0.1),R,CHL,S12CFSI,ROA_CFSI_PT,Q,2023-Q1,1.346886520445467,0,,,,,,,,,,SC,,,,,,
dataflow,IMF.STA:FSIC(13.0.1),R,CHL,S12CFSI,ROA_CFSI_PT,Q,2023-Q2,1.526026562345751,0,,,,,,,,,,SC,,,,,,
dataflow,IMF.STA:FSIC(13.0.1),R,CHL,S12CFSI,ROA_CFSI_PT,Q,2023-Q3,1.530530983608599,0,,,,,,,,,,SC,,,,,,
dataflow,IMF.STA:FSIC(13.0.1),R,CHL,S12CFSI,ROA_CFSI_PT,Q,2023-Q4,1.507140719430588,0,,,,,,,,,,SC,,,,,,
dataflow,IMF.STA:FSIC(13.0.1),R,CHL,S12CFSI,ROA_CFSI_PT,Q,2024-Q1,1.649864014565669,0,,,,,,,,,,SC,,,,,,
dataflow,IMF.STA:FSIC(13.0.1),R,CHL,S12CFSI,ROA_CFSI_PT,Q,2024-Q2,1.671845206399443,0,,,,,,,,,,SC,,,,,,
dataflow,IMF.STA:FSIC(13.0.1),R,CHL,S12CFSI,ROA_CFSI_PT,Q,2024-Q3,1.669411159338364,0,,,,,,,,,,SC,,,,,,
dataflow,IMF.STA:FSIC(13.0.1),R,CHL,S12CFSI,ROA_CFSI_PT,Q,2024-Q4,1.686956781502984,0,,,,,,,,,,SC,,,,,,
dataflow,IMF.STA:FSIC(13.0.1),R,CHL,S12CFSI,ROA_CFSI_PT,Q,2025-Q1,1.735339491719243,0,,,,,,,,,,SC,,,,,,
dataflow,IMF.STA:FSIC(13.0.1),R,CHL,S12CFSI,ROA_CFSI_PT,Q,2025-Q2,1.773664381591464,0,,,,,,,,,,SC,,,,,,
dataflow,IMF.STA:FSIC(13.0.1),R,CHL,S12CFSI,ROA_CFSI_PT,Q,2025-Q3,1.759787600300768,0,,,,,,,,,,SC,,,,,,
dataflow,IMF.STA:FSIC(13.0.1),R,CHL,S12CFSI,ROA_CFSI_PT,Q,2025-Q4,1.662549055850571,0,,,,,,,,,,SC,,,,,,
dataflow,IMF.STA:FSIC(13.0.1),R,COL,S12CFSI,AQ12_CFSI_PT,A,2005,2.748433830394051,0,,,,,,,,,,SC,,,,,,
dataflow,IMF.STA:FSIC(13.0.1),R,COL,S12CFSI,AQ12_CFSI_PT,A,2006,2.659818483391051,0,,,,,,,,,,SC,,,,,,
dataflow,IMF.STA:FSIC(13.0.1),R,COL,S12CFSI,AQ12_CFSI_PT,A,2007,3.229293275043447,0,,,,,,,,,,SC,,,,,,
dataflow,IMF.STA:FSIC(13.0.1),R,COL,S12CFSI,AQ12_CFSI_PT,A,2008,3.932178286004179,0,,,,,,,,,,SC,,,,,,
dataflow,IMF.STA:FSIC(13.0.1),R,COL,S12CFSI,AQ12_CFSI_PT,A,2009,4.012838350552241,0,,,,,,,,,,SC,,,,,,
dataflow,IMF.STA:FSIC(13.0.1),R,COL,S12CFSI,AQ12_CFSI_PT,A,2010,2.863376563549991,0,,,,,,,,,,SC,,,,,,
dataflow,IMF.STA:FSIC(13.0.1),R,COL,S12CFSI,AQ12_CFSI_PT,A,2011,2.495543848481473,0,,,,,,,,,,SC,,,,,,
dataflow,IMF.STA:FSIC(13.0.1),R,COL,S12CFSI,AQ12_CFSI_PT,A,2012,2.758458591123002,0,,,,,,,,,,SC,,,,,,
dataflow,IMF.STA:FSIC(13.0.1),R,COL,S12CFSI,AQ12_CFSI_PT,A,2013,2.775353629282804,0,,,,,,,,,,SC,,,,,,
dataflow,IMF.STA:FSIC(13.0.1),R,COL,S12CFSI,AQ12_CFSI_PT,A,2014,2.915260841219363,0,,,,,,,,,,SC,,,,,,
dataflow,IMF.STA:FSIC(13.0.1),R,COL,S12CFSI,AQ12_CFSI_PT,A,2015,2.847672788133903,0,,,,,,,,,,SC,,,,,,
dataflow,IMF.STA:FSIC(13.0.1),R,COL,S12CFSI,AQ12_CFSI_PT,A,2016,3.124536536084012,0,,,,,,,,,,SC,,,,,,
dataflow,IMF.STA:FSIC(13.0.1),R,COL,S12CFSI,AQ12_CFSI_PT,A,2017,4.179781454733765,0,,,,,,,,,,SC,,,,,,
dataflow,IMF.STA:FSIC(13.0.1),R,COL,S12CFSI,AQ12_CFSI_PT,A,2018,3.427636990820246,0,,,,,,,,,,SC,,,,,,
dataflow,IMF.STA:FSIC(13.0.1),R,COL,S12CFSI,AQ12_CFSI_PT,A,2019,3.149631302041101,0,,,,,,,,,,SC,,,,,,
dataflow,IMF.STA:FSIC(13.0.1),R,COL,S12CFSI,AQ12_CFSI_PT,A,2020,3.674748939177927,0,,,,,,,,,,SC,,,,,,
dataflow,IMF.STA:FSIC(13.0.1),R,COL,S12CFSI,AQ12_CFSI_PT,A,2021,3.034032178721128,0,,,,,,,,,,SC,,,,,,
dataflow,IMF.STA:FSIC(13.0.1),R,COL,S12CFSI,AQ12_CFSI_PT,A,2022,2.467972854840928,0,,,,,,,,,,SC,,,,,,
dataflow,IMF.STA:FSIC(13.0.1),R,COL,S12CFSI,AQ12_CFSI_PT,A,2023,3.472213781998678,0,,,,,,,,,,SC,,,,,,
dataflow,IMF.STA:FSIC(13.0.1),R,COL,S12CFSI,AQ12_CFSI_PT,A,2024,3.545643589598509,0,,,,,,,,,,SC,,,,,,
dataflow,IMF.STA:FSIC(13.0.1),R,COL,S12CFSI,AQ12_CFSI_PT,A,2025,2.964673835097582,0,,,,,,,,,,SC,,,,,,
dataflow,IMF.STA:FSIC(13.0.1),R,COL,S12CFSI,AQ12_CFSI_PT,M,2005-M01,4.140408432224292,0,,,,,,,,,,SC,,,,,,
dataflow,IMF.STA:FSIC(13.0.1),R,COL,S12CFSI,AQ12_CFSI_PT,M,2005-M02,4.093814941248116,0,,,,,,,,,,SC,,,,,,
dataflow,IMF.STA:FSIC(13.0.1),R,COL,S12CFSI,AQ12_CFSI_PT,M,2005-M03,3.993529088677608,0,,,,,,,,,,SC,,,,,,
dataflow,IMF.STA:FSIC(13.0.1),R,COL,S12CFSI,AQ12_CFSI_PT,M,2005-M04,3.95140896777851,0,,,,,,,,,,SC,,,,,,
dataflow,IMF.STA:FSIC(13.0.1),R,COL,S12CFSI,AQ12_CFSI_PT,M,2005-M05,3.997239431139699,0,,,,,,,,,,SC,,,,,,
dataflow,IMF.STA:FSIC(13.0.1),R,COL,S12CFSI,AQ12_CFSI_PT,M,2005-M06,3.716912117428374,0,,,,,,,,,,SC,,,,,,
dataflow,IMF.STA:FSIC(13.0.1),R,COL,S12CFSI,AQ12_CFSI_PT,M,2005-M07,3.852829694309846,0,,,,,,,,,,SC,,,,,,
dataflow,IMF.STA:FSIC(13.0.1),R,COL,S12CFSI,AQ12_CFSI_PT,M,2005-M08,3.824248868590788,0,,,,,,,,,,SC,,,,,,
dataflow,IMF.STA:FSIC(13.0.1),R,COL,S12CFSI,AQ12_CFSI_PT,M,2005-M09,3.730315118397459,0,,,,,,,,,,SC,,,,,,
dataflow,IMF.STA:FSIC(13.0.1),R,COL,S12CFSI,AQ12_CFSI_PT,M,2005-M10,3.448253398360073,0,,,,,,,,,,SC,,,,,,
dataflow,IMF.STA:FSIC(13.0.1),R,COL,S12CFSI,AQ12_CFSI_PT,M,2005-M11,3.156678424851582,0,,,,,,,,,,SC,,,,,,
dataflow,IMF.STA:FSIC(13.0.1),R,COL,S12CFSI,AQ12_CFSI_PT,M,2005-M12,2.748433830394051,0,,,,,,,,,,SC,,,,,,
dataflow,IMF.STA:FSIC(13.0.1),R,COL,S12CFSI,AQ12_CFSI_PT,M,2006-M01,2.979050053784166,0,,,,,,,,,,SC,,,,,,
dataflow,IMF.STA:FSIC(13.0.1),R,COL,S12CFSI,AQ12_CFSI_PT,M,2006-M02,2.94685048755046,0,,,,,,,,,,SC,,,,,,
dataflow,IMF.STA:FSIC(13.0.1),R,COL,S12CFSI,AQ12_CFSI_PT,M,2006-M03,2.989473226030132,0,,,,,,,,,,SC,,,,,,
dataflow,IMF.STA:FSIC(13.0.1),R,COL,S12CFSI,AQ12_CFSI_PT,M,2006-M04,3.084680949280417,0,,,,,,,,,,SC,,,,,,
dataflow,IMF.STA:FSIC(13.0.1),R,COL,S12CFSI,AQ12_CFSI_PT,M,2006-M05,3.018055388902156,0,,,,,,,,,,SC,,,,,,
dataflow,IMF.STA:FSIC(13.0.1),R,COL,S12CFSI,AQ12_CFSI_PT,M,2006-M06,2.837150274240384,0,,,,,,,,,,SC,,,,,,
dataflow,IMF.STA:FSIC(13.0.1),R,COL,S12CFSI,AQ12_CFSI_PT,M,2006-M07,2.956872681010195,0,,,,,,,,,,SC,,,,,,
dataflow,IMF.STA:FSIC(13.0.1),R,COL,S12CFSI,AQ12_CFSI_PT,M,2006-M08,2.745918551804479,0,,,,,,,,,,SC,,,,,,
dataflow,IMF.STA:FSIC(13.0.1),R,COL,S12CFSI,AQ12_CFSI_PT,M,2006-M09,2.788137837693645,0,,,,,,,,,,SC,,,,,,
dataflow,IMF.STA:FSIC(13.0.1),R,COL,S12CFSI,AQ12_CFSI_PT,M,2006-M10,2.820430855272431,0,,,,,,,,,,SC,,,,,,
dataflow,IMF.STA:FSIC(13.0.1),R,COL,S12CFSI,AQ12_CFSI_PT,M,2006-M11,2.779955428454428,0,,,,,,,,,,SC,,,,,,
dataflow,IMF.STA:FSIC(13.0.1),R,COL,S12CFSI,AQ12_CFSI_PT,M,2006-M12,2.659818483391051,0,,,,,,,,,,SC,,,,,,
dataflow,IMF.STA:FSIC(13.0.1),R,COL,S12CFSI,AQ12_CFSI_PT,M,2007-M01,2.821827876754948,0,,,,,,,,,,SC,,,,,,
dataflow,IMF.STA:FSIC(13.0.1),R,COL,S12CFSI,AQ12_CFSI_PT,M,2007-M02,2.827668963241415,0,,,,,,,,,,SC,,,,,,
dataflow,IMF.STA:FSIC(13.0.1),R,COL,S12CFSI,AQ12_CFSI_PT,M,2007-M03,2.811926485812516,0,,,,,,,,,,SC,,,,,,
dataflow,IMF.STA:FSIC(13.0.1),R,COL,S12CFSI,AQ12_CFSI_PT,M,2007-M04,2.968029508758612,0,,,,,,,,,,SC,,,,,,
dataflow,IMF.STA:FSIC(13.0.1),R,COL,S12CFSI,AQ12_CFSI_PT,M,2007-M05,2.890081691616144,0,,,,,,,,,,SC,,,,,,
dataflow,IMF.STA:FSIC(13.0.1),R,COL,S12CFSI,AQ12_CFSI_PT,M,2007-M06,2.988372353576564,0,,,,,,,,,,SC,,,,,,
dataflow,IMF.STA:FSIC(13.0.1),R,COL,S12CFSI,AQ12_CFSI_PT,M,2007-M07,3.110252606134128,0,,,,,,,,,,SC,,,,,,
dataflow,IMF.STA:FSIC(13.0.1),R,COL,S12CFSI,AQ12_CFSI_PT,M,2007-M08,3.074027306616567,0,,,,,,,,,,SC,,,,,,
dataflow,IMF.STA:FSIC(13.0.1),R,COL,S12CFSI,AQ12_CFSI_PT,M,2007-M09,3.137861002428427,0,,,,,,,,,,SC,,,,,,
dataflow,IMF.STA:FSIC(13.0.1),R,COL,S12CFSI,AQ12_CFSI_PT,M,2007-M10,3.23836840388277,0,,,,,,,,,,SC,,,,,,
dataflow,IMF.STA:FSIC(13.0.1),R,COL,S12CFSI,AQ12_CFSI_PT,M,2007-M11,3.371828916638723,0,,,,,,,,,,SC,,,,,,
dataflow,IMF.STA:FSIC(13.0.1),R,COL,S12CFSI,AQ12_CFSI_PT,M,2007-M12,3.229293275043447,0,,,,,,,,,,SC,,,,,,
dataflow,IMF.STA:FSIC(13.0.1),R,COL,S12CFSI,AQ12_CFSI_PT,M,2008-M01,3.485732232769592,0,,,,,,,,,,SC,,,,,,
dataflow,IMF.STA:FSIC(13.0.1),R,COL,S12CFSI,AQ12_CFSI_PT,M,2008-M02,3.550802728113597,0,,,,,,,,,,SC,,,,,,
dataflow,IMF.STA:FSIC(13.0.1),R,COL,S12CFSI,AQ12_CFSI_PT,M,2008-M03,3.798942169288916,0,,,,,,,,,,SC,,,,,,
dataflow,IMF.STA:FSIC(13.0.1),R,COL,S12CFSI,AQ12_CFSI_PT,M,2008-M04,3.773998174146188,0,,,,,,,,,,SC,,,,,,
dataflow,IMF.STA:FSIC(13.0.1),R,COL,S12CFSI,AQ12_CFSI_PT,M,2008-M05,3.948790833894231,0,,,,,,,,,,SC,,,,,,
dataflow,IMF.STA:FSIC(13.0.1),R,COL,S12CFSI,AQ12_CFSI_PT,M,2008-M06,3.797454762949929,0,,,,,,,,,,SC,,,,,,
dataflow,IMF.STA:FSIC(13.0.1),R,COL,S12CFSI,AQ12_CFSI_PT,M,2008-M07,3.826439688157862,0,,,,,,,,,,SC,,,,,,
dataflow,IMF.STA:FSIC(13.0.1),R,COL,S12CFSI,AQ12_CFSI_PT,M,2008-M08,4.040076220552453,0,,,,,,,,,,SC,,,,,,
dataflow,IMF.STA:FSIC(13.0.1),R,COL,S12CFSI,AQ12_CFSI_PT,M,2008-M09,3.986007668901742,0,,,,,,,,,,SC,,,,,,
dataflow,IMF.STA:FSIC(13.0.1),R,COL,S12CFSI,AQ12_CFSI_PT,M,2008-M10,3.965757020390345,0,,,,,,,,,,SC,,,,,,
dataflow,IMF.STA:FSIC(13.0.1),R,COL,S12CFSI,AQ12_CFSI_PT,M,2008-M11,4.210011703289026,0,,,,,,,,,,SC,,,,,,
dataflow,IMF.STA:FSIC(13.0.1),R,COL,S12CFSI,AQ12_CFSI_PT,M,2008-M12,3.932178286004179,0,,,,,,,,,,SC,,,,,,
dataflow,IMF.STA:FSIC(13.0.1),R,COL,S12CFSI,AQ12_CFSI_PT,M,2009-M01,4.256959034316854,0,,,,,,,,,,SC,,,,,,
dataflow,IMF.STA:FSIC(13.0.1),R,COL,S12CFSI,AQ12_CFSI_PT,M,2009-M02,4.355839908986754,0,,,,,,,,,,SC,,,,,,
dataflow,IMF.STA:FSIC(13.0.1),R,COL,S12CFSI,AQ12_CFSI_PT,M,2009-M03,4.394368080055291,0,,,,,,,,,,SC,,,,,,
dataflow,IMF.STA:FSIC(13.0.1),R,COL,S12CFSI,AQ12_CFSI_PT,M,2009-M04,4.538842593434258,0,,,,,,,,,,SC,,,,,,
dataflow,IMF.STA:FSIC(13.0.1),R,COL,S12CFSI,AQ12_CFSI_PT,M,2009-M05,4.558614217778819,0,,,,,,,,,,SC,,,,,,
dataflow,IMF.STA:FSIC(13.0.1),R,COL,S12CFSI,AQ12_CFSI_PT,M,2009-M06,4.462189827638032,0,,,,,,,,,,SC,,,,,,
dataflow,IMF.STA:FSIC(13.0.1),R,COL,S12CFSI,AQ12_CFSI_PT,M,2009-M07,4.374200069386479,0,,,,,,,,,,SC,,,,,,
dataflow,IMF.STA:FSIC(13.0.1),R,COL,S12CFSI,AQ12_CFSI_PT,M,2009-M08,4.560012729358363,0,,,,,,,,,,SC,,,,,,
dataflow,IMF.STA:FSIC(13.0.1),R,COL,S12CFSI,AQ12_CFSI_PT,M,2009-M09,4.374818154907989,0,,,,,,,,,,SC,,,,,,
dataflow,IMF.STA:FSIC(13.0.1),R,COL,S12CFSI,AQ12_CFSI_PT,M,2009-M10,4.409649707465458,0,,,,,,,,,,SC,,,,,,
dataflow,IMF.STA:FSIC(13.0.1),R,COL,S12CFSI,AQ12_CFSI_PT,M,2009-M11,4.488275551305844,0,,,,,,,,,,SC,,,,,,
dataflow,IMF.STA:FSIC(13.0.1),R,COL,S12CFSI,AQ12_CFSI_PT,M,2009-M12,4.012838350552241,0,,,,,,,,,,SC,,,,,,
dataflow,IMF.STA:FSIC(13.0.1),R,COL,S12CFSI,AQ12_CFSI_PT,M,2010-M01,4.243045928999393,0,,,,,,,,,,SC,,,,,,
dataflow,IMF.STA:FSIC(13.0.1),R,COL,S12CFSI,AQ12_CFSI_PT,M,2010-M02,4.304999173046975,0,,,,,,,,,,SC,,,,,,
dataflow,IMF.STA:FSIC(13.0.1),R,COL,S12CFSI,AQ12_CFSI_PT,M,2010-M03,4.264087215255659,0,,,,,,,,,,SC,,,,,,
dataflow,IMF.STA:FSIC(13.0.1),R,COL,S12CFSI,AQ12_CFSI_PT,M,2010-M04,4.280445884701596,0,,,,,,,,,,SC,,,,,,
dataflow,IMF.STA:FSIC(13.0.1),R,COL,S12CFSI,AQ12_CFSI_PT,M,2010-M05,4.106279164498082,0,,,,,,,,,,SC,,,,,,
dataflow,IMF.STA:FSIC(13.0.1),R,COL,S12CFSI,AQ12_CFSI_PT,M,2010-M06,3.833374922957402,0,,,,,,,,,,SC,,,,,,
dataflow,IMF.STA:FSIC(13.0.1),R,COL,S12CFSI,AQ12_CFSI_PT,M,2010-M07,3.866259017617081,0,,,,,,,,,,SC,,,,,,
dataflow,IMF.STA:FSIC(13.0.1),R,COL,S12CFSI,AQ12_CFSI_PT,M,2010-M08,3.713227909469462,0,,,,,,,,,,SC,,,,,,
dataflow,IMF.STA:FSIC(13.0.1),R,COL,S12CFSI,AQ12_CFSI_PT,M,2010-M09,3.410609743474008,0,,,,,,,,,,SC,,,,,,
dataflow,IMF.STA:FSIC(13.0.1),R,COL,S12CFSI,AQ12_CFSI_PT,M,2010-M10,3.397329936189319,0,,,,,,,,,,SC,,,,,,
dataflow,IMF.STA:FSIC(13.0.1),R,COL,S12CFSI,AQ12_CFSI_PT,M,2010-M11,3.235972483613873,0,,,,,,,,,,SC,,,,,,
dataflow,IMF.STA:FSIC(13.0.1),R,COL,S12CFSI,AQ12_CFSI_PT,M,2010-M12,2.863376563549991,0,,,,,,,,,,SC,,,,,,
dataflow,IMF.STA:FSIC(13.0.1),R,COL,S12CFSI,AQ12_CFSI_PT,M,2011-M01,3.056257911183412,0,,,,,,,,,,SC,,,,,,
dataflow,IMF.STA:FSIC(13.0.1),R,COL,S12CFSI,AQ12_CFSI_PT,M,2011-M02,3.069619045546365,0,,,,,,,,,,SC,,,,,,
dataflow,IMF.STA:FSIC(13.0.1),R,COL,S12CFSI,AQ12_CFSI_PT,M,2011-M03,3.009047970640849,0,,,,,,,,,,SC,,,,,,
dataflow,IMF.STA:FSIC(13.0.1),R,COL,S12CFSI,AQ12_CFSI_PT,M,2011-M04,3.02495519866639,0,,,,,,,,,,SC,,,,,,
dataflow,IMF.STA:FSIC(13.0.1),R,COL,S12CFSI,AQ12_CFSI_PT,M,2011-M05,2.853168036758682,0,,,,,,,,,,SC,,,,,,
dataflow,IMF.STA:FSIC(13.0.1),R,COL,S12CFSI,AQ12_CFSI_PT,M,2011-M06,2.817111558227866,0,,,,,,,,,,SC,,,,,,
dataflow,IMF.STA:FSIC(13.0.1),R,COL,S12CFSI,AQ12_CFSI_PT,M,2011-M07,2.912836166703183,0,,,,,,,,,,SC,,,,,,
dataflow,IMF.STA:FSIC(13.0.1),R,COL,S12CFSI,AQ12_CFSI_PT,M,2011-M08,2.849839914175301,0,,,,,,,,,,SC,,,,,,
dataflow,IMF.STA:FSIC(13.0.1),R,COL,S12CFSI,AQ12_CFSI_PT,M,2011-M09,2.82233464890347,0,,,,,,,,,,SC,,,,,,
dataflow,IMF.STA:FSIC(13.0.1),R,COL,S12CFSI,AQ12_CFSI_PT,M,2011-M10,2.906920393253771,0,,,,,,,,,,SC,,,,,,
dataflow,IMF.STA:FSIC(13.0.1),R,COL,S12CFSI,AQ12_CFSI_PT,M,2011-M11,2.787360882828133,0,,,,,,,,,,SC,,,,,,
dataflow,IMF.STA:FSIC(13.0.1),R,COL,S12CFSI,AQ12_CFSI_PT,M,2011-M12,2.495543848481473,0,,,,,,,,,,SC,,,,,,
dataflow,IMF.STA:FSIC(13.0.1),R,COL,S12CFSI,AQ12_CFSI_PT,M,2012-M01,2.711854931880146,0,,,,,,,,,,SC,,,,,,
dataflow,IMF.STA:FSIC(13.0.1),R,COL,S12CFSI,AQ12_CFSI_PT,M,2012-M02,2.786903307764091,0,,,,,,,,,,SC,,,,,,
dataflow,IMF.STA:FSIC(13.0.1),R,COL,S12CFSI,AQ12_CFSI_PT,M,2012-M03,2.77953247951512,0,,,,,,,,,,SC,,,,,,
dataflow,IMF.STA:FSIC(13.0.1),R,COL,S12CFSI,AQ12_CFSI_PT,M,2012-M04,2.936640206633878,0,,,,,,,,,,SC,,,,,,
dataflow,IMF.STA:FSIC(13.0.1),R,COL,S12CFSI,AQ12_CFSI_PT,M,2012-M05,2.896778782545614,0,,,,,,,,,,SC,,,,,,
dataflow,IMF.STA:FSIC(13.0.1),R,COL,S12CFSI,AQ12_CFSI_PT,M,2012-M06,2.854492125350738,0,,,,,,,,,,SC,,,,,,
dataflow,IMF.STA:FSIC(13.0.1),R,COL,S12CFSI,AQ12_CFSI_PT,M,2012-M07,2.950378775695407,0,,,,,,,,,,SC,,,,,,
dataflow,IMF.STA:FSIC(13.0.1),R,COL,S12CFSI,AQ12_CFSI_PT,M,2012-M08,2.900340467256371,0,,,,,,,,,,SC,,,,,,
dataflow,IMF.STA:FSIC(13.0.1),R,COL,S12CFSI,AQ12_CFSI_PT,M,2012-M09,2.900254744253706,0,,,,,,,,,,SC,,,,,,
dataflow,IMF.STA:FSIC(13.0.1),R,COL,S12CFSI,AQ12_CFSI_PT,M,2012-M10,2.888727556070122,0,,,,,,,,,,SC,,,,,,
dataflow,IMF.STA:FSIC(13.0.1),R,COL,S12CFSI,AQ12_CFSI_PT,M,2012-M11,2.945056034195821,0,,,,,,,,,,SC,,,,,,
dataflow,IMF.STA:FSIC(13.0.1),R,COL,S12CFSI,AQ12_CFSI_PT,M,2012-M12,2.758458591123002,0,,,,,,,,,,SC,,,,,,
dataflow,IMF.STA:FSIC(13.0.1),R,COL,S12CFSI,AQ12_CFSI_PT,M,2013-M01,2.931097130802182,0,,,,,,,,,,SC,,,,,,
dataflow,IMF.STA:FSIC(13.0.1),R,COL,S12CFSI,AQ12_CFSI_PT,M,2013-M02,2.96274765603739,0,,,,,,,,,,SC,,,,,,
dataflow,IMF.STA:FSIC(13.0.1),R,COL,S12CFSI,AQ12_CFSI_PT,M,2013-M03,3.127627487539773,0,,,,,,,,,,SC,,,,,,
dataflow,IMF.STA:FSIC(13.0.1),R,COL,S12CFSI,AQ12_CFSI_PT,M,2013-M04,3.141635295324079,0,,,,,,,,,,SC,,,,,,
dataflow,IMF.STA:FSIC(13.0.1),R,COL,S12CFSI,AQ12_CFSI_PT,M,2013-M05,3.000862910718797,0,,,,,,,,,,SC,,,,,,
dataflow,IMF.STA:FSIC(13.0.1),R,COL,S12CFSI,AQ12_CFSI_PT,M,2013-M06,2.942063465216344,0,,,,,,,,,,SC,,,,,,
dataflow,IMF.STA:FSIC(13.0.1),R,COL,S12CFSI,AQ12_CFSI_PT,M,2013-M07,2.882730867521271,0,,,,,,,,,,SC,,,,,,
dataflow,IMF.STA:FSIC(13.0.1),R,COL,S12CFSI,AQ12_CFSI_PT,M,2013-M08,2.948088112309158,0,,,,,,,,,,SC,,,,,,
dataflow,IMF.STA:FSIC(13.0.1),R,COL,S12CFSI,AQ12_CFSI_PT,M,2013-M09,2.94342635681618,0,,,,,,,,,,SC,,,,,,
dataflow,IMF.STA:FSIC(13.0.1),R,COL,S12CFSI,AQ12_CFSI_PT,M,2013-M10,2.911718623847848,0,,,,,,,,,,SC,,,,,,
dataflow,IMF.STA:FSIC(13.0.1),R,COL,S12CFSI,AQ12_CFSI_PT,M,2013-M11,2.978043160635549,0,,,,,,,,,,SC,,,,,,
dataflow,IMF.STA:FSIC(13.0.1),R,COL,S12CFSI,AQ12_CFSI_PT,M,2013-M12,2.775353629282804,0,,,,,,,,,,SC,,,,,,
dataflow,IMF.STA:FSIC(13.0.1),R,COL,S12CFSI,AQ12_CFSI_PT,M,2014-M01,2.89508399087155,0,,,,,,,,,,SC,,,,,,
dataflow,IMF.STA:FSIC(13.0.1),R,COL,S12CFSI,AQ12_CFSI_PT,M,2014-M02,2.943643568925021,0,,,,,,,,,,SC,,,,,,
dataflow,IMF.STA:FSIC(13.0.1),R,COL,S12CFSI,AQ12_CFSI_PT,M,2014-M03,3.00331921198104,0,,,,,,,,,,SC,,,,,,
dataflow,IMF.STA:FSIC(13.0.1),R,COL,S12CFSI,AQ12_CFSI_PT,M,2014-M04,3.055413270241551,0,,,,,,,,,,SC,,,,,,
dataflow,IMF.STA:FSIC(13.0.1),R,COL,S12CFSI,AQ12_CFSI_PT,M,2014-M05,3.022660417581237,0,,,,,,,,,,SC,,,,,,
dataflow,IMF.STA:FSIC(13.0.1),R,COL,S12CFSI,AQ12_CFSI_PT,M,2014-M06,3.039495642254707,0,,,,,,,,,,SC,,,,,,
dataflow,IMF.STA:FSIC(13.0.1),R,COL,S12CFSI,AQ12_CFSI_PT,M,2014-M07,2.968528699340952,0,,,,,,,,,,SC,,,,,,
dataflow,IMF.STA:FSIC(13.0.1),R,COL,S12CFSI,AQ12_CFSI_PT,M,2014-M08,3.081501441345248,0,,,,,,,,,,SC,,,,,,
dataflow,IMF.STA:FSIC(13.0.1),R,COL,S12CFSI,AQ12_CFSI_PT,M,2014-M09,3.068086183198826,0,,,,,,,,,,SC,,,,,,
dataflow,IMF.STA:FSIC(13.0.1),R,COL,S12CFSI,AQ12_CFSI_PT,M,2014-M10,3.030174115061169,0,,,,,,,,,,SC,,,,,,
dataflow,IMF.STA:FSIC(13.0.1),R,COL,S12CFSI,AQ12_CFSI_PT,M,2014-M11,3.067652473097916,0,,,,,,,,,,SC,,,,,,
dataflow,IMF.STA:FSIC(13.0.1),R,COL,S12CFSI,AQ12_CFSI_PT,M,2014-M12,2.915260841219363,0,,,,,,,,,,SC,,,,,,
dataflow,IMF.STA:FSIC(13.0.1),R,COL,S12CFSI,AQ12_CFSI_PT,M,2015-M01,3.007082776431269,0,,,,,,,,,,SC,,,,,,
dataflow,IMF.STA:FSIC(13.0.1),R,COL,S12CFSI,AQ12_CFSI_PT,M,2015-M02,3.012414596685857,0,,,,,,,,,,SC,,,,,,
dataflow,IMF.STA:FSIC(13.0.1),R,COL,S12CFSI,AQ12_CFSI_PT,M,2015-M03,2.984938713764286,0,,,,,,,,,,SC,,,,,,
dataflow,IMF.STA:FSIC(13.0.1),R,COL,S12CFSI,AQ12_CFSI_PT,M,2015-M04,3.056960055652198,0,,,,,,,,,,SC,,,,,,
dataflow,IMF.STA:FSIC(13.0.1),R,COL,S12CFSI,AQ12_CFSI_PT,M,2015-M05,3.05568276357552,0,,,,,,,,,,SC,,,,,,
dataflow,IMF.STA:FSIC(13.0.1),R,COL,S12CFSI,AQ12_CFSI_PT,M,2015-M06,3.063433272553699,0,,,,,,,,,,SC,,,,,,
dataflow,IMF.STA:FSIC(13.0.1),R,COL,S12CFSI,AQ12_CFSI_PT,M,2015-M07,3.004161572300169,0,,,,,,,,,,SC,,,,,,
dataflow,IMF.STA:FSIC(13.0.1),R,COL,S12CFSI,AQ12_CFSI_PT,M,2015-M08,3.021665565416201,0,,,,,,,,,,SC,,,,,,
dataflow,IMF.STA:FSIC(13.0.1),R,COL,S12CFSI,AQ12_CFSI_PT,M,2015-M09,2.996303984496972,0,,,,,,,,,,SC,,,,,,
dataflow,IMF.STA:FSIC(13.0.1),R,COL,S12CFSI,AQ12_CFSI_PT,M,2015-M10,2.959822900607983,0,,,,,,,,,,SC,,,,,,
dataflow,IMF.STA:FSIC(13.0.1),R,COL,S12CFSI,AQ12_CFSI_PT,M,2015-M11,3.034796518731675,0,,,,,,,,,,SC,,,,,,
dataflow,IMF.STA:FSIC(13.0.1),R,COL,S12CFSI,AQ12_CFSI_PT,M,2015-M12,2.847672788133903,0,,,,,,,,,,SC,,,,,,
dataflow,IMF.STA:FSIC(13.0.1),R,COL,S12CFSI,AQ12_CFSI_PT,M,2016-M01,2.948600568542059,0,,,,,,,,,,SC,,,,,,
dataflow,IMF.STA:FSIC(13.0.1),R,COL,S12CFSI,AQ12_CFSI_PT,M,2016-M02,3.047236167994748,0,,,,,,,,,,SC,,,,,,
dataflow,IMF.STA:FSIC(13.0.1),R,COL,S12CFSI,AQ12_CFSI_PT,M,2016-M03,3.113637268666002,0,,,,,,,,,,SC,,,,,,
dataflow,IMF.STA:FSIC(13.0.1),R,COL,S12CFSI,AQ12_CFSI_PT,M,2016-M04,3.150980249991444,0,,,,,,,,,,SC,,,,,,
dataflow,IMF.STA:FSIC(13.0.1),R,COL,S12CFSI,AQ12_CFSI_PT,M,2016-M05,3.151728926169317,0,,,,,,,,,,SC,,,,,,
dataflow,IMF.STA:FSIC(13.0.1),R,COL,S12CFSI,AQ12_CFSI_PT,M,2016-M06,3.015542501203992,0,,,,,,,,,,SC,,,,,,
dataflow,IMF.STA:FSIC(13.0.1),R,COL,S12CFSI,AQ12_CFSI_PT,M,2016-M07,3.196609400924732,0,,,,,,,,,,SC,,,,,,
dataflow,IMF.STA:FSIC(13.0.1),R,COL,S12CFSI,AQ12_CFSI_PT,M,2016-M08,3.194101652452461,0,,,,,,,,,,SC,,,,,,
dataflow,IMF.STA:FSIC(13.0.1),R,COL,S12CFSI,AQ12_CFSI_PT,M,2016-M09,3.191177999719344,0,,,,,,,,,,SC,,,,,,
dataflow,IMF.STA:FSIC(13.0.1),R,COL,S12CFSI,AQ12_CFSI_PT,M,2016-M10,3.338418913562674,0,,,,,,,,,,SC,,,,,,
dataflow,IMF.STA:FSIC(13.0.1),R,COL,S12CFSI,AQ12_CFSI_PT,M,2016-M11,3.371445198738484,0,,,,,,,,,,SC,,,,,,
dataflow,IMF.STA:FSIC(13.0.1),R,COL,S12CFSI,AQ12_CFSI_PT,M,2016-M12,3.124536536084012,0,,,,,,,,,,SC,,,,,,
dataflow,IMF.STA:FSIC(13.0.1),R,COL,S12CFSI,AQ12_CFSI_PT,M,2017-M01,3.647239078476107,0,,,,,,,,,,SC,,,,,,
dataflow,IMF.STA:FSIC(13.0.1),R,COL,S12CFSI,AQ12_CFSI_PT,M,2017-M02,3.714460840354366,0,,,,,,,,,,SC,,,,,,
dataflow,IMF.STA:FSIC(13.0.1),R,COL,S12CFSI,AQ12_CFSI_PT,M,2017-M03,3.840886061102435,0,,,,,,,,,,SC,,,,,,
dataflow,IMF.STA:FSIC(13.0.1),R,COL,S12CFSI,AQ12_CFSI_PT,M,2017-M04,4.045452899474238,0,,,,,,,,,,SC,,,,,,
dataflow,IMF.STA:FSIC(13.0.1),R,COL,S12CFSI,AQ12_CFSI_PT,M,2017-M05,4.108081836785992,0,,,,,,,,,,SC,,,,,,
dataflow,IMF.STA:FSIC(13.0.1),R,COL,S12CFSI,AQ12_CFSI_PT,M,2017-M06,4.108889775170594,0,,,,,,,,,,SC,,,,,,
dataflow,IMF.STA:FSIC(13.0.1),R,COL,S12CFSI,AQ12_CFSI_PT,M,2017-M07,4.232302639308987,0,,,,,,,,,,SC,,,,,,
dataflow,IMF.STA:FSIC(13.0.1),R,COL,S12CFSI,AQ12_CFSI_PT,M,2017-M08,4.263250584902615,0,,,,,,,,,,SC,,,,,,
dataflow,IMF.STA:FSIC(13.0.1),R,COL,S12CFSI,AQ12_CFSI_PT,M,2017-M09,4.306952733650994,0,,,,,,,,,,SC,,,,,,
dataflow,IMF.STA:FSIC(13.0.1),R,COL,S12CFSI,AQ12_CFSI_PT,M,2017-M10,4.319034925266144,0,,,,,,,,,,SC,,,,,,
dataflow,IMF.STA:FSIC(13.0.1),R,COL,S12CFSI,AQ12_CFSI_PT,M,2017-M11,4.364466507699698,0,,,,,,,,,,SC,,,,,,
dataflow,IMF.STA:FSIC(13.0.1),R,COL,S12CFSI,AQ12_CFSI_PT,M,2017-M12,4.179781454733765,0,,,,,,,,,,SC,,,,,,
dataflow,IMF.STA:FSIC(13.0.1),R,COL,S12CFSI,AQ12_CFSI_PT,M,2018-M01,3.170525804718189,0,,,,,,,,,,SC,,,,,,
dataflow,IMF.STA:FSIC(13.0.1),R,COL,S12CFSI,AQ12_CFSI_PT,M,2018-M02,3.215862617786122,0,,,,,,,,,,SC,,,,,,
dataflow,IMF.STA:FSIC(13.0.1),R,COL,S12CFSI,AQ12_CFSI_PT,M,2018-M03,3.231763581232125,0,,,,,,,,,,SC,,,,,,
dataflow,IMF.STA:FSIC(13.0.1),R,COL,S12CFSI,AQ12_CFSI_PT,M,2018-M04,3.389011427318277,0,,,,,,,,,,SC,,,,,,
dataflow,IMF.STA:FSIC(13.0.1),R,COL,S12CFSI,AQ12_CFSI_PT,M,2018-M05,3.4712955281767,0,,,,,,,,,,SC,,,,,,
dataflow,IMF.STA:FSIC(13.0.1),R,COL,S12CFSI,AQ12_CFSI_PT,M,2018-M06,3.532244779529151,0,,,,,,,,,,SC,,,,,,
dataflow,IMF.STA:FSIC(13.0.1),R,COL,S12CFSI,AQ12_CFSI_PT,M,2018-M07,3.617029657255422,0,,,,,,,,,,SC,,,,,,
dataflow,IMF.STA:FSIC(13.0.1),R,COL,S12CFSI,AQ12_CFSI_PT,M,2018-M08,3.668585841474211,0,,,,,,,,,,SC,,,,,,
dataflow,IMF.STA:FSIC(13.0.1),R,COL,S12CFSI,AQ12_CFSI_PT,M,2018-M09,3.621080260990858,0,,,,,,,,,,SC,,,,,,
dataflow,IMF.STA:FSIC(13.0.1),R,COL,S12CFSI,AQ12_CFSI_PT,M,2018-M10,3.57389197306663,0,,,,,,,,,,SC,,,,,,
dataflow,IMF.STA:FSIC(13.0.1),R,COL,S12CFSI,AQ12_CFSI_PT,M,2018-M11,3.55219464325412,0,,,,,,,,,,SC,,,,,,
dataflow,IMF.STA:FSIC(13.0.1),R,COL,S12CFSI,AQ12_CFSI_PT,M,2018-M12,3.427636990820246,0,,,,,,,,,,SC,,,,,,
dataflow,IMF.STA:FSIC(13.0.1),R,COL,S12CFSI,AQ12_CFSI_PT,M,2019-M01,3.49538215972298,0,,,,,,,,,,SC,,,,,,
dataflow,IMF.STA:FSIC(13.0.1),R,COL,S12CFSI,AQ12_CFSI_PT,M,2019-M02,3.461192434407104,0,,,,,,,,,,SC,,,,,,
dataflow,IMF.STA:FSIC(13.0.1),R,COL,S12CFSI,AQ12_CFSI_PT,M,2019-M03,3.376904887056474,0,,,,,,,,,,SC,,,,,,
dataflow,IMF.STA:FSIC(13.0.1),R,COL,S12CFSI,AQ12_CFSI_PT,M,2019-M04,3.492042795453202,0,,,,,,,,,,SC,,,,,,
dataflow,IMF.STA:FSIC(13.0.1),R,COL,S12CFSI,AQ12_CFSI_PT,M,2019-M05,3.51824093271663,0,,,,,,,,,,SC,,,,,,
dataflow,IMF.STA:FSIC(13.0.1),R,COL,S12CFSI,AQ12_CFSI_PT,M,2019-M06,3.395789188824947,0,,,,,,,,,,SC,,,,,,
dataflow,IMF.STA:FSIC(13.0.1),R,COL,S12CFSI,AQ12_CFSI_PT,M,2019-M07,3.430449936088019,0,,,,,,,,,,SC,,,,,,
dataflow,IMF.STA:FSIC(13.0.1),R,COL,S12CFSI,AQ12_CFSI_PT,M,2019-M08,3.264317939045222,0,,,,,,,,,,SC,,,,,,
dataflow,IMF.STA:FSIC(13.0.1),R,COL,S12CFSI,AQ12_CFSI_PT,M,2019-M09,3.236314065434884,0,,,,,,,,,,SC,,,,,,
dataflow,IMF.STA:FSIC(13.0.1),R,COL,S12CFSI,AQ12_CFSI_PT,M,2019-M10,3.212795670971609,0,,,,,,,,,,SC,,,,,,
dataflow,IMF.STA:FSIC(13.0.1),R,COL,S12CFSI,AQ12_CFSI_PT,M,2019-M11,3.193759879681964,0,,,,,,,,,,SC,,,,,,
dataflow,IMF.STA:FSIC(13.0.1),R,COL,S12CFSI,AQ12_CFSI_PT,M,2019-M12,3.149631302041101,0,,,,,,,,,,SC,,,,,,
dataflow,IMF.STA:FSIC(13.0.1),R,COL,S12CFSI,AQ12_CFSI_PT,M,2020-M01,3.239560581898387,0,,,,,,,,,,SC,,,,,,
dataflow,IMF.STA:FSIC(13.0.1),R,COL,S12CFSI,AQ12_CFSI_PT,M,2020-M02,3.264567448949226,0,,,,,,,,,,SC,,,,,,
dataflow,IMF.STA:FSIC(13.0.1),R,COL,S12CFSI,AQ12_CFSI_PT,M,2020-M03,3.264200046159981,0,,,,,,,,,,SC,,,,,,
dataflow,IMF.STA:FSIC(13.0.1),R,COL,S12CFSI,AQ12_CFSI_PT,M,2020-M04,3.313941024125428,0,,,,,,,,,,SC,,,,,,
dataflow,IMF.STA:FSIC(13.0.1),R,COL,S12CFSI,AQ12_CFSI_PT,M,2020-M05,3.2386903386413,0,,,,,,,,,,SC,,,,,,
dataflow,IMF.STA:FSIC(13.0.1),R,COL,S12CFSI,AQ12_CFSI_PT,M,2020-M06,3.20544591975107,0,,,,,,,,,,SC,,,,,,
dataflow,IMF.STA:FSIC(13.0.1),R,COL,S12CFSI,AQ12_CFSI_PT,M,2020-M07,3.059678822821219,0,,,,,,,,,,SC,,,,,,
dataflow,IMF.STA:FSIC(13.0.1),R,COL,S12CFSI,AQ12_CFSI_PT,M,2020-M08,2.964500344701339,0,,,,,,,,,,SC,,,,,,
dataflow,IMF.STA:FSIC(13.0.1),R,COL,S12CFSI,AQ12_CFSI_PT,M,2020-M09,3.075628175939818,0,,,,,,,,,,SC,,,,,,
dataflow,IMF.STA:FSIC(13.0.1),R,COL,S12CFSI,AQ12_CFSI_PT,M,2020-M10,3.295611771950531,0,,,,,,,,,,SC,,,,,,
dataflow,IMF.STA:FSIC(13.0.1),R,COL,S12CFSI,AQ12_CFSI_PT,M,2020-M11,3.423042515538518,0,,,,,,,,,,SC,,,,,,
dataflow,IMF.STA:FSIC(13.0.1),R,COL,S12CFSI,AQ12_CFSI_PT,M,2020-M12,3.674748939177927,0,,,,,,,,,,SC,,,,,,
dataflow,IMF.STA:FSIC(13.0.1),R,COL,S12CFSI,AQ12_CFSI_PT,M,2021-M01,3.866601477986879,0,,,,,,,,,,SC,,,,,,
dataflow,IMF.STA:FSIC(13.0.1),R,COL,S12CFSI,AQ12_CFSI_PT,M,2021-M02,3.732291510945389,0,,,,,,,,,,SC,,,,,,
dataflow,IMF.STA:FSIC(13.0.1),R,COL,S12CFSI,AQ12_CFSI_PT,M,2021-M03,3.635875134376248,0,,,,,,,,,,SC,,,,,,
dataflow,IMF.STA:FSIC(13.0.1),R,COL,S12CFSI,AQ12_CFSI_PT,M,2021-M04,3.584885410160188,0,,,,,,,,,,SC,,,,,,
dataflow,IMF.STA:FSIC(13.0.1),R,COL,S12CFSI,AQ12_CFSI_PT,M,2021-M05,3.557670854784066,0,,,,,,,,,,SC,,,,,,
dataflow,IMF.STA:FSIC(13.0.1),R,COL,S12CFSI,AQ12_CFSI_PT,M,2021-M06,3.487217329995495,0,,,,,,,,,,SC,,,,,,
dataflow,IMF.STA:FSIC(13.0.1),R,COL,S12CFSI,AQ12_CFSI_PT,M,2021-M07,3.452145786410498,0,,,,,,,,,,SC,,,,,,
dataflow,IMF.STA:FSIC(13.0.1),R,COL,S12CFSI,AQ12_CFSI_PT,M,2021-M08,3.382687036117769,0,,,,,,,,,,SC,,,,,,
dataflow,IMF.STA:FSIC(13.0.1),R,COL,S12CFSI,AQ12_CFSI_PT,M,2021-M09,3.244014087602868,0,,,,,,,,,,SC,,,,,,
dataflow,IMF.STA:FSIC(13.0.1),R,COL,S12CFSI,AQ12_CFSI_PT,M,2021-M10,3.186228075493629,0,,,,,,,,,,SC,,,,,,
dataflow,IMF.STA:FSIC(13.0.1),R,COL,S12CFSI,AQ12_CFSI_PT,M,2021-M11,3.131847633324864,0,,,,,,,,,,SC,,,,,,
dataflow,IMF.STA:FSIC(13.0.1),R,COL,S12CFSI,AQ12_CFSI_PT,M,2021-M12,3.034032178721128,0,,,,,,,,,,SC,,,,,,
dataflow,IMF.STA:FSIC(13.0.1),R,COL,S12CFSI,AQ12_CFSI_PT,M,2022-M01,3.063929473748515,0,,,,,,,,,,SC,,,,,,
dataflow,IMF.STA:FSIC(13.0.1),R,COL,S12CFSI,AQ12_CFSI_PT,M,2022-M02,2.925716183028212,0,,,,,,,,,,SC,,,,,,
dataflow,IMF.STA:FSIC(13.0.1),R,COL,S12CFSI,AQ12_CFSI_PT,M,2022-M03,2.833943092529532,0,,,,,,,,,,SC,,,,,,
dataflow,IMF.STA:FSIC(13.0.1),R,COL,S12CFSI,AQ12_CFSI_PT,M,2022-M04,2.772797427470087,0,,,,,,,,,,SC,,,,,,
dataflow,IMF.STA:FSIC(13.0.1),R,COL,S12CFSI,AQ12_CFSI_PT,M,2022-M05,2.760282064038362,0,,,,,,,,,,SC,,,,,,
dataflow,IMF.STA:FSIC(13.0.1),R,COL,S12CFSI,AQ12_CFSI_PT,M,2022-M06,2.689082737703406,0,,,,,,,,,,SC,,,,,,
dataflow,IMF.STA:FSIC(13.0.1),R,COL,S12CFSI,AQ12_CFSI_PT,M,2022-M07,2.599604814465463,0,,,,,,,,,,SC,,,,,,
dataflow,IMF.STA:FSIC(13.0.1),R,COL,S12CFSI,AQ12_CFSI_PT,M,2022-M08,2.469146481586288,0,,,,,,,,,,SC,,,,,,
dataflow,IMF.STA:FSIC(13.0.1),R,COL,S12CFSI,AQ12_CFSI_PT,M,2022-M09,2.567992683411666,0,,,,,,,,,,SC,,,,,,
dataflow,IMF.STA:FSIC(13.0.1),R,COL,S12CFSI,AQ12_CFSI_PT,M,2022-M10,2.546226113199231,0,,,,,,,,,,SC,,,,,,
dataflow,IMF.STA:FSIC(13.0.1),R,COL,S12CFSI,AQ12_CFSI_PT,M,2022-M11,2.505276451341078,0,,,,,,,,,,SC,,,,,,
dataflow,IMF.STA:FSIC(13.0.1),R,COL,S12CFSI,AQ12_CFSI_PT,M,2022-M12,2.467972854840928,0,,,,,,,,,,SC,,,,,,
dataflow,IMF.STA:FSIC(13.0.1),R,COL,S12CFSI,AQ12_CFSI_PT,M,2023-M01,2.582363927538895,0,,,,,,,,,,SC,,,,,,
dataflow,IMF.STA:FSIC(13.0.1),R,COL,S12CFSI,AQ12_CFSI_PT,M,2023-M02,2.629241514752857,0,,,,,,,,,,SC,,,,,,
dataflow,IMF.STA:FSIC(13.0.1),R,COL,S12CFSI,AQ12_CFSI_PT,M,2023-M03,2.747549003005742,0,,,,,,,,,,SC,,,,,,
dataflow,IMF.STA:FSIC(13.0.1),R,COL,S12CFSI,AQ12_CFSI_PT,M,2023-M04,2.844179981140516,0,,,,,,,,,,SC,,,,,,
dataflow,IMF.STA:FSIC(13.0.1),R,COL,S12CFSI,AQ12_CFSI_PT,M,2023-M05,3.015201870663799,0,,,,,,,,,,SC,,,,,,
dataflow,IMF.STA:FSIC(13.0.1),R,COL,S12CFSI,AQ12_CFSI_PT,M,2023-M06,3.122707268089267,0,,,,,,,,,,SC,,,,,,
dataflow,IMF.STA:FSIC(13.0.1),R,COL,S12CFSI,AQ12_CFSI_PT,M,2023-M07,3.191206542226261,0,,,,,,,,,,SC,,,,,,
dataflow,IMF.STA:FSIC(13.0.1),R,COL,S12CFSI,AQ12_CFSI_PT,M,2023-M08,3.278248281701252,0,,,,,,,,,,SC,,,,,,
dataflow,IMF.STA:FSIC(13.0.1),R,COL,S12CFSI,AQ12_CFSI_PT,M,2023-M09,3.301133035645145,0,,,,,,,,,,SC,,,,,,
dataflow,IMF.STA:FSIC(13.0.1),R,COL,S12CFSI,AQ12_CFSI_PT,M,2023-M10,3.428357457067487,0,,,,,,,,,,SC,,,,,,
dataflow,IMF.STA:FSIC(13.0.1),R,COL,S12CFSI,AQ12_CFSI_PT,M,2023-M11,3.474935603971066,0,,,,,,,,,,SC,,,,,,
dataflow,IMF.STA:FSIC(13.0.1),R,COL,S12CFSI,AQ12_CFSI_PT,M,2023-M12,3.472213781998678,0,,,,,,,,,,SC,,,,,,
dataflow,IMF.STA:FSIC(13.0.1),R,COL,S12CFSI,AQ12_CFSI_PT,M,2024-M01,3.602228304424315,0,,,,,,,,,,SC,,,,,,
dataflow,IMF.STA:FSIC(13.0.1),R,COL,S12CFSI,AQ12_CFSI_PT,M,2024-M02,3.551416070730737,0,,,,,,,,,,SC,,,,,,
dataflow,IMF.STA:FSIC(13.0.1),R,COL,S12CFSI,AQ12_CFSI_PT,M,2024-M03,3.57324958054552,0,,,,,,,,,,SC,,,,,,
dataflow,IMF.STA:FSIC(13.0.1),R,COL,S12CFSI,AQ12_CFSI_PT,M,2024-M04,3.586609137606207,0,,,,,,,,,,SC,,,,,,
dataflow,IMF.STA:FSIC(13.0.1),R,COL,S12CFSI,AQ12_CFSI_PT,M,2024-M05,3.606937210810212,0,,,,,,,,,,SC,,,,,,
dataflow,IMF.STA:FSIC(13.0.1),R,COL,S12CFSI,AQ12_CFSI_PT,M,2024-M06,3.589470708251597,0,,,,,,,,,,SC,,,,,,
dataflow,IMF.STA:FSIC(13.0.1),R,COL,S12CFSI,AQ12_CFSI_PT,M,2024-M07,3.639926787619865,0,,,,,,,,,,SC,,,,,,
dataflow,IMF.STA:FSIC(13.0.1),R,COL,S12CFSI,AQ12_CFSI_PT,M,2024-M08,3.640307820915273,0,,,,,,,,,,SC,,,,,,
dataflow,IMF.STA:FSIC(13.0.1),R,COL,S12CFSI,AQ12_CFSI_PT,M,2024-M09,3.688784373198261,0,,,,,,,,,,SC,,,,,,
dataflow,IMF.STA:FSIC(13.0.1),R,COL,S12CFSI,AQ12_CFSI_PT,M,2024-M10,3.672038436172314,0,,,,,,,,,,SC,,,,,,
dataflow,IMF.STA:FSIC(13.0.1),R,COL,S12CFSI,AQ12_CFSI_PT,M,2024-M11,3.642620476808187,0,,,,,,,,,,SC,,,,,,
dataflow,IMF.STA:FSIC(13.0.1),R,COL,S12CFSI,AQ12_CFSI_PT,M,2024-M12,3.545643589598509,0,,,,,,,,,,SC,,,,,,
dataflow,IMF.STA:FSIC(13.0.1),R,COL,S12CFSI,AQ12_CFSI_PT,M,2025-M01,3.558309134047491,0,,,,,,,,,,SC,,,,,,
dataflow,IMF.STA:FSIC(13.0.1),R,COL,S12CFSI,AQ12_CFSI_PT,M,2025-M02,3.473713813401079,0,,,,,,,,,,SC,,,,,,
dataflow,IMF.STA:FSIC(13.0.1),R,COL,S12CFSI,AQ12_CFSI_PT,M,2025-M03,3.435182695211296,0,,,,,,,,,,SC,,,,,,
dataflow,IMF.STA:FSIC(13.0.1),R,COL,S12CFSI,AQ12_CFSI_PT,M,2025-M04,3.408963057691397,0,,,,,,,,,,SC,,,,,,
dataflow,IMF.STA:FSIC(13.0.1),R,COL,S12CFSI,AQ12_CFSI_PT,M,2025-M05,3.35085953586654,0,,,,,,,,,,SC,,,,,,
dataflow,IMF.STA:FSIC(13.0.1),R,COL,S12CFSI,AQ12_CFSI_PT,M,2025-M06,3.308336149384358,0,,,,,,,,,,SC,,,,,,
dataflow,IMF.STA:FSIC(13.0.1),R,COL,S12CFSI,AQ12_CFSI_PT,M,2025-M07,3.25073379097916,0,,,,,,,,,,SC,,,,,,
dataflow,IMF.STA:FSIC(13.0.1),R,COL,S12CFSI,AQ12_CFSI_PT,M,2025-M08,3.184485488105949,0,,,,,,,,,,SC,,,,,,
dataflow,IMF.STA:FSIC(13.0.1),R,COL,S12CFSI,AQ12_CFSI_PT,M,2025-M09,3.141779840362988,0,,,,,,,,,,SC,,,,,,
dataflow,IMF.STA:FSIC(13.0.1),R,COL,S12CFSI,AQ12_CFSI_PT,M,2025-M10,3.063403006641549,0,,,,,,,,,,SC,,,,,,
dataflow,IMF.STA:FSIC(13.0.1),R,COL,S12CFSI,AQ12_CFSI_PT,M,2025-M11,3.006428164185208,0,,,,,,,,,,SC,,,,,,
dataflow,IMF.STA:FSIC(13.0.1),R,COL,S12CFSI,AQ12_CFSI_PT,M,2025-M12,2.964673835097582,0,,,,,,,,,,SC,,,,,,
dataflow,IMF.STA:FSIC(13.0.1),R,COL,S12CFSI,AQ12_CFSI_PT,M,2026-M01,2.973989700384523,0,,,,,,,,,,SC,,,,,,
dataflow,IMF.STA:FSIC(13.0.1),R,COL,S12CFSI,AQ12_CFSI_PT,M,2026-M02,2.92786785301234,0,,,,,,,,,,SC,,,,,,
dataflow,IMF.STA:FSIC(13.0.1),R,COL,S12CFSI,AQ12_CFSI_PT,M,2026-M03,2.886409578914289,0,,,,,,,,,,SC,,,,,,
dataflow,IMF.STA:FSIC(13.0.1),R,COL,S12CFSI,AQ12_CFSI_PT,Q,2005-Q1,3.993529088677608,0,,,,,,,,,,SC,,,,,,
dataflow,IMF.STA:FSIC(13.0.1),R,COL,S12CFSI,AQ12_CFSI_PT,Q,2005-Q2,3.716912117428374,0,,,,,,,,,,SC,,,,,,
dataflow,IMF.STA:FSIC(13.0.1),R,COL,S12CFSI,AQ12_CFSI_PT,Q,2005-Q3,3.730315118397459,0,,,,,,,,,,SC,,,,,,
dataflow,IMF.STA:FSIC(13.0.1),R,COL,S12CFSI,AQ12_CFSI_PT,Q,2005-Q4,2.748433830394051,0,,,,,,,,,,SC,,,,,,
dataflow,IMF.STA:FSIC(13.0.1),R,COL,S12CFSI,AQ12_CFSI_PT,Q,2006-Q1,2.989473226030132,0,,,,,,,,,,SC,,,,,,
dataflow,IMF.STA:FSIC(13.0.1),R,COL,S12CFSI,AQ12_CFSI_PT,Q,2006-Q2,2.837150274240384,0,,,,,,,,,,SC,,,,,,
dataflow,IMF.STA:FSIC(13.0.1),R,COL,S12CFSI,AQ12_CFSI_PT,Q,2006-Q3,2.788137837693645,0,,,,,,,,,,SC,,,,,,
dataflow,IMF.STA:FSIC(13.0.1),R,COL,S12CFSI,AQ12_CFSI_PT,Q,2006-Q4,2.659818483391051,0,,,,,,,,,,SC,,,,,,
dataflow,IMF.STA:FSIC(13.0.1),R,COL,S12CFSI,AQ12_CFSI_PT,Q,2007-Q1,2.811926485812516,0,,,,,,,,,,SC,,,,,,
dataflow,IMF.STA:FSIC(13.0.1),R,COL,S12CFSI,AQ12_CFSI_PT,Q,2007-Q2,2.988372353576564,0,,,,,,,,,,SC,,,,,,
dataflow,IMF.STA:FSIC(13.0.1),R,COL,S12CFSI,AQ12_CFSI_PT,Q,2007-Q3,3.137861002428427,0,,,,,,,,,,SC,,,,,,
dataflow,IMF.STA:FSIC(13.0.1),R,COL,S12CFSI,AQ12_CFSI_PT,Q,2007-Q4,3.229293275043447,0,,,,,,,,,,SC,,,,,,
dataflow,IMF.STA:FSIC(13.0.1),R,COL,S12CFSI,AQ12_CFSI_PT,Q,2008-Q1,3.798942169288916,0,,,,,,,,,,SC,,,,,,
dataflow,IMF.STA:FSIC(13.0.1),R,COL,S12CFSI,AQ12_CFSI_PT,Q,2008-Q2,3.797454762949929,0,,,,,,,,,,SC,,,,,,
dataflow,IMF.STA:FSIC(13.0.1),R,COL,S12CFSI,AQ12_CFSI_PT,Q,2008-Q3,3.986007668901742,0,,,,,,,,,,SC,,,,,,
dataflow,IMF.STA:FSIC(13.0.1),R,COL,S12CFSI,AQ12_CFSI_PT,Q,2008-Q4,3.932178286004179,0,,,,,,,,,,SC,,,,,,
dataflow,IMF.STA:FSIC(13.0.1),R,COL,S12CFSI,AQ12_CFSI_PT,Q,2009-Q1,4.394368080055291,0,,,,,,,,,,SC,,,,,,
dataflow,IMF.STA:FSIC(13.0.1),R,COL,S12CFSI,AQ12_CFSI_PT,Q,2009-Q2,4.462189827638032,0,,,,,,,,,,SC,,,,,,
dataflow,IMF.STA:FSIC(13.0.1),R,COL,S12CFSI,AQ12_CFSI_PT,Q,2009-Q3,4.374818154907989,0,,,,,,,,,,SC,,,,,,
dataflow,IMF.STA:FSIC(13.0.1),R,COL,S12CFSI,AQ12_CFSI_PT,Q,2009-Q4,4.012838350552241,0,,,,,,,,,,SC,,,,,,
dataflow,IMF.STA:FSIC(13.0.1),R,COL,S12CFSI,AQ12_CFSI_PT,Q,2010-Q1,4.264087215255659,0,,,,,,,,,,SC,,,,,,
dataflow,IMF.STA:FSIC(13.0.1),R,COL,S12CFSI,AQ12_CFSI_PT,Q,2010-Q2,3.833374922957402,0,,,,,,,,,,SC,,,,,,
dataflow,IMF.STA:FSIC(13.0.1),R,COL,S12CFSI,AQ12_CFSI_PT,Q,2010-Q3,3.410609743474008,0,,,,,,,,,,SC,,,,,,
dataflow,IMF.STA:FSIC(13.0.1),R,COL,S12CFSI,AQ12_CFSI_PT,Q,2010-Q4,2.863376563549991,0,,,,,,,,,,SC,,,,,,
dataflow,IMF.STA:FSIC(13.0.1),R,COL,S12CFSI,AQ12_CFSI_PT,Q,2011-Q1,3.009047970640849,0,,,,,,,,,,SC,,,,,,
dataflow,IMF.STA:FSIC(13.0.1),R,COL,S12CFSI,AQ12_CFSI_PT,Q,2011-Q2,2.817111558227866,0,,,,,,,,,,SC,,,,,,
dataflow,IMF.STA:FSIC(13.0.1),R,COL,S12CFSI,AQ12_CFSI_PT,Q,2011-Q3,2.82233464890347,0,,,,,,,,,,SC,,,,,,
dataflow,IMF.STA:FSIC(13.0.1),R,COL,S12CFSI,AQ12_CFSI_PT,Q,2011-Q4,2.495543848481473,0,,,,,,,,,,SC,,,,,,
dataflow,IMF.STA:FSIC(13.0.1),R,COL,S12CFSI,AQ12_CFSI_PT,Q,2012-Q1,2.77953247951512,0,,,,,,,,,,SC,,,,,,
dataflow,IMF.STA:FSIC(13.0.1),R,COL,S12CFSI,AQ12_CFSI_PT,Q,2012-Q2,2.854492125350738,0,,,,,,,,,,SC,,,,,,
dataflow,IMF.STA:FSIC(13.0.1),R,COL,S12CFSI,AQ12_CFSI_PT,Q,2012-Q3,2.900254744253706,0,,,,,,,,,,SC,,,,,,
dataflow,IMF.STA:FSIC(13.0.1),R,COL,S12CFSI,AQ12_CFSI_PT,Q,2012-Q4,2.758458591123002,0,,,,,,,,,,SC,,,,,,
dataflow,IMF.STA:FSIC(13.0.1),R,COL,S12CFSI,AQ12_CFSI_PT,Q,2013-Q1,3.127627487539773,0,,,,,,,,,,SC,,,,,,
dataflow,IMF.STA:FSIC(13.0.1),R,COL,S12CFSI,AQ12_CFSI_PT,Q,2013-Q2,2.942063465216344,0,,,,,,,,,,SC,,,,,,
dataflow,IMF.STA:FSIC(13.0.1),R,COL,S12CFSI,AQ12_CFSI_PT,Q,2013-Q3,2.94342635681618,0,,,,,,,,,,SC,,,,,,
dataflow,IMF.STA:FSIC(13.0.1),R,COL,S12CFSI,AQ12_CFSI_PT,Q,2013-Q4,2.775353629282804,0,,,,,,,,,,SC,,,,,,
dataflow,IMF.STA:FSIC(13.0.1),R,COL,S12CFSI,AQ12_CFSI_PT,Q,2014-Q1,3.00331921198104,0,,,,,,,,,,SC,,,,,,
dataflow,IMF.STA:FSIC(13.0.1),R,COL,S12CFSI,AQ12_CFSI_PT,Q,2014-Q2,3.039495642254707,0,,,,,,,,,,SC,,,,,,
dataflow,IMF.STA:FSIC(13.0.1),R,COL,S12CFSI,AQ12_CFSI_PT,Q,2014-Q3,3.068086183198826,0,,,,,,,,,,SC,,,,,,
dataflow,IMF.STA:FSIC(13.0.1),R,COL,S12CFSI,AQ12_CFSI_PT,Q,2014-Q4,2.915260841219363,0,,,,,,,,,,SC,,,,,,
dataflow,IMF.STA:FSIC(13.0.1),R,COL,S12CFSI,AQ12_CFSI_PT,Q,2015-Q1,2.984938713764286,0,,,,,,,,,,SC,,,,,,
dataflow,IMF.STA:FSIC(13.0.1),R,COL,S12CFSI,AQ12_CFSI_PT,Q,2015-Q2,3.063433272553699,0,,,,,,,,,,SC,,,,,,
dataflow,IMF.STA:FSIC(13.0.1),R,COL,S12CFSI,AQ12_CFSI_PT,Q,2015-Q3,2.996303984496972,0,,,,,,,,,,SC,,,,,,
dataflow,IMF.STA:FSIC(13.0.1),R,COL,S12CFSI,AQ12_CFSI_PT,Q,2015-Q4,2.847672788133903,0,,,,,,,,,,SC,,,,,,
dataflow,IMF.STA:FSIC(13.0.1),R,COL,S12CFSI,AQ12_CFSI_PT,Q,2016-Q1,3.113637268666002,0,,,,,,,,,,SC,,,,,,
dataflow,IMF.STA:FSIC(13.0.1),R,COL,S12CFSI,AQ12_CFSI_PT,Q,2016-Q2,3.015542501203992,0,,,,,,,,,,SC,,,,,,
dataflow,IMF.STA:FSIC(13.0.1),R,COL,S12CFSI,AQ12_CFSI_PT,Q,2016-Q3,3.191177999719344,0,,,,,,,,,,SC,,,,,,
dataflow,IMF.STA:FSIC(13.0.1),R,COL,S12CFSI,AQ12_CFSI_PT,Q,2016-Q4,3.124536536084012,0,,,,,,,,,,SC,,,,,,
dataflow,IMF.STA:FSIC(13.0.1),R,COL,S12CFSI,AQ12_CFSI_PT,Q,2017-Q1,3.840886061102435,0,,,,,,,,,,SC,,,,,,
dataflow,IMF.STA:FSIC(13.0.1),R,COL,S12CFSI,AQ12_CFSI_PT,Q,2017-Q2,4.108889775170594,0,,,,,,,,,,SC,,,,,,
dataflow,IMF.STA:FSIC(13.0.1),R,COL,S12CFSI,AQ12_CFSI_PT,Q,2017-Q3,4.306952733650994,0,,,,,,,,,,SC,,,,,,
dataflow,IMF.STA:FSIC(13.0.1),R,COL,S12CFSI,AQ12_CFSI_PT,Q,2017-Q4,4.179781454733765,0,,,,,,,,,,SC,,,,,,
dataflow,IMF.STA:FSIC(13.0.1),R,COL,S12CFSI,AQ12_CFSI_PT,Q,2018-Q1,3.231763581232125,0,,,,,,,,,,SC,,,,,,
dataflow,IMF.STA:FSIC(13.0.1),R,COL,S12CFSI,AQ12_CFSI_PT,Q,2018-Q2,3.532244779529151,0,,,,,,,,,,SC,,,,,,
dataflow,IMF.STA:FSIC(13.0.1),R,COL,S12CFSI,AQ12_CFSI_PT,Q,2018-Q3,3.621080260990858,0,,,,,,,,,,SC,,,,,,
dataflow,IMF.STA:FSIC(13.0.1),R,COL,S12CFSI,AQ12_CFSI_PT,Q,2018-Q4,3.427636990820246,0,,,,,,,,,,SC,,,,,,
dataflow,IMF.STA:FSIC(13.0.1),R,COL,S12CFSI,AQ12_CFSI_PT,Q,2019-Q1,3.376904887056474,0,,,,,,,,,,SC,,,,,,
dataflow,IMF.STA:FSIC(13.0.1),R,COL,S12CFSI,AQ12_CFSI_PT,Q,2019-Q2,3.395789188824947,0,,,,,,,,,,SC,,,,,,
dataflow,IMF.STA:FSIC(13.0.1),R,COL,S12CFSI,AQ12_CFSI_PT,Q,2019-Q3,3.236314065434884,0,,,,,,,,,,SC,,,,,,
dataflow,IMF.STA:FSIC(13.0.1),R,COL,S12CFSI,AQ12_CFSI_PT,Q,2019-Q4,3.149631302041101,0,,,,,,,,,,SC,,,,,,
dataflow,IMF.STA:FSIC(13.0.1),R,COL,S12CFSI,AQ12_CFSI_PT,Q,2020-Q1,3.264200046159981,0,,,,,,,,,,SC,,,,,,
dataflow,IMF.STA:FSIC(13.0.1),R,COL,S12CFSI,AQ12_CFSI_PT,Q,2020-Q2,3.20544591975107,0,,,,,,,,,,SC,,,,,,
dataflow,IMF.STA:FSIC(13.0.1),R,COL,S12CFSI,AQ12_CFSI_PT,Q,2020-Q3,3.075628175939818,0,,,,,,,,,,SC,,,,,,
dataflow,IMF.STA:FSIC(13.0.1),R,COL,S12CFSI,AQ12_CFSI_PT,Q,2020-Q4,3.674748939177927,0,,,,,,,,,,SC,,,,,,
dataflow,IMF.STA:FSIC(13.0.1),R,COL,S12CFSI,AQ12_CFSI_PT,Q,2021-Q1,3.635875134376248,0,,,,,,,,,,SC,,,,,,
dataflow,IMF.STA:FSIC(13.0.1),R,COL,S12CFSI,AQ12_CFSI_PT,Q,2021-Q2,3.487217329995495,0,,,,,,,,,,SC,,,,,,
dataflow,IMF.STA:FSIC(13.0.1),R,COL,S12CFSI,AQ12_CFSI_PT,Q,2021-Q3,3.244014087602868,0,,,,,,,,,,SC,,,,,,
dataflow,IMF.STA:FSIC(13.0.1),R,COL,S12CFSI,AQ12_CFSI_PT,Q,2021-Q4,3.034032178721128,0,,,,,,,,,,SC,,,,,,
dataflow,IMF.STA:FSIC(13.0.1),R,COL,S12CFSI,AQ12_CFSI_PT,Q,2022-Q1,2.833943092529532,0,,,,,,,,,,SC,,,,,,
dataflow,IMF.STA:FSIC(13.0.1),R,COL,S12CFSI,AQ12_CFSI_PT,Q,2022-Q2,2.689082737703406,0,,,,,,,,,,SC,,,,,,
dataflow,IMF.STA:FSIC(13.0.1),R,COL,S12CFSI,AQ12_CFSI_PT,Q,2022-Q3,2.567992683411666,0,,,,,,,,,,SC,,,,,,
dataflow,IMF.STA:FSIC(13.0.1),R,COL,S12CFSI,AQ12_CFSI_PT,Q,2022-Q4,2.467972854840928,0,,,,,,,,,,SC,,,,,,
dataflow,IMF.STA:FSIC(13.0.1),R,COL,S12CFSI,AQ12_CFSI_PT,Q,2023-Q1,2.747549003005742,0,,,,,,,,,,SC,,,,,,
dataflow,IMF.STA:FSIC(13.0.1),R,COL,S12CFSI,AQ12_CFSI_PT,Q,2023-Q2,3.122707268089267,0,,,,,,,,,,SC,,,,,,
dataflow,IMF.STA:FSIC(13.0.1),R,COL,S12CFSI,AQ12_CFSI_PT,Q,2023-Q3,3.301133035645145,0,,,,,,,,,,SC,,,,,,
dataflow,IMF.STA:FSIC(13.0.1),R,COL,S12CFSI,AQ12_CFSI_PT,Q,2023-Q4,3.472213781998678,0,,,,,,,,,,SC,,,,,,
dataflow,IMF.STA:FSIC(13.0.1),R,COL,S12CFSI,AQ12_CFSI_PT,Q,2024-Q1,3.57324958054552,0,,,,,,,,,,SC,,,,,,
dataflow,IMF.STA:FSIC(13.0.1),R,COL,S12CFSI,AQ12_CFSI_PT,Q,2024-Q2,3.589470708251597,0,,,,,,,,,,SC,,,,,,
dataflow,IMF.STA:FSIC(13.0.1),R,COL,S12CFSI,AQ12_CFSI_PT,Q,2024-Q3,3.688784373198261,0,,,,,,,,,,SC,,,,,,
dataflow,IMF.STA:FSIC(13.0.1),R,COL,S12CFSI,AQ12_CFSI_PT,Q,2024-Q4,3.545643589598509,0,,,,,,,,,,SC,,,,,,
dataflow,IMF.STA:FSIC(13.0.1),R,COL,S12CFSI,AQ12_CFSI_PT,Q,2025-Q1,3.435182695211296,0,,,,,,,,,,SC,,,,,,
dataflow,IMF.STA:FSIC(13.0.1),R,COL,S12CFSI,AQ12_CFSI_PT,Q,2025-Q2,3.308336149384358,0,,,,,,,,,,SC,,,,,,
dataflow,IMF.STA:FSIC(13.0.1),R,COL,S12CFSI,AQ12_CFSI_PT,Q,2025-Q3,3.141779840362988,0,,,,,,,,,,SC,,,,,,
dataflow,IMF.STA:FSIC(13.0.1),R,COL,S12CFSI,AQ12_CFSI_PT,Q,2025-Q4,2.964673835097582,0,,,,,,,,,,SC,,,,,,
dataflow,IMF.STA:FSIC(13.0.1),R,COL,S12CFSI,AQ12_CFSI_PT,Q,2026-Q1,2.886409578914289,0,,,,,,,,,,SC,,,,,,
dataflow,IMF.STA:FSIC(13.0.1),R,COL,S12CFSI,FSI688_CFSI_PT,A,2005,17.28967630109505,0,,,,,,,,,,SC,,,,,,
dataflow,IMF.STA:FSIC(13.0.1),R,COL,S12CFSI,FSI688_CFSI_PT,A,2006,15.43894294939417,0,,,,,,,,,,SC,,,,,,
dataflow,IMF.STA:FSIC(13.0.1),R,COL,S12CFSI,FSI688_CFSI_PT,A,2007,15.93144127299713,0,,,,,,,,,,SC,,,,,,
dataflow,IMF.STA:FSIC(13.0.1),R,COL,S12CFSI,FSI688_CFSI_PT,A,2008,15.42662285171629,0,,,,,,,,,,SC,,,,,,
dataflow,IMF.STA:FSIC(13.0.1),R,COL,S12CFSI,FSI688_CFSI_PT,A,2009,17.16218303010367,0,,,,,,,,,,SC,,,,,,
dataflow,IMF.STA:FSIC(13.0.1),R,COL,S12CFSI,FSI688_CFSI_PT,A,2010,17.99334246854686,0,,,,,,,,,,SC,,,,,,
dataflow,IMF.STA:FSIC(13.0.1),R,COL,S12CFSI,FSI688_CFSI_PT,A,2011,16.87813674706813,0,,,,,,,,,,SC,,,,,,
dataflow,IMF.STA:FSIC(13.0.1),R,COL,S12CFSI,FSI688_CFSI_PT,A,2012,18.08002296465051,0,,,,,,,,,,SC,,,,,,
dataflow,IMF.STA:FSIC(13.0.1),R,COL,S12CFSI,FSI688_CFSI_PT,A,2013,16.9633576168269,0,,,,,,,,,,SC,,,,,,
dataflow,IMF.STA:FSIC(13.0.1),R,COL,S12CFSI,FSI688_CFSI_PT,A,2014,16.99843281984966,0,,,,,,,,,,SC,,,,,,
dataflow,IMF.STA:FSIC(13.0.1),R,COL,S12CFSI,FSI688_CFSI_PT,A,2015,16.87455339192333,0,,,,,,,,,,SC,,,,,,
dataflow,IMF.STA:FSIC(13.0.1),R,COL,S12CFSI,FSI688_CFSI_PT,A,2016,17.51516959115339,0,,,,,,,,,,SC,,,,,,
dataflow,IMF.STA:FSIC(13.0.1),R,COL,S12CFSI,FSI688_CFSI_PT,A,2017,18.63124593422243,0,,,,,,,,,,SC,,,,,,
dataflow,IMF.STA:FSIC(13.0.1),R,COL,S12CFSI,FSI688_CFSI_PT,A,2018,17.7667898571469,0,,,,,,,,,,SC,,,,,,
dataflow,IMF.STA:FSIC(13.0.1),R,COL,S12CFSI,FSI688_CFSI_PT,A,2019,16.91056039799587,0,,,,,,,,,,SC,,,,,,
dataflow,IMF.STA:FSIC(13.0.1),R,COL,S12CFSI,FSI688_CFSI_PT,A,2020,19.17001307073653,0,,,,,,,,,,SC,,,,,,
dataflow,IMF.STA:FSIC(13.0.1),R,COL,S12CFSI,FSI688_CFSI_PT,A,2021,22.24423966399631,0,,,,,,,,,,SC,,,,,,
dataflow,IMF.STA:FSIC(13.0.1),R,COL,S12CFSI,FSI688_CFSI_PT,A,2022,18.93743960546595,0,,,,,,,,,,SC,,,,,,
dataflow,IMF.STA:FSIC(13.0.1),R,COL,S12CFSI,FSI688_CFSI_PT,A,2023,18.47081262453224,0,,,,,,,,,,SC,,,,,,
dataflow,IMF.STA:FSIC(13.0.1),R,COL,S12CFSI,FSI688_CFSI_PT,A,2024,18.88039006059617,0,,,,,,,,,,SC,,,,,,
dataflow,IMF.STA:FSIC(13.0.1),R,COL,S12CFSI,FSI688_CFSI_PT,A,2025,18.17168325545222,0,,,,,,,,,,SC,,,,,,
dataflow,IMF.STA:FSIC(13.0.1),R,COL,S12CFSI,FSI688_CFSI_PT,M,2005-M01,19.65490699570203,0,,,,,,,,,,SC,,,,,,
dataflow,IMF.STA:FSIC(13.0.1),R,COL,S12CFSI,FSI688_CFSI_PT,M,2005-M02,19.51275525375686,0,,,,,,,,,,SC,,,,,,
dataflow,IMF.STA:FSIC(13.0.1),R,COL,S12CFSI,FSI688_CFSI_PT,M,2005-M03,18.28871458128107,0,,,,,,,,,,SC,,,,,,
dataflow,IMF.STA:FSIC(13.0.1),R,COL,S12CFSI,FSI688_CFSI_PT,M,2005-M04,18.12185915917197,0,,,,,,,,,,SC,,,,,,
dataflow,IMF.STA:FSIC(13.0.1),R,COL,S12CFSI,FSI688_CFSI_PT,M,2005-M05,17.85314081998307,0,,,,,,,,,,SC,,,,,,
dataflow,IMF.STA:FSIC(13.0.1),R,COL,S12CFSI,FSI688_CFSI_PT,M,2005-M06,17.7156187998054,0,,,,,,,,,,SC,,,,,,
dataflow,IMF.STA:FSIC(13.0.1),R,COL,S12CFSI,FSI688_CFSI_PT,M,2005-M07,17.78942211628612,0,,,,,,,,,,SC,,,,,,
dataflow,IMF.STA:FSIC(13.0.1),R,COL,S12CFSI,FSI688_CFSI_PT,M,2005-M08,17.66440210509983,0,,,,,,,,,,SC,,,,,,
dataflow,IMF.STA:FSIC(13.0.1),R,COL,S12CFSI,FSI688_CFSI_PT,M,2005-M09,17.60895897973682,0,,,,,,,,,,SC,,,,,,
dataflow,IMF.STA:FSIC(13.0.1),R,COL,S12CFSI,FSI688_CFSI_PT,M,2005-M10,17.38728574785363,0,,,,,,,,,,SC,,,,,,
dataflow,IMF.STA:FSIC(13.0.1),R,COL,S12CFSI,FSI688_CFSI_PT,M,2005-M11,17.70313179033991,0,,,,,,,,,,SC,,,,,,
dataflow,IMF.STA:FSIC(13.0.1),R,COL,S12CFSI,FSI688_CFSI_PT,M,2005-M12,17.28967630109505,0,,,,,,,,,,SC,,,,,,
dataflow,IMF.STA:FSIC(13.0.1),R,COL,S12CFSI,FSI688_CFSI_PT,M,2006-M01,20.19150376615113,0,,,,,,,,,,SC,,,,,,
dataflow,IMF.STA:FSIC(13.0.1),R,COL,S12CFSI,FSI688_CFSI_PT,M,2006-M02,20.02726686116788,0,,,,,,,,,,SC,,,,,,
dataflow,IMF.STA:FSIC(13.0.1),R,COL,S12CFSI,FSI688_CFSI_PT,M,2006-M03,18.76376365461777,0,,,,,,,,,,SC,,,,,,
dataflow,IMF.STA:FSIC(13.0.1),R,COL,S12CFSI,FSI688_CFSI_PT,M,2006-M04,17.98010548889636,0,,,,,,,,,,SC,,,,,,
dataflow,IMF.STA:FSIC(13.0.1),R,COL,S12CFSI,FSI688_CFSI_PT,M,2006-M05,16.23597726438065,0,,,,,,,,,,SC,,,,,,
dataflow,IMF.STA:FSIC(13.0.1),R,COL,S12CFSI,FSI688_CFSI_PT,M,2006-M06,15.81917960843785,0,,,,,,,,,,SC,,,,,,
dataflow,IMF.STA:FSIC(13.0.1),R,COL,S12CFSI,FSI688_CFSI_PT,M,2006-M07,16.13176110623401,0,,,,,,,,,,SC,,,,,,
dataflow,IMF.STA:FSIC(13.0.1),R,COL,S12CFSI,FSI688_CFSI_PT,M,2006-M08,16.25158791124893,0,,,,,,,,,,SC,,,,,,
dataflow,IMF.STA:FSIC(13.0.1),R,COL,S12CFSI,FSI688_CFSI_PT,M,2006-M09,15.80736824932539,0,,,,,,,,,,SC,,,,,,
dataflow,IMF.STA:FSIC(13.0.1),R,COL,S12CFSI,FSI688_CFSI_PT,M,2006-M10,15.69424885464797,0,,,,,,,,,,SC,,,,,,
dataflow,IMF.STA:FSIC(13.0.1),R,COL,S12CFSI,FSI688_CFSI_PT,M,2006-M11,15.34388574736644,0,,,,,,,,,,SC,,,,,,
dataflow,IMF.STA:FSIC(13.0.1),R,COL,S12CFSI,FSI688_CFSI_PT,M,2006-M12,15.43894294939417,0,,,,,,,,,,SC,,,,,,
dataflow,IMF.STA:FSIC(13.0.1),R,COL,S12CFSI,FSI688_CFSI_PT,M,2007-M01,17.58012883589993,0,,,,,,,,,,SC,,,,,,
dataflow,IMF.STA:FSIC(13.0.1),R,COL,S12CFSI,FSI688_CFSI_PT,M,2007-M02,17.34695933455879,0,,,,,,,,,,SC,,,,,,
dataflow,IMF.STA:FSIC(13.0.1),R,COL,S12CFSI,FSI688_CFSI_PT,M,2007-M03,16.78545374255572,0,,,,,,,,,,SC,,,,,,
dataflow,IMF.STA:FSIC(13.0.1),R,COL,S12CFSI,FSI688_CFSI_PT,M,2007-M04,16.35910236671264,0,,,,,,,,,,SC,,,,,,
dataflow,IMF.STA:FSIC(13.0.1),R,COL,S12CFSI,FSI688_CFSI_PT,M,2007-M05,16.39497980151431,0,,,,,,,,,,SC,,,,,,
dataflow,IMF.STA:FSIC(13.0.1),R,COL,S12CFSI,FSI688_CFSI_PT,M,2007-M06,16.60070911871247,0,,,,,,,,,,SC,,,,,,
dataflow,IMF.STA:FSIC(13.0.1),R,COL,S12CFSI,FSI688_CFSI_PT,M,2007-M07,17.08447011865641,0,,,,,,,,,,SC,,,,,,
dataflow,IMF.STA:FSIC(13.0.1),R,COL,S12CFSI,FSI688_CFSI_PT,M,2007-M08,16.76969866534139,0,,,,,,,,,,SC,,,,,,
dataflow,IMF.STA:FSIC(13.0.1),R,COL,S12CFSI,FSI688_CFSI_PT,M,2007-M09,15.96090931068657,0,,,,,,,,,,SC,,,,,,
dataflow,IMF.STA:FSIC(13.0.1),R,COL,S12CFSI,FSI688_CFSI_PT,M,2007-M10,15.86940380807754,0,,,,,,,,,,SC,,,,,,
dataflow,IMF.STA:FSIC(13.0.1),R,COL,S12CFSI,FSI688_CFSI_PT,M,2007-M11,15.68682464838075,0,,,,,,,,,,SC,,,,,,
dataflow,IMF.STA:FSIC(13.0.1),R,COL,S12CFSI,FSI688_CFSI_PT,M,2007-M12,15.93144127299713,0,,,,,,,,,,SC,,,,,,
dataflow,IMF.STA:FSIC(13.0.1),R,COL,S12CFSI,FSI688_CFSI_PT,M,2008-M01,16.99827880947638,0,,,,,,,,,,SC,,,,,,
dataflow,IMF.STA:FSIC(13.0.1),R,COL,S12CFSI,FSI688_CFSI_PT,M,2008-M02,17.00443327376347,0,,,,,,,,,,SC,,,,,,
dataflow,IMF.STA:FSIC(13.0.1),R,COL,S12CFSI,FSI688_CFSI_PT,M,2008-M03,16.18984366901583,0,,,,,,,,,,SC,,,,,,
dataflow,IMF.STA:FSIC(13.0.1),R,COL,S12CFSI,FSI688_CFSI_PT,M,2008-M04,16.7479148215918,0,,,,,,,,,,SC,,,,,,
dataflow,IMF.STA:FSIC(13.0.1),R,COL,S12CFSI,FSI688_CFSI_PT,M,2008-M05,16.69081911876843,0,,,,,,,,,,SC,,,,,,
dataflow,IMF.STA:FSIC(13.0.1),R,COL,S12CFSI,FSI688_CFSI_PT,M,2008-M06,16.39988488029507,0,,,,,,,,,,SC,,,,,,
dataflow,IMF.STA:FSIC(13.0.1),R,COL,S12CFSI,FSI688_CFSI_PT,M,2008-M07,16.87683351655214,0,,,,,,,,,,SC,,,,,,
dataflow,IMF.STA:FSIC(13.0.1),R,COL,S12CFSI,FSI688_CFSI_PT,M,2008-M08,16.73573248846569,0,,,,,,,,,,SC,,,,,,
dataflow,IMF.STA:FSIC(13.0.1),R,COL,S12CFSI,FSI688_CFSI_PT,M,2008-M09,15.85965842704048,0,,,,,,,,,,SC,,,,,,
dataflow,IMF.STA:FSIC(13.0.1),R,COL,S12CFSI,FSI688_CFSI_PT,M,2008-M10,15.61421676163221,0,,,,,,,,,,SC,,,,,,
dataflow,IMF.STA:FSIC(13.0.1),R,COL,S12CFSI,FSI688_CFSI_PT,M,2008-M11,15.45384812027305,0,,,,,,,,,,SC,,,,,,
dataflow,IMF.STA:FSIC(13.0.1),R,COL,S12CFSI,FSI688_CFSI_PT,M,2008-M12,15.42662285171629,0,,,,,,,,,,SC,,,,,,
dataflow,IMF.STA:FSIC(13.0.1),R,COL,S12CFSI,FSI688_CFSI_PT,M,2009-M01,16.91530702985905,0,,,,,,,,,,SC,,,,,,
dataflow,IMF.STA:FSIC(13.0.1),R,COL,S12CFSI,FSI688_CFSI_PT,M,2009-M02,16.99463650981633,0,,,,,,,,,,SC,,,,,,
dataflow,IMF.STA:FSIC(13.0.1),R,COL,S12CFSI,FSI688_CFSI_PT,M,2009-M03,16.61915346247458,0,,,,,,,,,,SC,,,,,,
dataflow,IMF.STA:FSIC(13.0.1),R,COL,S12CFSI,FSI688_CFSI_PT,M,2009-M04,16.8165256757624,0,,,,,,,,,,SC,,,,,,
dataflow,IMF.STA:FSIC(13.0.1),R,COL,S12CFSI,FSI688_CFSI_PT,M,2009-M05,16.66485496105078,0,,,,,,,,,,SC,,,,,,
dataflow,IMF.STA:FSIC(13.0.1),R,COL,S12CFSI,FSI688_CFSI_PT,M,2009-M06,16.81195673207825,0,,,,,,,,,,SC,,,,,,
dataflow,IMF.STA:FSIC(13.0.1),R,COL,S12CFSI,FSI688_CFSI_PT,M,2009-M07,17.24664620113013,0,,,,,,,,,,SC,,,,,,
dataflow,IMF.STA:FSIC(13.0.1),R,COL,S12CFSI,FSI688_CFSI_PT,M,2009-M08,17.29610771218831,0,,,,,,,,,,SC,,,,,,
dataflow,IMF.STA:FSIC(13.0.1),R,COL,S12CFSI,FSI688_CFSI_PT,M,2009-M09,17.17481873597096,0,,,,,,,,,,SC,,,,,,
dataflow,IMF.STA:FSIC(13.0.1),R,COL,S12CFSI,FSI688_CFSI_PT,M,2009-M10,17.26713080216085,0,,,,,,,,,,SC,,,,,,
dataflow,IMF.STA:FSIC(13.0.1),R,COL,S12CFSI,FSI688_CFSI_PT,M,2009-M11,17.0073655794053,0,,,,,,,,,,SC,,,,,,
dataflow,IMF.STA:FSIC(13.0.1),R,COL,S12CFSI,FSI688_CFSI_PT,M,2009-M12,17.16218303010367,0,,,,,,,,,,SC,,,,,,
dataflow,IMF.STA:FSIC(13.0.1),R,COL,S12CFSI,FSI688_CFSI_PT,M,2010-M01,18.69873026303716,0,,,,,,,,,,SC,,,,,,
dataflow,IMF.STA:FSIC(13.0.1),R,COL,S12CFSI,FSI688_CFSI_PT,M,2010-M02,18.67858715499984,0,,,,,,,,,,SC,,,,,,
dataflow,IMF.STA:FSIC(13.0.1),R,COL,S12CFSI,FSI688_CFSI_PT,M,2010-M03,17.86538619390975,0,,,,,,,,,,SC,,,,,,
dataflow,IMF.STA:FSIC(13.0.1),R,COL,S12CFSI,FSI688_CFSI_PT,M,2010-M04,17.84692146978807,0,,,,,,,,,,SC,,,,,,
dataflow,IMF.STA:FSIC(13.0.1),R,COL,S12CFSI,FSI688_CFSI_PT,M,2010-M05,17.7972905194298,0,,,,,,,,,,SC,,,,,,
dataflow,IMF.STA:FSIC(13.0.1),R,COL,S12CFSI,FSI688_CFSI_PT,M,2010-M06,17.58237230456144,0,,,,,,,,,,SC,,,,,,
dataflow,IMF.STA:FSIC(13.0.1),R,COL,S12CFSI,FSI688_CFSI_PT,M,2010-M07,18.47912584996431,0,,,,,,,,,,SC,,,,,,
dataflow,IMF.STA:FSIC(13.0.1),R,COL,S12CFSI,FSI688_CFSI_PT,M,2010-M08,18.52412455546795,0,,,,,,,,,,SC,,,,,,
dataflow,IMF.STA:FSIC(13.0.1),R,COL,S12CFSI,FSI688_CFSI_PT,M,2010-M09,18.1049629273855,0,,,,,,,,,,SC,,,,,,
dataflow,IMF.STA:FSIC(13.0.1),R,COL,S12CFSI,FSI688_CFSI_PT,M,2010-M10,18.00738578583727,0,,,,,,,,,,SC,,,,,,
dataflow,IMF.STA:FSIC(13.0.1),R,COL,S12CFSI,FSI688_CFSI_PT,M,2010-M11,17.5670299615578,0,,,,,,,,,,SC,,,,,,
dataflow,IMF.STA:FSIC(13.0.1),R,COL,S12CFSI,FSI688_CFSI_PT,M,2010-M12,17.99334246854686,0,,,,,,,,,,SC,,,,,,
dataflow,IMF.STA:FSIC(13.0.1),R,COL,S12CFSI,FSI688_CFSI_PT,M,2011-M01,19.05979108386452,0,,,,,,,,,,SC,,,,,,
dataflow,IMF.STA:FSIC(13.0.1),R,COL,S12CFSI,FSI688_CFSI_PT,M,2011-M02,18.65522208311617,0,,,,,,,,,,SC,,,,,,
dataflow,IMF.STA:FSIC(13.0.1),R,COL,S12CFSI,FSI688_CFSI_PT,M,2011-M03,17.95286092669843,0,,,,,,,,,,SC,,,,,,
dataflow,IMF.STA:FSIC(13.0.1),R,COL,S12CFSI,FSI688_CFSI_PT,M,2011-M04,17.85209626170582,0,,,,,,,,,,SC,,,,,,
dataflow,IMF.STA:FSIC(13.0.1),R,COL,S12CFSI,FSI688_CFSI_PT,M,2011-M05,17.44720154595763,0,,,,,,,,,,SC,,,,,,
dataflow,IMF.STA:FSIC(13.0.1),R,COL,S12CFSI,FSI688_CFSI_PT,M,2011-M06,17.40643964848889,0,,,,,,,,,,SC,,,,,,
dataflow,IMF.STA:FSIC(13.0.1),R,COL,S12CFSI,FSI688_CFSI_PT,M,2011-M07,17.72742218760124,0,,,,,,,,,,SC,,,,,,
dataflow,IMF.STA:FSIC(13.0.1),R,COL,S12CFSI,FSI688_CFSI_PT,M,2011-M08,17.48158617303976,0,,,,,,,,,,SC,,,,,,
dataflow,IMF.STA:FSIC(13.0.1),R,COL,S12CFSI,FSI688_CFSI_PT,M,2011-M09,17.07251815894461,0,,,,,,,,,,SC,,,,,,
dataflow,IMF.STA:FSIC(13.0.1),R,COL,S12CFSI,FSI688_CFSI_PT,M,2011-M10,16.95053934747286,0,,,,,,,,,,SC,,,,,,
dataflow,IMF.STA:FSIC(13.0.1),R,COL,S12CFSI,FSI688_CFSI_PT,M,2011-M11,16.58665380016323,0,,,,,,,,,,SC,,,,,,
dataflow,IMF.STA:FSIC(13.0.1),R,COL,S12CFSI,FSI688_CFSI_PT,M,2011-M12,16.87813674706813,0,,,,,,,,,,SC,,,,,,
dataflow,IMF.STA:FSIC(13.0.1),R,COL,S12CFSI,FSI688_CFSI_PT,M,2012-M01,18.37896098394607,0,,,,,,,,,,SC,,,,,,
dataflow,IMF.STA:FSIC(13.0.1),R,COL,S12CFSI,FSI688_CFSI_PT,M,2012-M02,18.80591800130085,0,,,,,,,,,,SC,,,,,,
dataflow,IMF.STA:FSIC(13.0.1),R,COL,S12CFSI,FSI688_CFSI_PT,M,2012-M03,18.01779227486032,0,,,,,,,,,,SC,,,,,,
dataflow,IMF.STA:FSIC(13.0.1),R,COL,S12CFSI,FSI688_CFSI_PT,M,2012-M04,18.1124652393866,0,,,,,,,,,,SC,,,,,,
dataflow,IMF.STA:FSIC(13.0.1),R,COL,S12CFSI,FSI688_CFSI_PT,M,2012-M05,17.92862497043431,0,,,,,,,,,,SC,,,,,,
dataflow,IMF.STA:FSIC(13.0.1),R,COL,S12CFSI,FSI688_CFSI_PT,M,2012-M06,17.78693173467644,0,,,,,,,,,,SC,,,,,,
dataflow,IMF.STA:FSIC(13.0.1),R,COL,S12CFSI,FSI688_CFSI_PT,M,2012-M07,18.62822267543814,0,,,,,,,,,,SC,,,,,,
dataflow,IMF.STA:FSIC(13.0.1),R,COL,S12CFSI,FSI688_CFSI_PT,M,2012-M08,18.4169473626695,0,,,,,,,,,,SC,,,,,,
dataflow,IMF.STA:FSIC(13.0.1),R,COL,S12CFSI,FSI688_CFSI_PT,M,2012-M09,18.44817768403057,0,,,,,,,,,,SC,,,,,,
dataflow,IMF.STA:FSIC(13.0.1),R,COL,S12CFSI,FSI688_CFSI_PT,M,2012-M10,18.48100208824061,0,,,,,,,,,,SC,,,,,,
dataflow,IMF.STA:FSIC(13.0.1),R,COL,S12CFSI,FSI688_CFSI_PT,M,2012-M11,18.12040037193428,0,,,,,,,,,,SC,,,,,,
dataflow,IMF.STA:FSIC(13.0.1),R,COL,S12CFSI,FSI688_CFSI_PT,M,2012-M12,18.08002296465051,0,,,,,,,,,,SC,,,,,,
dataflow,IMF.STA:FSIC(13.0.1),R,COL,S12CFSI,FSI688_CFSI_PT,M,2013-M01,19.96032406926394,0,,,,,,,,,,SC,,,,,,
dataflow,IMF.STA:FSIC(13.0.1),R,COL,S12CFSI,FSI688_CFSI_PT,M,2013-M02,20.29137621163913,0,,,,,,,,,,SC,,,,,,
dataflow,IMF.STA:FSIC(13.0.1),R,COL,S12CFSI,FSI688_CFSI_PT,M,2013-M03,19.63025077902546,0,,,,,,,,,,SC,,,,,,
dataflow,IMF.STA:FSIC(13.0.1),R,COL,S12CFSI,FSI688_CFSI_PT,M,2013-M04,19.58383187265797,0,,,,,,,,,,SC,,,,,,
dataflow,IMF.STA:FSIC(13.0.1),R,COL,S12CFSI,FSI688_CFSI_PT,M,2013-M05,19.29564579931213,0,,,,,,,,,,SC,,,,,,
dataflow,IMF.STA:FSIC(13.0.1),R,COL,S12CFSI,FSI688_CFSI_PT,M,2013-M06,18.89288820554637,0,,,,,,,,,,SC,,,,,,
dataflow,IMF.STA:FSIC(13.0.1),R,COL,S12CFSI,FSI688_CFSI_PT,M,2013-M07,19.23579523809363,0,,,,,,,,,,SC,,,,,,
dataflow,IMF.STA:FSIC(13.0.1),R,COL,S12CFSI,FSI688_CFSI_PT,M,2013-M08,17.25873416068586,0,,,,,,,,,,SC,,,,,,
dataflow,IMF.STA:FSIC(13.0.1),R,COL,S12CFSI,FSI688_CFSI_PT,M,2013-M09,17.64923086366485,0,,,,,,,,,,SC,,,,,,
dataflow,IMF.STA:FSIC(13.0.1),R,COL,S12CFSI,FSI688_CFSI_PT,M,2013-M10,16.87510387245068,0,,,,,,,,,,SC,,,,,,
dataflow,IMF.STA:FSIC(13.0.1),R,COL,S12CFSI,FSI688_CFSI_PT,M,2013-M11,16.64922692457307,0,,,,,,,,,,SC,,,,,,
dataflow,IMF.STA:FSIC(13.0.1),R,COL,S12CFSI,FSI688_CFSI_PT,M,2013-M12,16.9633576168269,0,,,,,,,,,,SC,,,,,,
dataflow,IMF.STA:FSIC(13.0.1),R,COL,S12CFSI,FSI688_CFSI_PT,M,2014-M01,16.30457501228511,0,,,,,,,,,,SC,,,,,,
dataflow,IMF.STA:FSIC(13.0.1),R,COL,S12CFSI,FSI688_CFSI_PT,M,2014-M02,16.29214905391121,0,,,,,,,,,,SC,,,,,,
dataflow,IMF.STA:FSIC(13.0.1),R,COL,S12CFSI,FSI688_CFSI_PT,M,2014-M03,17.44701831910155,0,,,,,,,,,,SC,,,,,,
dataflow,IMF.STA:FSIC(13.0.1),R,COL,S12CFSI,FSI688_CFSI_PT,M,2014-M04,17.30377758482715,0,,,,,,,,,,SC,,,,,,
dataflow,IMF.STA:FSIC(13.0.1),R,COL,S12CFSI,FSI688_CFSI_PT,M,2014-M05,17.18825378255462,0,,,,,,,,,,SC,,,,,,
dataflow,IMF.STA:FSIC(13.0.1),R,COL,S12CFSI,FSI688_CFSI_PT,M,2014-M06,16.80294627003146,0,,,,,,,,,,SC,,,,,,
dataflow,IMF.STA:FSIC(13.0.1),R,COL,S12CFSI,FSI688_CFSI_PT,M,2014-M07,16.77817751657851,0,,,,,,,,,,SC,,,,,,
dataflow,IMF.STA:FSIC(13.0.1),R,COL,S12CFSI,FSI688_CFSI_PT,M,2014-M08,16.86493565597563,0,,,,,,,,,,SC,,,,,,
dataflow,IMF.STA:FSIC(13.0.1),R,COL,S12CFSI,FSI688_CFSI_PT,M,2014-M09,17.13831501594386,0,,,,,,,,,,SC,,,,,,
dataflow,IMF.STA:FSIC(13.0.1),R,COL,S12CFSI,FSI688_CFSI_PT,M,2014-M10,17.03806772832213,0,,,,,,,,,,SC,,,,,,
dataflow,IMF.STA:FSIC(13.0.1),R,COL,S12CFSI,FSI688_CFSI_PT,M,2014-M11,17.16878865089003,0,,,,,,,,,,SC,,,,,,
dataflow,IMF.STA:FSIC(13.0.1),R,COL,S12CFSI,FSI688_CFSI_PT,M,2014-M12,16.99843281984966,0,,,,,,,,,,SC,,,,,,
dataflow,IMF.STA:FSIC(13.0.1),R,COL,S12CFSI,FSI688_CFSI_PT,M,2015-M01,16.87703757821826,0,,,,,,,,,,SC,,,,,,
dataflow,IMF.STA:FSIC(13.0.1),R,COL,S12CFSI,FSI688_CFSI_PT,M,2015-M02,16.80326561420433,0,,,,,,,,,,SC,,,,,,
dataflow,IMF.STA:FSIC(13.0.1),R,COL,S12CFSI,FSI688_CFSI_PT,M,2015-M03,17.08224278958528,0,,,,,,,,,,SC,,,,,,
dataflow,IMF.STA:FSIC(13.0.1),R,COL,S12CFSI,FSI688_CFSI_PT,M,2015-M04,17.49187216907183,0,,,,,,,,,,SC,,,,,,
dataflow,IMF.STA:FSIC(13.0.1),R,COL,S12CFSI,FSI688_CFSI_PT,M,2015-M05,17.54501558456388,0,,,,,,,,,,SC,,,,,,
dataflow,IMF.STA:FSIC(13.0.1),R,COL,S12CFSI,FSI688_CFSI_PT,M,2015-M06,17.38025975761393,0,,,,,,,,,,SC,,,,,,
dataflow,IMF.STA:FSIC(13.0.1),R,COL,S12CFSI,FSI688_CFSI_PT,M,2015-M07,17.12187712861821,0,,,,,,,,,,SC,,,,,,
dataflow,IMF.STA:FSIC(13.0.1),R,COL,S12CFSI,FSI688_CFSI_PT,M,2015-M08,16.73526200518673,0,,,,,,,,,,SC,,,,,,
dataflow,IMF.STA:FSIC(13.0.1),R,COL,S12CFSI,FSI688_CFSI_PT,M,2015-M09,16.77503377776123,0,,,,,,,,,,SC,,,,,,
dataflow,IMF.STA:FSIC(13.0.1),R,COL,S12CFSI,FSI688_CFSI_PT,M,2015-M10,16.62349553330688,0,,,,,,,,,,SC,,,,,,
dataflow,IMF.STA:FSIC(13.0.1),R,COL,S12CFSI,FSI688_CFSI_PT,M,2015-M11,16.53797673267213,0,,,,,,,,,,SC,,,,,,
dataflow,IMF.STA:FSIC(13.0.1),R,COL,S12CFSI,FSI688_CFSI_PT,M,2015-M12,16.87455339192333,0,,,,,,,,,,SC,,,,,,
dataflow,IMF.STA:FSIC(13.0.1),R,COL,S12CFSI,FSI688_CFSI_PT,M,2016-M01,16.58421028750985,0,,,,,,,,,,SC,,,,,,
dataflow,IMF.STA:FSIC(13.0.1),R,COL,S12CFSI,FSI688_CFSI_PT,M,2016-M02,16.48784653775367,0,,,,,,,,,,SC,,,,,,
dataflow,IMF.STA:FSIC(13.0.1),R,COL,S12CFSI,FSI688_CFSI_PT,M,2016-M03,17.08827168896202,0,,,,,,,,,,SC,,,,,,
dataflow,IMF.STA:FSIC(13.0.1),R,COL,S12CFSI,FSI688_CFSI_PT,M,2016-M04,17.19915741071003,0,,,,,,,,,,SC,,,,,,
dataflow,IMF.STA:FSIC(13.0.1),R,COL,S12CFSI,FSI688_CFSI_PT,M,2016-M05,17.79710316146598,0,,,,,,,,,,SC,,,,,,
dataflow,IMF.STA:FSIC(13.0.1),R,COL,S12CFSI,FSI688_CFSI_PT,M,2016-M06,17.70061763562351,0,,,,,,,,,,SC,,,,,,
dataflow,IMF.STA:FSIC(13.0.1),R,COL,S12CFSI,FSI688_CFSI_PT,M,2016-M07,17.18598354018893,0,,,,,,,,,,SC,,,,,,
dataflow,IMF.STA:FSIC(13.0.1),R,COL,S12CFSI,FSI688_CFSI_PT,M,2016-M08,17.1668253854083,0,,,,,,,,,,SC,,,,,,
dataflow,IMF.STA:FSIC(13.0.1),R,COL,S12CFSI,FSI688_CFSI_PT,M,2016-M09,17.7920201701188,0,,,,,,,,,,SC,,,,,,
dataflow,IMF.STA:FSIC(13.0.1),R,COL,S12CFSI,FSI688_CFSI_PT,M,2016-M10,17.74130183487194,0,,,,,,,,,,SC,,,,,,
dataflow,IMF.STA:FSIC(13.0.1),R,COL,S12CFSI,FSI688_CFSI_PT,M,2016-M11,17.55179849345087,0,,,,,,,,,,SC,,,,,,
dataflow,IMF.STA:FSIC(13.0.1),R,COL,S12CFSI,FSI688_CFSI_PT,M,2016-M12,17.51516959115339,0,,,,,,,,,,SC,,,,,,
dataflow,IMF.STA:FSIC(13.0.1),R,COL,S12CFSI,FSI688_CFSI_PT,M,2017-M01,17.62485612925993,0,,,,,,,,,,SC,,,,,,
dataflow,IMF.STA:FSIC(13.0.1),R,COL,S12CFSI,FSI688_CFSI_PT,M,2017-M02,17.56770098142191,0,,,,,,,,,,SC,,,,,,
dataflow,IMF.STA:FSIC(13.0.1),R,COL,S12CFSI,FSI688_CFSI_PT,M,2017-M03,18.25201942043022,0,,,,,,,,,,SC,,,,,,
dataflow,IMF.STA:FSIC(13.0.1),R,COL,S12CFSI,FSI688_CFSI_PT,M,2017-M04,18.58664130816804,0,,,,,,,,,,SC,,,,,,
dataflow,IMF.STA:FSIC(13.0.1),R,COL,S12CFSI,FSI688_CFSI_PT,M,2017-M05,18.59890816440384,0,,,,,,,,,,SC,,,,,,
dataflow,IMF.STA:FSIC(13.0.1),R,COL,S12CFSI,FSI688_CFSI_PT,M,2017-M06,18.57001947881399,0,,,,,,,,,,SC,,,,,,
dataflow,IMF.STA:FSIC(13.0.1),R,COL,S12CFSI,FSI688_CFSI_PT,M,2017-M07,18.47668320801496,0,,,,,,,,,,SC,,,,,,
dataflow,IMF.STA:FSIC(13.0.1),R,COL,S12CFSI,FSI688_CFSI_PT,M,2017-M08,18.43496502184536,0,,,,,,,,,,SC,,,,,,
dataflow,IMF.STA:FSIC(13.0.1),R,COL,S12CFSI,FSI688_CFSI_PT,M,2017-M09,18.03458572445151,0,,,,,,,,,,SC,,,,,,
dataflow,IMF.STA:FSIC(13.0.1),R,COL,S12CFSI,FSI688_CFSI_PT,M,2017-M10,18.54623588544472,0,,,,,,,,,,SC,,,,,,
dataflow,IMF.STA:FSIC(13.0.1),R,COL,S12CFSI,FSI688_CFSI_PT,M,2017-M11,18.62341042344239,0,,,,,,,,,,SC,,,,,,
dataflow,IMF.STA:FSIC(13.0.1),R,COL,S12CFSI,FSI688_CFSI_PT,M,2017-M12,18.63124593422243,0,,,,,,,,,,SC,,,,,,
dataflow,IMF.STA:FSIC(13.0.1),R,COL,S12CFSI,FSI688_CFSI_PT,M,2018-M01,17.78764589395528,0,,,,,,,,,,SC,,,,,,
dataflow,IMF.STA:FSIC(13.0.1),R,COL,S12CFSI,FSI688_CFSI_PT,M,2018-M02,17.59310480442495,0,,,,,,,,,,SC,,,,,,
dataflow,IMF.STA:FSIC(13.0.1),R,COL,S12CFSI,FSI688_CFSI_PT,M,2018-M03,17.99303842445134,0,,,,,,,,,,SC,,,,,,
dataflow,IMF.STA:FSIC(13.0.1),R,COL,S12CFSI,FSI688_CFSI_PT,M,2018-M04,17.95387681392949,0,,,,,,,,,,SC,,,,,,
dataflow,IMF.STA:FSIC(13.0.1),R,COL,S12CFSI,FSI688_CFSI_PT,M,2018-M05,17.86105451045461,0,,,,,,,,,,SC,,,,,,
dataflow,IMF.STA:FSIC(13.0.1),R,COL,S12CFSI,FSI688_CFSI_PT,M,2018-M06,17.94087089284143,0,,,,,,,,,,SC,,,,,,
dataflow,IMF.STA:FSIC(13.0.1),R,COL,S12CFSI,FSI688_CFSI_PT,M,2018-M07,17.8361302783292,0,,,,,,,,,,SC,,,,,,
dataflow,IMF.STA:FSIC(13.0.1),R,COL,S12CFSI,FSI688_CFSI_PT,M,2018-M08,18.02776906961435,0,,,,,,,,,,SC,,,,,,
dataflow,IMF.STA:FSIC(13.0.1),R,COL,S12CFSI,FSI688_CFSI_PT,M,2018-M09,18.04673735990203,0,,,,,,,,,,SC,,,,,,
dataflow,IMF.STA:FSIC(13.0.1),R,COL,S12CFSI,FSI688_CFSI_PT,M,2018-M10,18.02761315981385,0,,,,,,,,,,SC,,,,,,
dataflow,IMF.STA:FSIC(13.0.1),R,COL,S12CFSI,FSI688_CFSI_PT,M,2018-M11,17.90640337528718,0,,,,,,,,,,SC,,,,,,
dataflow,IMF.STA:FSIC(13.0.1),R,COL,S12CFSI,FSI688_CFSI_PT,M,2018-M12,17.7667898571469,0,,,,,,,,,,SC,,,,,,
dataflow,IMF.STA:FSIC(13.0.1),R,COL,S12CFSI,FSI688_CFSI_PT,M,2019-M01,17.67721533222544,0,,,,,,,,,,SC,,,,,,
dataflow,IMF.STA:FSIC(13.0.1),R,COL,S12CFSI,FSI688_CFSI_PT,M,2019-M02,17.45745026714557,0,,,,,,,,,,SC,,,,,,
dataflow,IMF.STA:FSIC(13.0.1),R,COL,S12CFSI,FSI688_CFSI_PT,M,2019-M03,17.57069325340745,0,,,,,,,,,,SC,,,,,,
dataflow,IMF.STA:FSIC(13.0.1),R,COL,S12CFSI,FSI688_CFSI_PT,M,2019-M04,17.44159322134373,0,,,,,,,,,,SC,,,,,,
dataflow,IMF.STA:FSIC(13.0.1),R,COL,S12CFSI,FSI688_CFSI_PT,M,2019-M05,17.37312269872541,0,,,,,,,,,,SC,,,,,,
dataflow,IMF.STA:FSIC(13.0.1),R,COL,S12CFSI,FSI688_CFSI_PT,M,2019-M06,17.36958183546773,0,,,,,,,,,,SC,,,,,,
dataflow,IMF.STA:FSIC(13.0.1),R,COL,S12CFSI,FSI688_CFSI_PT,M,2019-M07,17.37736553121447,0,,,,,,,,,,SC,,,,,,
dataflow,IMF.STA:FSIC(13.0.1),R,COL,S12CFSI,FSI688_CFSI_PT,M,2019-M08,17.25192250743501,0,,,,,,,,,,SC,,,,,,
dataflow,IMF.STA:FSIC(13.0.1),R,COL,S12CFSI,FSI688_CFSI_PT,M,2019-M09,17.16101278528139,0,,,,,,,,,,SC,,,,,,
dataflow,IMF.STA:FSIC(13.0.1),R,COL,S12CFSI,FSI688_CFSI_PT,M,2019-M10,17.04585069277786,0,,,,,,,,,,SC,,,,,,
dataflow,IMF.STA:FSIC(13.0.1),R,COL,S12CFSI,FSI688_CFSI_PT,M,2019-M11,16.68834466960704,0,,,,,,,,,,SC,,,,,,
dataflow,IMF.STA:FSIC(13.0.1),R,COL,S12CFSI,FSI688_CFSI_PT,M,2019-M12,16.91056039799587,0,,,,,,,,,,SC,,,,,,
dataflow,IMF.STA:FSIC(13.0.1),R,COL,S12CFSI,FSI688_CFSI_PT,M,2020-M01,16.93206310272306,0,,,,,,,,,,SC,,,,,,
dataflow,IMF.STA:FSIC(13.0.1),R,COL,S12CFSI,FSI688_CFSI_PT,M,2020-M02,16.7418945134854,0,,,,,,,,,,SC,,,,,,
dataflow,IMF.STA:FSIC(13.0.1),R,COL,S12CFSI,FSI688_CFSI_PT,M,2020-M03,16.28254188651927,0,,,,,,,,,,SC,,,,,,
dataflow,IMF.STA:FSIC(13.0.1),R,COL,S12CFSI,FSI688_CFSI_PT,M,2020-M04,16.01433348393466,0,,,,,,,,,,SC,,,,,,
dataflow,IMF.STA:FSIC(13.0.1),R,COL,S12CFSI,FSI688_CFSI_PT,M,2020-M05,15.97730934732243,0,,,,,,,,,,SC,,,,,,
dataflow,IMF.STA:FSIC(13.0.1),R,COL,S12CFSI,FSI688_CFSI_PT,M,2020-M06,15.71482096079832,0,,,,,,,,,,SC,,,,,,
dataflow,IMF.STA:FSIC(13.0.1),R,COL,S12CFSI,FSI688_CFSI_PT,M,2020-M07,17.64182899946764,0,,,,,,,,,,SC,,,,,,
dataflow,IMF.STA:FSIC(13.0.1),R,COL,S12CFSI,FSI688_CFSI_PT,M,2020-M08,18.1693491379528,0,,,,,,,,,,SC,,,,,,
dataflow,IMF.STA:FSIC(13.0.1),R,COL,S12CFSI,FSI688_CFSI_PT,M,2020-M09,18.51374689090292,0,,,,,,,,,,SC,,,,,,
dataflow,IMF.STA:FSIC(13.0.1),R,COL,S12CFSI,FSI688_CFSI_PT,M,2020-M10,18.64786970713558,0,,,,,,,,,,SC,,,,,,
dataflow,IMF.STA:FSIC(13.0.1),R,COL,S12CFSI,FSI688_CFSI_PT,M,2020-M11,18.57994476493067,0,,,,,,,,,,SC,,,,,,
dataflow,IMF.STA:FSIC(13.0.1),R,COL,S12CFSI,FSI688_CFSI_PT,M,2020-M12,19.17001307073653,0,,,,,,,,,,SC,,,,,,
dataflow,IMF.STA:FSIC(13.0.1),R,COL,S12CFSI,FSI688_CFSI_PT,M,2021-M01,21.88378265543567,0,,,,,,,,,,SC,,,,,,
dataflow,IMF.STA:FSIC(13.0.1),R,COL,S12CFSI,FSI688_CFSI_PT,M,2021-M02,21.64217189979574,0,,,,,,,,,,SC,,,,,,
dataflow,IMF.STA:FSIC(13.0.1),R,COL,S12CFSI,FSI688_CFSI_PT,M,2021-M03,21.42486495860738,0,,,,,,,,,,SC,,,,,,
dataflow,IMF.STA:FSIC(13.0.1),R,COL,S12CFSI,FSI688_CFSI_PT,M,2021-M04,21.93574019866826,0,,,,,,,,,,SC,,,,,,
dataflow,IMF.STA:FSIC(13.0.1),R,COL,S12CFSI,FSI688_CFSI_PT,M,2021-M05,22.23894996242035,0,,,,,,,,,,SC,,,,,,
dataflow,IMF.STA:FSIC(13.0.1),R,COL,S12CFSI,FSI688_CFSI_PT,M,2021-M06,22.12159195177799,0,,,,,,,,,,SC,,,,,,
dataflow,IMF.STA:FSIC(13.0.1),R,COL,S12CFSI,FSI688_CFSI_PT,M,2021-M07,22.10140808315581,0,,,,,,,,,,SC,,,,,,
dataflow,IMF.STA:FSIC(13.0.1),R,COL,S12CFSI,FSI688_CFSI_PT,M,2021-M08,22.23313983086913,0,,,,,,,,,,SC,,,,,,
dataflow,IMF.STA:FSIC(13.0.1),R,COL,S12CFSI,FSI688_CFSI_PT,M,2021-M09,22.0287847295127,0,,,,,,,,,,SC,,,,,,
dataflow,IMF.STA:FSIC(13.0.1),R,COL,S12CFSI,FSI688_CFSI_PT,M,2021-M10,22.10357924170036,0,,,,,,,,,,SC,,,,,,
dataflow,IMF.STA:FSIC(13.0.1),R,COL,S12CFSI,FSI688_CFSI_PT,M,2021-M11,22.02774056570855,0,,,,,,,,,,SC,,,,,,
dataflow,IMF.STA:FSIC(13.0.1),R,COL,S12CFSI,FSI688_CFSI_PT,M,2021-M12,22.24423966399631,0,,,,,,,,,,SC,,,,,,
dataflow,IMF.STA:FSIC(13.0.1),R,COL,S12CFSI,FSI688_CFSI_PT,M,2022-M01,21.55148756838556,0,,,,,,,,,,SC,,,,,,
dataflow,IMF.STA:FSIC(13.0.1),R,COL,S12CFSI,FSI688_CFSI_PT,M,2022-M02,21.14337791930066,0,,,,,,,,,,SC,,,,,,
dataflow,IMF.STA:FSIC(13.0.1),R,COL,S12CFSI,FSI688_CFSI_PT,M,2022-M03,18.30590094477254,0,,,,,,,,,,SC,,,,,,
dataflow,IMF.STA:FSIC(13.0.1),R,COL,S12CFSI,FSI688_CFSI_PT,M,2022-M04,18.28172180926253,0,,,,,,,,,,SC,,,,,,
dataflow,IMF.STA:FSIC(13.0.1),R,COL,S12CFSI,FSI688_CFSI_PT,M,2022-M05,18.20775106768888,0,,,,,,,,,,SC,,,,,,
dataflow,IMF.STA:FSIC(13.0.1),R,COL,S12CFSI,FSI688_CFSI_PT,M,2022-M06,18.02639310663239,0,,,,,,,,,,SC,,,,,,
dataflow,IMF.STA:FSIC(13.0.1),R,COL,S12CFSI,FSI688_CFSI_PT,M,2022-M07,17.90962768544704,0,,,,,,,,,,SC,,,,,,
dataflow,IMF.STA:FSIC(13.0.1),R,COL,S12CFSI,FSI688_CFSI_PT,M,2022-M08,18.23015076862523,0,,,,,,,,,,SC,,,,,,
dataflow,IMF.STA:FSIC(13.0.1),R,COL,S12CFSI,FSI688_CFSI_PT,M,2022-M09,18.41280471980736,0,,,,,,,,,,SC,,,,,,
dataflow,IMF.STA:FSIC(13.0.1),R,COL,S12CFSI,FSI688_CFSI_PT,M,2022-M10,18.21773891584203,0,,,,,,,,,,SC,,,,,,
dataflow,IMF.STA:FSIC(13.0.1),R,COL,S12CFSI,FSI688_CFSI_PT,M,2022-M11,18.36688703847261,0,,,,,,,,,,SC,,,,,,
dataflow,IMF.STA:FSIC(13.0.1),R,COL,S12CFSI,FSI688_CFSI_PT,M,2022-M12,18.93743960546595,0,,,,,,,,,,SC,,,,,,
dataflow,IMF.STA:FSIC(13.0.1),R,COL,S12CFSI,FSI688_CFSI_PT,M,2023-M01,18.57179725293482,0,,,,,,,,,,SC,,,,,,
dataflow,IMF.STA:FSIC(13.0.1),R,COL,S12CFSI,FSI688_CFSI_PT,M,2023-M02,18.43842471124924,0,,,,,,,,,,SC,,,,,,
dataflow,IMF.STA:FSIC(13.0.1),R,COL,S12CFSI,FSI688_CFSI_PT,M,2023-M03,18.35708163256556,0,,,,,,,,,,SC,,,,,,
dataflow,IMF.STA:FSIC(13.0.1),R,COL,S12CFSI,FSI688_CFSI_PT,M,2023-M04,18.14878237376078,0,,,,,,,,,,SC,,,,,,
dataflow,IMF.STA:FSIC(13.0.1),R,COL,S12CFSI,FSI688_CFSI_PT,M,2023-M05,18.02872193606426,0,,,,,,,,,,SC,,,,,,
dataflow,IMF.STA:FSIC(13.0.1),R,COL,S12CFSI,FSI688_CFSI_PT,M,2023-M06,18.03298422299628,0,,,,,,,,,,SC,,,,,,
dataflow,IMF.STA:FSIC(13.0.1),R,COL,S12CFSI,FSI688_CFSI_PT,M,2023-M07,17.90298285747718,0,,,,,,,,,,SC,,,,,,
dataflow,IMF.STA:FSIC(13.0.1),R,COL,S12CFSI,FSI688_CFSI_PT,M,2023-M08,17.82275870098427,0,,,,,,,,,,SC,,,,,,
dataflow,IMF.STA:FSIC(13.0.1),R,COL,S12CFSI,FSI688_CFSI_PT,M,2023-M09,17.82447094196139,0,,,,,,,,,,SC,,,,,,
dataflow,IMF.STA:FSIC(13.0.1),R,COL,S12CFSI,FSI688_CFSI_PT,M,2023-M10,17.9089012946481,0,,,,,,,,,,SC,,,,,,
dataflow,IMF.STA:FSIC(13.0.1),R,COL,S12CFSI,FSI688_CFSI_PT,M,2023-M11,17.89737374052216,0,,,,,,,,,,SC,,,,,,
dataflow,IMF.STA:FSIC(13.0.1),R,COL,S12CFSI,FSI688_CFSI_PT,M,2023-M12,18.47081262453224,0,,,,,,,,,,SC,,,,,,
dataflow,IMF.STA:FSIC(13.0.1),R,COL,S12CFSI,FSI688_CFSI_PT,M,2024-M01,18.61894079870565,0,,,,,,,,,,SC,,,,,,
dataflow,IMF.STA:FSIC(13.0.1),R,COL,S12CFSI,FSI688_CFSI_PT,M,2024-M02,18.54181066332484,0,,,,,,,,,,SC,,,,,,
dataflow,IMF.STA:FSIC(13.0.1),R,COL,S12CFSI,FSI688_CFSI_PT,M,2024-M03,17.98744856845329,0,,,,,,,,,,SC,,,,,,
dataflow,IMF.STA:FSIC(13.0.1),R,COL,S12CFSI,FSI688_CFSI_PT,M,2024-M04,18.12237124281269,0,,,,,,,,,,SC,,,,,,
dataflow,IMF.STA:FSIC(13.0.1),R,COL,S12CFSI,FSI688_CFSI_PT,M,2024-M05,18.09183467834177,0,,,,,,,,,,SC,,,,,,
dataflow,IMF.STA:FSIC(13.0.1),R,COL,S12CFSI,FSI688_CFSI_PT,M,2024-M06,18.04459459941689,0,,,,,,,,,,SC,,,,,,
dataflow,IMF.STA:FSIC(13.0.1),R,COL,S12CFSI,FSI688_CFSI_PT,M,2024-M07,18.6212830089068,0,,,,,,,,,,SC,,,,,,
dataflow,IMF.STA:FSIC(13.0.1),R,COL,S12CFSI,FSI688_CFSI_PT,M,2024-M08,18.85515314145282,0,,,,,,,,,,SC,,,,,,
dataflow,IMF.STA:FSIC(13.0.1),R,COL,S12CFSI,FSI688_CFSI_PT,M,2024-M09,19.20386638363974,0,,,,,,,,,,SC,,,,,,
dataflow,IMF.STA:FSIC(13.0.1),R,COL,S12CFSI,FSI688_CFSI_PT,M,2024-M10,18.92907888086629,0,,,,,,,,,,SC,,,,,,
dataflow,IMF.STA:FSIC(13.0.1),R,COL,S12CFSI,FSI688_CFSI_PT,M,2024-M11,18.90809858985137,0,,,,,,,,,,SC,,,,,,
dataflow,IMF.STA:FSIC(13.0.1),R,COL,S12CFSI,FSI688_CFSI_PT,M,2024-M12,18.88039006059617,0,,,,,,,,,,SC,,,,,,
dataflow,IMF.STA:FSIC(13.0.1),R,COL,S12CFSI,FSI688_CFSI_PT,M,2025-M01,19.03087824576775,0,,,,,,,,,,SC,,,,,,
dataflow,IMF.STA:FSIC(13.0.1),R,COL,S12CFSI,FSI688_CFSI_PT,M,2025-M02,18.93369132711915,0,,,,,,,,,,SC,,,,,,
dataflow,IMF.STA:FSIC(13.0.1),R,COL,S12CFSI,FSI688_CFSI_PT,M,2025-M03,18.43235578762065,0,,,,,,,,,,SC,,,,,,
dataflow,IMF.STA:FSIC(13.0.1),R,COL,S12CFSI,FSI688_CFSI_PT,M,2025-M04,18.6431392723382,0,,,,,,,,,,SC,,,,,,
dataflow,IMF.STA:FSIC(13.0.1),R,COL,S12CFSI,FSI688_CFSI_PT,M,2025-M05,17.49508823049825,0,,,,,,,,,,SC,,,,,,
dataflow,IMF.STA:FSIC(13.0.1),R,COL,S12CFSI,FSI688_CFSI_PT,M,2025-M06,17.32707529672974,0,,,,,,,,,,SC,,,,,,
dataflow,IMF.STA:FSIC(13.0.1),R,COL,S12CFSI,FSI688_CFSI_PT,M,2025-M07,17.95941932997952,0,,,,,,,,,,SC,,,,,,
dataflow,IMF.STA:FSIC(13.0.1),R,COL,S12CFSI,FSI688_CFSI_PT,M,2025-M08,18.08620592342895,0,,,,,,,,,,SC,,,,,,
dataflow,IMF.STA:FSIC(13.0.1),R,COL,S12CFSI,FSI688_CFSI_PT,M,2025-M09,18.32255922632618,0,,,,,,,,,,SC,,,,,,
dataflow,IMF.STA:FSIC(13.0.1),R,COL,S12CFSI,FSI688_CFSI_PT,M,2025-M10,18.41017830289612,0,,,,,,,,,,SC,,,,,,
dataflow,IMF.STA:FSIC(13.0.1),R,COL,S12CFSI,FSI688_CFSI_PT,M,2025-M11,18.15377065518227,0,,,,,,,,,,SC,,,,,,
dataflow,IMF.STA:FSIC(13.0.1),R,COL,S12CFSI,FSI688_CFSI_PT,M,2025-M12,18.17168325545222,0,,,,,,,,,,SC,,,,,,
dataflow,IMF.STA:FSIC(13.0.1),R,COL,S12CFSI,FSI688_CFSI_PT,M,2026-M01,18.0853984801082,0,,,,,,,,,,SC,,,,,,
dataflow,IMF.STA:FSIC(13.0.1),R,COL,S12CFSI,FSI688_CFSI_PT,M,2026-M02,17.97517081898425,0,,,,,,,,,,SC,,,,,,
dataflow,IMF.STA:FSIC(13.0.1),R,COL,S12CFSI,FSI688_CFSI_PT,M,2026-M03,17.3985488739045,0,,,,,,,,,,SC,,,,,,
dataflow,IMF.STA:FSIC(13.0.1),R,COL,S12CFSI,FSI688_CFSI_PT,Q,2005-Q1,18.28871458128107,0,,,,,,,,,,SC,,,,,,
dataflow,IMF.STA:FSIC(13.0.1),R,COL,S12CFSI,FSI688_CFSI_PT,Q,2005-Q2,17.7156187998054,0,,,,,,,,,,SC,,,,,,
dataflow,IMF.STA:FSIC(13.0.1),R,COL,S12CFSI,FSI688_CFSI_PT,Q,2005-Q3,17.60895897973682,0,,,,,,,,,,SC,,,,,,
dataflow,IMF.STA:FSIC(13.0.1),R,COL,S12CFSI,FSI688_CFSI_PT,Q,2005-Q4,17.28967630109505,0,,,,,,,,,,SC,,,,,,
dataflow,IMF.STA:FSIC(13.0.1),R,COL,S12CFSI,FSI688_CFSI_PT,Q,2006-Q1,18.76376365461777,0,,,,,,,,,,SC,,,,,,
dataflow,IMF.STA:FSIC(13.0.1),R,COL,S12CFSI,FSI688_CFSI_PT,Q,2006-Q2,15.81917960843785,0,,,,,,,,,,SC,,,,,,
dataflow,IMF.STA:FSIC(13.0.1),R,COL,S12CFSI,FSI688_CFSI_PT,Q,2006-Q3,15.80736824932539,0,,,,,,,,,,SC,,,,,,
dataflow,IMF.STA:FSIC(13.0.1),R,COL,S12CFSI,FSI688_CFSI_PT,Q,2006-Q4,15.43894294939417,0,,,,,,,,,,SC,,,,,,
dataflow,IMF.STA:FSIC(13.0.1),R,COL,S12CFSI,FSI688_CFSI_PT,Q,2007-Q1,16.78545374255572,0,,,,,,,,,,SC,,,,,,
dataflow,IMF.STA:FSIC(13.0.1),R,COL,S12CFSI,FSI688_CFSI_PT,Q,2007-Q2,16.60070911871247,0,,,,,,,,,,SC,,,,,,
dataflow,IMF.STA:FSIC(13.0.1),R,COL,S12CFSI,FSI688_CFSI_PT,Q,2007-Q3,15.96090931068657,0,,,,,,,,,,SC,,,,,,
dataflow,IMF.STA:FSIC(13.0.1),R,COL,S12CFSI,FSI688_CFSI_PT,Q,2007-Q4,15.93144127299713,0,,,,,,,,,,SC,,,,,,
dataflow,IMF.STA:FSIC(13.0.1),R,COL,S12CFSI,FSI688_CFSI_PT,Q,2008-Q1,16.18984366901583,0,,,,,,,,,,SC,,,,,,
dataflow,IMF.STA:FSIC(13.0.1),R,COL,S12CFSI,FSI688_CFSI_PT,Q,2008-Q2,16.39988488029507,0,,,,,,,,,,SC,,,,,,
dataflow,IMF.STA:FSIC(13.0.1),R,COL,S12CFSI,FSI688_CFSI_PT,Q,2008-Q3,15.85965842704048,0,,,,,,,,,,SC,,,,,,
dataflow,IMF.STA:FSIC(13.0.1),R,COL,S12CFSI,FSI688_CFSI_PT,Q,2008-Q4,15.42662285171629,0,,,,,,,,,,SC,,,,,,
dataflow,IMF.STA:FSIC(13.0.1),R,COL,S12CFSI,FSI688_CFSI_PT,Q,2009-Q1,16.61915346247458,0,,,,,,,,,,SC,,,,,,
dataflow,IMF.STA:FSIC(13.0.1),R,COL,S12CFSI,FSI688_CFSI_PT,Q,2009-Q2,16.81195673207825,0,,,,,,,,,,SC,,,,,,
dataflow,IMF.STA:FSIC(13.0.1),R,COL,S12CFSI,FSI688_CFSI_PT,Q,2009-Q3,17.17481873597096,0,,,,,,,,,,SC,,,,,,
dataflow,IMF.STA:FSIC(13.0.1),R,COL,S12CFSI,FSI688_CFSI_PT,Q,2009-Q4,17.16218303010367,0,,,,,,,,,,SC,,,,,,
dataflow,IMF.STA:FSIC(13.0.1),R,COL,S12CFSI,FSI688_CFSI_PT,Q,2010-Q1,17.86538619390975,0,,,,,,,,,,SC,,,,,,
dataflow,IMF.STA:FSIC(13.0.1),R,COL,S12CFSI,FSI688_CFSI_PT,Q,2010-Q2,17.58237230456144,0,,,,,,,,,,SC,,,,,,
dataflow,IMF.STA:FSIC(13.0.1),R,COL,S12CFSI,FSI688_CFSI_PT,Q,2010-Q3,18.1049629273855,0,,,,,,,,,,SC,,,,,,
dataflow,IMF.STA:FSIC(13.0.1),R,COL,S12CFSI,FSI688_CFSI_PT,Q,2010-Q4,17.99334246854686,0,,,,,,,,,,SC,,,,,,
dataflow,IMF.STA:FSIC(13.0.1),R,COL,S12CFSI,FSI688_CFSI_PT,Q,2011-Q1,17.95286092669843,0,,,,,,,,,,SC,,,,,,
dataflow,IMF.STA:FSIC(13.0.1),R,COL,S12CFSI,FSI688_CFSI_PT,Q,2011-Q2,17.40643964848889,0,,,,,,,,,,SC,,,,,,
dataflow,IMF.STA:FSIC(13.0.1),R,COL,S12CFSI,FSI688_CFSI_PT,Q,2011-Q3,17.07251815894461,0,,,,,,,,,,SC,,,,,,
dataflow,IMF.STA:FSIC(13.0.1),R,COL,S12CFSI,FSI688_CFSI_PT,Q,2011-Q4,16.87813674706813,0,,,,,,,,,,SC,,,,,,
dataflow,IMF.STA:FSIC(13.0.1),R,COL,S12CFSI,FSI688_CFSI_PT,Q,2012-Q1,18.01779227486032,0,,,,,,,,,,SC,,,,,,
dataflow,IMF.STA:FSIC(13.0.1),R,COL,S12CFSI,FSI688_CFSI_PT,Q,2012-Q2,17.78693173467644,0,,,,,,,,,,SC,,,,,,
dataflow,IMF.STA:FSIC(13.0.1),R,COL,S12CFSI,FSI688_CFSI_PT,Q,2012-Q3,18.44817768403057,0,,,,,,,,,,SC,,,,,,
dataflow,IMF.STA:FSIC(13.0.1),R,COL,S12CFSI,FSI688_CFSI_PT,Q,2012-Q4,18.08002296465051,0,,,,,,,,,,SC,,,,,,
dataflow,IMF.STA:FSIC(13.0.1),R,COL,S12CFSI,FSI688_CFSI_PT,Q,2013-Q1,19.63025077902546,0,,,,,,,,,,SC,,,,,,
dataflow,IMF.STA:FSIC(13.0.1),R,COL,S12CFSI,FSI688_CFSI_PT,Q,2013-Q2,18.89288820554637,0,,,,,,,,,,SC,,,,,,
dataflow,IMF.STA:FSIC(13.0.1),R,COL,S12CFSI,FSI688_CFSI_PT,Q,2013-Q3,17.64923086366485,0,,,,,,,,,,SC,,,,,,
dataflow,IMF.STA:FSIC(13.0.1),R,COL,S12CFSI,FSI688_CFSI_PT,Q,2013-Q4,16.9633576168269,0,,,,,,,,,,SC,,,,,,
dataflow,IMF.STA:FSIC(13.0.1),R,COL,S12CFSI,FSI688_CFSI_PT,Q,2014-Q1,17.44701831910155,0,,,,,,,,,,SC,,,,,,
dataflow,IMF.STA:FSIC(13.0.1),R,COL,S12CFSI,FSI688_CFSI_PT,Q,2014-Q2,16.80294627003146,0,,,,,,,,,,SC,,,,,,
dataflow,IMF.STA:FSIC(13.0.1),R,COL,S12CFSI,FSI688_CFSI_PT,Q,2014-Q3,17.13831501594386,0,,,,,,,,,,SC,,,,,,
dataflow,IMF.STA:FSIC(13.0.1),R,COL,S12CFSI,FSI688_CFSI_PT,Q,2014-Q4,16.99843281984966,0,,,,,,,,,,SC,,,,,,
dataflow,IMF.STA:FSIC(13.0.1),R,COL,S12CFSI,FSI688_CFSI_PT,Q,2015-Q1,17.08224278958528,0,,,,,,,,,,SC,,,,,,
dataflow,IMF.STA:FSIC(13.0.1),R,COL,S12CFSI,FSI688_CFSI_PT,Q,2015-Q2,17.38025975761393,0,,,,,,,,,,SC,,,,,,
dataflow,IMF.STA:FSIC(13.0.1),R,COL,S12CFSI,FSI688_CFSI_PT,Q,2015-Q3,16.77503377776123,0,,,,,,,,,,SC,,,,,,
dataflow,IMF.STA:FSIC(13.0.1),R,COL,S12CFSI,FSI688_CFSI_PT,Q,2015-Q4,16.87455339192333,0,,,,,,,,,,SC,,,,,,
dataflow,IMF.STA:FSIC(13.0.1),R,COL,S12CFSI,FSI688_CFSI_PT,Q,2016-Q1,17.08827168896202,0,,,,,,,,,,SC,,,,,,
dataflow,IMF.STA:FSIC(13.0.1),R,COL,S12CFSI,FSI688_CFSI_PT,Q,2016-Q2,17.70061763562351,0,,,,,,,,,,SC,,,,,,
dataflow,IMF.STA:FSIC(13.0.1),R,COL,S12CFSI,FSI688_CFSI_PT,Q,2016-Q3,17.7920201701188,0,,,,,,,,,,SC,,,,,,
dataflow,IMF.STA:FSIC(13.0.1),R,COL,S12CFSI,FSI688_CFSI_PT,Q,2016-Q4,17.51516959115339,0,,,,,,,,,,SC,,,,,,
dataflow,IMF.STA:FSIC(13.0.1),R,COL,S12CFSI,FSI688_CFSI_PT,Q,2017-Q1,18.25201942043022,0,,,,,,,,,,SC,,,,,,
dataflow,IMF.STA:FSIC(13.0.1),R,COL,S12CFSI,FSI688_CFSI_PT,Q,2017-Q2,18.57001947881399,0,,,,,,,,,,SC,,,,,,
dataflow,IMF.STA:FSIC(13.0.1),R,COL,S12CFSI,FSI688_CFSI_PT,Q,2017-Q3,18.03458572445151,0,,,,,,,,,,SC,,,,,,
dataflow,IMF.STA:FSIC(13.0.1),R,COL,S12CFSI,FSI688_CFSI_PT,Q,2017-Q4,18.63124593422243,0,,,,,,,,,,SC,,,,,,
dataflow,IMF.STA:FSIC(13.0.1),R,COL,S12CFSI,FSI688_CFSI_PT,Q,2018-Q1,17.99303842445134,0,,,,,,,,,,SC,,,,,,
dataflow,IMF.STA:FSIC(13.0.1),R,COL,S12CFSI,FSI688_CFSI_PT,Q,2018-Q2,17.94087089284143,0,,,,,,,,,,SC,,,,,,
dataflow,IMF.STA:FSIC(13.0.1),R,COL,S12CFSI,FSI688_CFSI_PT,Q,2018-Q3,18.04673735990203,0,,,,,,,,,,SC,,,,,,
dataflow,IMF.STA:FSIC(13.0.1),R,COL,S12CFSI,FSI688_CFSI_PT,Q,2018-Q4,17.7667898571469,0,,,,,,,,,,SC,,,,,,
dataflow,IMF.STA:FSIC(13.0.1),R,COL,S12CFSI,FSI688_CFSI_PT,Q,2019-Q1,17.57069325340745,0,,,,,,,,,,SC,,,,,,
dataflow,IMF.STA:FSIC(13.0.1),R,COL,S12CFSI,FSI688_CFSI_PT,Q,2019-Q2,17.36958183546773,0,,,,,,,,,,SC,,,,,,
dataflow,IMF.STA:FSIC(13.0.1),R,COL,S12CFSI,FSI688_CFSI_PT,Q,2019-Q3,17.16101278528139,0,,,,,,,,,,SC,,,,,,
dataflow,IMF.STA:FSIC(13.0.1),R,COL,S12CFSI,FSI688_CFSI_PT,Q,2019-Q4,16.91056039799587,0,,,,,,,,,,SC,,,,,,
dataflow,IMF.STA:FSIC(13.0.1),R,COL,S12CFSI,FSI688_CFSI_PT,Q,2020-Q1,16.28254188651927,0,,,,,,,,,,SC,,,,,,
dataflow,IMF.STA:FSIC(13.0.1),R,COL,S12CFSI,FSI688_CFSI_PT,Q,2020-Q2,15.71482096079832,0,,,,,,,,,,SC,,,,,,
dataflow,IMF.STA:FSIC(13.0.1),R,COL,S12CFSI,FSI688_CFSI_PT,Q,2020-Q3,18.51374689090292,0,,,,,,,,,,SC,,,,,,
dataflow,IMF.STA:FSIC(13.0.1),R,COL,S12CFSI,FSI688_CFSI_PT,Q,2020-Q4,19.17001307073653,0,,,,,,,,,,SC,,,,,,
dataflow,IMF.STA:FSIC(13.0.1),R,COL,S12CFSI,FSI688_CFSI_PT,Q,2021-Q1,21.42486495860738,0,,,,,,,,,,SC,,,,,,
dataflow,IMF.STA:FSIC(13.0.1),R,COL,S12CFSI,FSI688_CFSI_PT,Q,2021-Q2,22.12159195177799,0,,,,,,,,,,SC,,,,,,
dataflow,IMF.STA:FSIC(13.0.1),R,COL,S12CFSI,FSI688_CFSI_PT,Q,2021-Q3,22.0287847295127,0,,,,,,,,,,SC,,,,,,
dataflow,IMF.STA:FSIC(13.0.1),R,COL,S12CFSI,FSI688_CFSI_PT,Q,2021-Q4,22.24423966399631,0,,,,,,,,,,SC,,,,,,
dataflow,IMF.STA:FSIC(13.0.1),R,COL,S12CFSI,FSI688_CFSI_PT,Q,2022-Q1,18.30590094477254,0,,,,,,,,,,SC,,,,,,
dataflow,IMF.STA:FSIC(13.0.1),R,COL,S12CFSI,FSI688_CFSI_PT,Q,2022-Q2,18.02639310663239,0,,,,,,,,,,SC,,,,,,
dataflow,IMF.STA:FSIC(13.0.1),R,COL,S12CFSI,FSI688_CFSI_PT,Q,2022-Q3,18.41280471980736,0,,,,,,,,,,SC,,,,,,
dataflow,IMF.STA:FSIC(13.0.1),R,COL,S12CFSI,FSI688_CFSI_PT,Q,2022-Q4,18.93743960546595,0,,,,,,,,,,SC,,,,,,
dataflow,IMF.STA:FSIC(13.0.1),R,COL,S12CFSI,FSI688_CFSI_PT,Q,2023-Q1,18.35708163256556,0,,,,,,,,,,SC,,,,,,
dataflow,IMF.STA:FSIC(13.0.1),R,COL,S12CFSI,FSI688_CFSI_PT,Q,2023-Q2,18.03298422299628,0,,,,,,,,,,SC,,,,,,
dataflow,IMF.STA:FSIC(13.0.1),R,COL,S12CFSI,FSI688_CFSI_PT,Q,2023-Q3,17.82447094196139,0,,,,,,,,,,SC,,,,,,
dataflow,IMF.STA:FSIC(13.0.1),R,COL,S12CFSI,FSI688_CFSI_PT,Q,2023-Q4,18.47081262453224,0,,,,,,,,,,SC,,,,,,
dataflow,IMF.STA:FSIC(13.0.1),R,COL,S12CFSI,FSI688_CFSI_PT,Q,2024-Q1,17.98744856845329,0,,,,,,,,,,SC,,,,,,
dataflow,IMF.STA:FSIC(13.0.1),R,COL,S12CFSI,FSI688_CFSI_PT,Q,2024-Q2,18.04459459941689,0,,,,,,,,,,SC,,,,,,
dataflow,IMF.STA:FSIC(13.0.1),R,COL,S12CFSI,FSI688_CFSI_PT,Q,2024-Q3,19.20386638363974,0,,,,,,,,,,SC,,,,,,
dataflow,IMF.STA:FSIC(13.0.1),R,COL,S12CFSI,FSI688_CFSI_PT,Q,2024-Q4,18.88039006059617,0,,,,,,,,,,SC,,,,,,
dataflow,IMF.STA:FSIC(13.0.1),R,COL,S12CFSI,FSI688_CFSI_PT,Q,2025-Q1,18.43235578762065,0,,,,,,,,,,SC,,,,,,
dataflow,IMF.STA:FSIC(13.0.1),R,COL,S12CFSI,FSI688_CFSI_PT,Q,2025-Q2,17.32707529672974,0,,,,,,,,,,SC,,,,,,
dataflow,IMF.STA:FSIC(13.0.1),R,COL,S12CFSI,FSI688_CFSI_PT,Q,2025-Q3,18.32255922632618,0,,,,,,,,,,SC,,,,,,
dataflow,IMF.STA:FSIC(13.0.1),R,COL,S12CFSI,FSI688_CFSI_PT,Q,2025-Q4,18.17168325545222,0,,,,,,,,,,SC,,,,,,
dataflow,IMF.STA:FSIC(13.0.1),R,COL,S12CFSI,FSI688_CFSI_PT,Q,2026-Q1,17.3985488739045,0,,,,,,,,,,SC,,,,,,
dataflow,IMF.STA:FSIC(13.0.1),R,COL,S12CFSI,ROA_CFSI_PT,A,2005,4.002333297774885,0,,,,,,,,,,SC,,,,,,
dataflow,IMF.STA:FSIC(13.0.1),R,COL,S12CFSI,ROA_CFSI_PT,A,2006,3.133917310388857,0,,,,,,,,,,SC,,,,,,
dataflow,IMF.STA:FSIC(13.0.1),R,COL,S12CFSI,ROA_CFSI_PT,A,2007,2.8056129729812,0,,,,,,,,,,SC,,,,,,
dataflow,IMF.STA:FSIC(13.0.1),R,COL,S12CFSI,ROA_CFSI_PT,A,2008,3.030866760565738,0,,,,,,,,,,SC,,,,,,
dataflow,IMF.STA:FSIC(13.0.1),R,COL,S12CFSI,ROA_CFSI_PT,A,2009,3.059942721811951,0,,,,,,,,,,SC,,,,,,
dataflow,IMF.STA:FSIC(13.0.1),R,COL,S12CFSI,ROA_CFSI_PT,A,2010,2.879014726741441,0,,,,,,,,,,SC,,,,,,
dataflow,IMF.STA:FSIC(13.0.1),R,COL,S12CFSI,ROA_CFSI_PT,A,2011,2.842455504394103,0,,,,,,,,,,SC,,,,,,
dataflow,IMF.STA:FSIC(13.0.1),R,COL,S12CFSI,ROA_CFSI_PT,A,2012,2.676620025719835,0,,,,,,,,,,SC,,,,,,
dataflow,IMF.STA:FSIC(13.0.1),R,COL,S12CFSI,ROA_CFSI_PT,A,2013,2.338354226492586,0,,,,,,,,,,SC,,,,,,
dataflow,IMF.STA:FSIC(13.0.1),R,COL,S12CFSI,ROA_CFSI_PT,A,2014,2.412686672406605,0,,,,,,,,,,SC,,,,,,
dataflow,IMF.STA:FSIC(13.0.1),R,COL,S12CFSI,ROA_CFSI_PT,A,2015,2.365148668720943,0,,,,,,,,,,SC,,,,,,
dataflow,IMF.STA:FSIC(13.0.1),R,COL,S12CFSI,ROA_CFSI_PT,A,2016,2.664649443180998,0,,,,,,,,,,SC,,,,,,
dataflow,IMF.STA:FSIC(13.0.1),R,COL,S12CFSI,ROA_CFSI_PT,A,2017,1.857826566480534,0,,,,,,,,,,SC,,,,,,
dataflow,IMF.STA:FSIC(13.0.1),R,COL,S12CFSI,ROA_CFSI_PT,A,2018,2.74116981930252,0,,,,,,,,,,SC,,,,,,
dataflow,IMF.STA:FSIC(13.0.1),R,COL,S12CFSI,ROA_CFSI_PT,A,2019,2.21800128739065,0,,,,,,,,,,SC,,,,,,
dataflow,IMF.STA:FSIC(13.0.1),R,COL,S12CFSI,ROA_CFSI_PT,A,2020,0.9397818735297786,0,,,,,,,,,,SC,,,,,,
dataflow,IMF.STA:FSIC(13.0.1),R,COL,S12CFSI,ROA_CFSI_PT,A,2021,2.336860545346541,0,,,,,,,,,,SC,,,,,,
dataflow,IMF.STA:FSIC(13.0.1),R,COL,S12CFSI,ROA_CFSI_PT,A,2022,2.213914894802292,0,,,,,,,,,,SC,,,,,,
dataflow,IMF.STA:FSIC(13.0.1),R,COL,S12CFSI,ROA_CFSI_PT,A,2023,1.18843222572855,0,,,,,,,,,,SC,,,,,,
dataflow,IMF.STA:FSIC(13.0.1),R,COL,S12CFSI,ROA_CFSI_PT,A,2024,1.132613953431483,0,,,,,,,,,,SC,,,,,,
dataflow,IMF.STA:FSIC(13.0.1),R,COL,S12CFSI,ROA_CFSI_PT,A,2025,2.084903058151509,0,,,,,,,,,,SC,,,,,,
dataflow,IMF.STA:FSIC(13.0.1),R,COL,S12CFSI,ROA_CFSI_PT,M,2005-M01,3.514426952529766,0,,,,,,,,,,SC,,,,,,
dataflow,IMF.STA:FSIC(13.0.1),R,COL,S12CFSI,ROA_CFSI_PT,M,2005-M02,3.883303047723014,0,,,,,,,,,,SC,,,,,,
dataflow,IMF.STA:FSIC(13.0.1),R,COL,S12CFSI,ROA_CFSI_PT,M,2005-M03,3.524768307655956,0,,,,,,,,,,SC,,,,,,
dataflow,IMF.STA:FSIC(13.0.1),R,COL,S12CFSI,ROA_CFSI_PT,M,2005-M04,3.764880219902659,0,,,,,,,,,,SC,,,,,,
dataflow,IMF.STA:FSIC(13.0.1),R,COL,S12CFSI,ROA_CFSI_PT,M,2005-M05,3.791727688342077,0,,,,,,,,,,SC,,,,,,
dataflow,IMF.STA:FSIC(13.0.1),R,COL,S12CFSI,ROA_CFSI_PT,M,2005-M06,3.97216843259218,0,,,,,,,,,,SC,,,,,,
dataflow,IMF.STA:FSIC(13.0.1),R,COL,S12CFSI,ROA_CFSI_PT,M,2005-M07,3.753873426055605,0,,,,,,,,,,SC,,,,,,
dataflow,IMF.STA:FSIC(13.0.1),R,COL,S12CFSI,ROA_CFSI_PT,M,2005-M08,3.72826240155588,0,,,,,,,,,,SC,,,,,,
dataflow,IMF.STA:FSIC(13.0.1),R,COL,S12CFSI,ROA_CFSI_PT,M,2005-M09,3.946974371547046,0,,,,,,,,,,SC,,,,,,
dataflow,IMF.STA:FSIC(13.0.1),R,COL,S12CFSI,ROA_CFSI_PT,M,2005-M10,3.954695019176662,0,,,,,,,,,,SC,,,,,,
dataflow,IMF.STA:FSIC(13.0.1),R,COL,S12CFSI,ROA_CFSI_PT,M,2005-M11,4.101485262647332,0,,,,,,,,,,SC,,,,,,
dataflow,IMF.STA:FSIC(13.0.1),R,COL,S12CFSI,ROA_CFSI_PT,M,2005-M12,4.002333297774885,0,,,,,,,,,,SC,,,,,,
dataflow,IMF.STA:FSIC(13.0.1),R,COL,S12CFSI,ROA_CFSI_PT,M,2006-M01,3.14418293582434,0,,,,,,,,,,SC,,,,,,
dataflow,IMF.STA:FSIC(13.0.1),R,COL,S12CFSI,ROA_CFSI_PT,M,2006-M02,3.50274415956304,0,,,,,,,,,,SC,,,,,,
dataflow,IMF.STA:FSIC(13.0.1),R,COL,S12CFSI,ROA_CFSI_PT,M,2006-M03,3.768089778314345,0,,,,,,,,,,SC,,,,,,
dataflow,IMF.STA:FSIC(13.0.1),R,COL,S12CFSI,ROA_CFSI_PT,M,2006-M04,3.495171166634718,0,,,,,,,,,,SC,,,,,,
dataflow,IMF.STA:FSIC(13.0.1),R,COL,S12CFSI,ROA_CFSI_PT,M,2006-M05,2.996945524211259,0,,,,,,,,,,SC,,,,,,
dataflow,IMF.STA:FSIC(13.0.1),R,COL,S12CFSI,ROA_CFSI_PT,M,2006-M06,3.147913284874689,0,,,,,,,,,,SC,,,,,,
dataflow,IMF.STA:FSIC(13.0.1),R,COL,S12CFSI,ROA_CFSI_PT,M,2006-M07,3.064298286834964,0,,,,,,,,,,SC,,,,,,
dataflow,IMF.STA:FSIC(13.0.1),R,COL,S12CFSI,ROA_CFSI_PT,M,2006-M08,3.208384411817692,0,,,,,,,,,,SC,,,,,,
dataflow,IMF.STA:FSIC(13.0.1),R,COL,S12CFSI,ROA_CFSI_PT,M,2006-M09,3.126605415896937,0,,,,,,,,,,SC,,,,,,
dataflow,IMF.STA:FSIC(13.0.1),R,COL,S12CFSI,ROA_CFSI_PT,M,2006-M10,3.441452838303025,0,,,,,,,,,,SC,,,,,,
dataflow,IMF.STA:FSIC(13.0.1),R,COL,S12CFSI,ROA_CFSI_PT,M,2006-M11,3.326108781327661,0,,,,,,,,,,SC,,,,,,
dataflow,IMF.STA:FSIC(13.0.1),R,COL,S12CFSI,ROA_CFSI_PT,M,2006-M12,3.133917310388857,0,,,,,,,,,,SC,,,,,,
dataflow,IMF.STA:FSIC(13.0.1),R,COL,S12CFSI,ROA_CFSI_PT,M,2007-M01,2.163710688718003,0,,,,,,,,,,SC,,,,,,
dataflow,IMF.STA:FSIC(13.0.1),R,COL,S12CFSI,ROA_CFSI_PT,M,2007-M02,2.310473355109858,0,,,,,,,,,,SC,,,,,,
dataflow,IMF.STA:FSIC(13.0.1),R,COL,S12CFSI,ROA_CFSI_PT,M,2007-M03,3.068855117683519,0,,,,,,,,,,SC,,,,,,
dataflow,IMF.STA:FSIC(13.0.1),R,COL,S12CFSI,ROA_CFSI_PT,M,2007-M04,2.913021714793962,0,,,,,,,,,,SC,,,,,,
dataflow,IMF.STA:FSIC(13.0.1),R,COL,S12CFSI,ROA_CFSI_PT,M,2007-M05,2.902883767952136,0,,,,,,,,,,SC,,,,,,
dataflow,IMF.STA:FSIC(13.0.1),R,COL,S12CFSI,ROA_CFSI_PT,M,2007-M06,2.93709145497283,0,,,,,,,,,,SC,,,,,,
dataflow,IMF.STA:FSIC(13.0.1),R,COL,S12CFSI,ROA_CFSI_PT,M,2007-M07,2.900619445375108,0,,,,,,,,,,SC,,,,,,
dataflow,IMF.STA:FSIC(13.0.1),R,COL,S12CFSI,ROA_CFSI_PT,M,2007-M08,3.010525105831503,0,,,,,,,,,,SC,,,,,,
dataflow,IMF.STA:FSIC(13.0.1),R,COL,S12CFSI,ROA_CFSI_PT,M,2007-M09,3.000539720428734,0,,,,,,,,,,SC,,,,,,
dataflow,IMF.STA:FSIC(13.0.1),R,COL,S12CFSI,ROA_CFSI_PT,M,2007-M10,3.032450199071397,0,,,,,,,,,,SC,,,,,,
dataflow,IMF.STA:FSIC(13.0.1),R,COL,S12CFSI,ROA_CFSI_PT,M,2007-M11,2.996824394386913,0,,,,,,,,,,SC,,,,,,
dataflow,IMF.STA:FSIC(13.0.1),R,COL,S12CFSI,ROA_CFSI_PT,M,2007-M12,2.8056129729812,0,,,,,,,,,,SC,,,,,,
dataflow,IMF.STA:FSIC(13.0.1),R,COL,S12CFSI,ROA_CFSI_PT,M,2008-M01,2.395482201787651,0,,,,,,,,,,SC,,,,,,
dataflow,IMF.STA:FSIC(13.0.1),R,COL,S12CFSI,ROA_CFSI_PT,M,2008-M02,2.796519638378949,0,,,,,,,,,,SC,,,,,,
dataflow,IMF.STA:FSIC(13.0.1),R,COL,S12CFSI,ROA_CFSI_PT,M,2008-M03,3.611347953095573,0,,,,,,,,,,SC,,,,,,
dataflow,IMF.STA:FSIC(13.0.1),R,COL,S12CFSI,ROA_CFSI_PT,M,2008-M04,3.55441457706624,0,,,,,,,,,,SC,,,,,,
dataflow,IMF.STA:FSIC(13.0.1),R,COL,S12CFSI,ROA_CFSI_PT,M,2008-M05,3.482819100843192,0,,,,,,,,,,SC,,,,,,
dataflow,IMF.STA:FSIC(13.0.1),R,COL,S12CFSI,ROA_CFSI_PT,M,2008-M06,3.323917637004688,0,,,,,,,,,,SC,,,,,,
dataflow,IMF.STA:FSIC(13.0.1),R,COL,S12CFSI,ROA_CFSI_PT,M,2008-M07,3.385663539363059,0,,,,,,,,,,SC,,,,,,
dataflow,IMF.STA:FSIC(13.0.1),R,COL,S12CFSI,ROA_CFSI_PT,M,2008-M08,3.435363654931777,0,,,,,,,,,,SC,,,,,,
dataflow,IMF.STA:FSIC(13.0.1),R,COL,S12CFSI,ROA_CFSI_PT,M,2008-M09,3.408661939213411,0,,,,,,,,,,SC,,,,,,
dataflow,IMF.STA:FSIC(13.0.1),R,COL,S12CFSI,ROA_CFSI_PT,M,2008-M10,3.259481613407764,0,,,,,,,,,,SC,,,,,,
dataflow,IMF.STA:FSIC(13.0.1),R,COL,S12CFSI,ROA_CFSI_PT,M,2008-M11,3.212074587341252,0,,,,,,,,,,SC,,,,,,
dataflow,IMF.STA:FSIC(13.0.1),R,COL,S12CFSI,ROA_CFSI_PT,M,2008-M12,3.030866760565738,0,,,,,,,,,,SC,,,,,,
dataflow,IMF.STA:FSIC(13.0.1),R,COL,S12CFSI,ROA_CFSI_PT,M,2009-M01,3.063677934249259,0,,,,,,,,,,SC,,,,,,
dataflow,IMF.STA:FSIC(13.0.1),R,COL,S12CFSI,ROA_CFSI_PT,M,2009-M02,3.336170143411642,0,,,,,,,,,,SC,,,,,,
dataflow,IMF.STA:FSIC(13.0.1),R,COL,S12CFSI,ROA_CFSI_PT,M,2009-M03,3.763323893874823,0,,,,,,,,,,SC,,,,,,
dataflow,IMF.STA:FSIC(13.0.1),R,COL,S12CFSI,ROA_CFSI_PT,M,2009-M04,3.644032006720586,0,,,,,,,,,,SC,,,,,,
dataflow,IMF.STA:FSIC(13.0.1),R,COL,S12CFSI,ROA_CFSI_PT,M,2009-M05,3.420612467317525,0,,,,,,,,,,SC,,,,,,
dataflow,IMF.STA:FSIC(13.0.1),R,COL,S12CFSI,ROA_CFSI_PT,M,2009-M06,3.26672798785902,0,,,,,,,,,,SC,,,,,,
dataflow,IMF.STA:FSIC(13.0.1),R,COL,S12CFSI,ROA_CFSI_PT,M,2009-M07,3.220007369598394,0,,,,,,,,,,SC,,,,,,
dataflow,IMF.STA:FSIC(13.0.1),R,COL,S12CFSI,ROA_CFSI_PT,M,2009-M08,3.363724079599019,0,,,,,,,,,,SC,,,,,,
dataflow,IMF.STA:FSIC(13.0.1),R,COL,S12CFSI,ROA_CFSI_PT,M,2009-M09,3.384923813360631,0,,,,,,,,,,SC,,,,,,
dataflow,IMF.STA:FSIC(13.0.1),R,COL,S12CFSI,ROA_CFSI_PT,M,2009-M10,3.318595138073904,0,,,,,,,,,,SC,,,,,,
dataflow,IMF.STA:FSIC(13.0.1),R,COL,S12CFSI,ROA_CFSI_PT,M,2009-M11,3.273957631178414,0,,,,,,,,,,SC,,,,,,
dataflow,IMF.STA:FSIC(13.0.1),R,COL,S12CFSI,ROA_CFSI_PT,M,2009-M12,3.059942721811951,0,,,,,,,,,,SC,,,,,,
dataflow,IMF.STA:FSIC(13.0.1),R,COL,S12CFSI,ROA_CFSI_PT,M,2010-M01,1.904623110590585,0,,,,,,,,,,SC,,,,,,
dataflow,IMF.STA:FSIC(13.0.1),R,COL,S12CFSI,ROA_CFSI_PT,M,2010-M02,2.749954806618187,0,,,,,,,,,,SC,,,,,,
dataflow,IMF.STA:FSIC(13.0.1),R,COL,S12CFSI,ROA_CFSI_PT,M,2010-M03,3.470355912345765,0,,,,,,,,,,SC,,,,,,
dataflow,IMF.STA:FSIC(13.0.1),R,COL,S12CFSI,ROA_CFSI_PT,M,2010-M04,3.388523304851244,0,,,,,,,,,,SC,,,,,,
dataflow,IMF.STA:FSIC(13.0.1),R,COL,S12CFSI,ROA_CFSI_PT,M,2010-M05,3.236464570361418,0,,,,,,,,,,SC,,,,,,
dataflow,IMF.STA:FSIC(13.0.1),R,COL,S12CFSI,ROA_CFSI_PT,M,2010-M06,3.11134956671528,0,,,,,,,,,,SC,,,,,,
dataflow,IMF.STA:FSIC(13.0.1),R,COL,S12CFSI,ROA_CFSI_PT,M,2010-M07,3.124361241949685,0,,,,,,,,,,SC,,,,,,
dataflow,IMF.STA:FSIC(13.0.1),R,COL,S12CFSI,ROA_CFSI_PT,M,2010-M08,3.171461449261082,0,,,,,,,,,,SC,,,,,,
dataflow,IMF.STA:FSIC(13.0.1),R,COL,S12CFSI,ROA_CFSI_PT,M,2010-M09,3.169022785790741,0,,,,,,,,,,SC,,,,,,
dataflow,IMF.STA:FSIC(13.0.1),R,COL,S12CFSI,ROA_CFSI_PT,M,2010-M10,3.115766797465691,0,,,,,,,,,,SC,,,,,,
dataflow,IMF.STA:FSIC(13.0.1),R,COL,S12CFSI,ROA_CFSI_PT,M,2010-M11,2.971099356850398,0,,,,,,,,,,SC,,,,,,
dataflow,IMF.STA:FSIC(13.0.1),R,COL,S12CFSI,ROA_CFSI_PT,M,2010-M12,2.879014726741441,0,,,,,,,,,,SC,,,,,,
dataflow,IMF.STA:FSIC(13.0.1),R,COL,S12CFSI,ROA_CFSI_PT,M,2011-M01,2.452056008080049,0,,,,,,,,,,SC,,,,,,
dataflow,IMF.STA:FSIC(13.0.1),R,COL,S12CFSI,ROA_CFSI_PT,M,2011-M02,2.724742696173197,0,,,,,,,,,,SC,,,,,,
dataflow,IMF.STA:FSIC(13.0.1),R,COL,S12CFSI,ROA_CFSI_PT,M,2011-M03,3.507616433887286,0,,,,,,,,,,SC,,,,,,
dataflow,IMF.STA:FSIC(13.0.1),R,COL,S12CFSI,ROA_CFSI_PT,M,2011-M04,3.322551271385823,0,,,,,,,,,,SC,,,,,,
dataflow,IMF.STA:FSIC(13.0.1),R,COL,S12CFSI,ROA_CFSI_PT,M,2011-M05,3.164745854436679,0,,,,,,,,,,SC,,,,,,
dataflow,IMF.STA:FSIC(13.0.1),R,COL,S12CFSI,ROA_CFSI_PT,M,2011-M06,3.054670511913904,0,,,,,,,,,,SC,,,,,,
dataflow,IMF.STA:FSIC(13.0.1),R,COL,S12CFSI,ROA_CFSI_PT,M,2011-M07,2.955999738928519,0,,,,,,,,,,SC,,,,,,
dataflow,IMF.STA:FSIC(13.0.1),R,COL,S12CFSI,ROA_CFSI_PT,M,2011-M08,2.924246112989777,0,,,,,,,,,,SC,,,,,,
dataflow,IMF.STA:FSIC(13.0.1),R,COL,S12CFSI,ROA_CFSI_PT,M,2011-M09,2.940942793818141,0,,,,,,,,,,SC,,,,,,
dataflow,IMF.STA:FSIC(13.0.1),R,COL,S12CFSI,ROA_CFSI_PT,M,2011-M10,2.870321191566484,0,,,,,,,,,,SC,,,,,,
dataflow,IMF.STA:FSIC(13.0.1),R,COL,S12CFSI,ROA_CFSI_PT,M,2011-M11,2.801643195013058,0,,,,,,,,,,SC,,,,,,
dataflow,IMF.STA:FSIC(13.0.1),R,COL,S12CFSI,ROA_CFSI_PT,M,2011-M12,2.842455504394103,0,,,,,,,,,,SC,,,,,,
dataflow,IMF.STA:FSIC(13.0.1),R,COL,S12CFSI,ROA_CFSI_PT,M,2012-M01,2.379710563235934,0,,,,,,,,,,SC,,,,,,
dataflow,IMF.STA:FSIC(13.0.1),R,COL,S12CFSI,ROA_CFSI_PT,M,2012-M02,2.67586506399702,0,,,,,,,,,,SC,,,,,,
dataflow,IMF.STA:FSIC(13.0.1),R,COL,S12CFSI,ROA_CFSI_PT,M,2012-M03,3.39250507946168,0,,,,,,,,,,SC,,,,,,
dataflow,IMF.STA:FSIC(13.0.1),R,COL,S12CFSI,ROA_CFSI_PT,M,2012-M04,3.211166694734153,0,,,,,,,,,,SC,,,,,,
dataflow,IMF.STA:FSIC(13.0.1),R,COL,S12CFSI,ROA_CFSI_PT,M,2012-M05,3.007412549049078,0,,,,,,,,,,SC,,,,,,
dataflow,IMF.STA:FSIC(13.0.1),R,COL,S12CFSI,ROA_CFSI_PT,M,2012-M06,2.924476347620684,0,,,,,,,,,,SC,,,,,,
dataflow,IMF.STA:FSIC(13.0.1),R,COL,S12CFSI,ROA_CFSI_PT,M,2012-M07,2.827347140448215,0,,,,,,,,,,SC,,,,,,
dataflow,IMF.STA:FSIC(13.0.1),R,COL,S12CFSI,ROA_CFSI_PT,M,2012-M08,2.804713335056859,0,,,,,,,,,,SC,,,,,,
dataflow,IMF.STA:FSIC(13.0.1),R,COL,S12CFSI,ROA_CFSI_PT,M,2012-M09,2.752160336883762,0,,,,,,,,,,SC,,,,,,
dataflow,IMF.STA:FSIC(13.0.1),R,COL,S12CFSI,ROA_CFSI_PT,M,2012-M10,2.702734453723773,0,,,,,,,,,,SC,,,,,,
dataflow,IMF.STA:FSIC(13.0.1),R,COL,S12CFSI,ROA_CFSI_PT,M,2012-M11,2.669751084803453,0,,,,,,,,,,SC,,,,,,
dataflow,IMF.STA:FSIC(13.0.1),R,COL,S12CFSI,ROA_CFSI_PT,M,2012-M12,2.676620025719835,0,,,,,,,,,,SC,,,,,,
dataflow,IMF.STA:FSIC(13.0.1),R,COL,S12CFSI,ROA_CFSI_PT,M,2013-M01,2.471654779494162,0,,,,,,,,,,SC,,,,,,
dataflow,IMF.STA:FSIC(13.0.1),R,COL,S12CFSI,ROA_CFSI_PT,M,2013-M02,3.154570893054738,0,,,,,,,,,,SC,,,,,,
dataflow,IMF.STA:FSIC(13.0.1),R,COL,S12CFSI,ROA_CFSI_PT,M,2013-M03,3.547037231823808,0,,,,,,,,,,SC,,,,,,
dataflow,IMF.STA:FSIC(13.0.1),R,COL,S12CFSI,ROA_CFSI_PT,M,2013-M04,3.264062768371616,0,,,,,,,,,,SC,,,,,,
dataflow,IMF.STA:FSIC(13.0.1),R,COL,S12CFSI,ROA_CFSI_PT,M,2013-M05,2.859234349906413,0,,,,,,,,,,SC,,,,,,
dataflow,IMF.STA:FSIC(13.0.1),R,COL,S12CFSI,ROA_CFSI_PT,M,2013-M06,2.480047815254549,0,,,,,,,,,,SC,,,,,,
dataflow,IMF.STA:FSIC(13.0.1),R,COL,S12CFSI,ROA_CFSI_PT,M,2013-M07,2.455998624332109,0,,,,,,,,,,SC,,,,,,
dataflow,IMF.STA:FSIC(13.0.1),R,COL,S12CFSI,ROA_CFSI_PT,M,2013-M08,2.407014111149451,0,,,,,,,,,,SC,,,,,,
dataflow,IMF.STA:FSIC(13.0.1),R,COL,S12CFSI,ROA_CFSI_PT,M,2013-M09,2.444677786685342,0,,,,,,,,,,SC,,,,,,
dataflow,IMF.STA:FSIC(13.0.1),R,COL,S12CFSI,ROA_CFSI_PT,M,2013-M10,2.42258522940874,0,,,,,,,,,,SC,,,,,,
dataflow,IMF.STA:FSIC(13.0.1),R,COL,S12CFSI,ROA_CFSI_PT,M,2013-M11,2.369444494580062,0,,,,,,,,,,SC,,,,,,
dataflow,IMF.STA:FSIC(13.0.1),R,COL,S12CFSI,ROA_CFSI_PT,M,2013-M12,2.338354226492586,0,,,,,,,,,,SC,,,,,,
dataflow,IMF.STA:FSIC(13.0.1),R,COL,S12CFSI,ROA_CFSI_PT,M,2014-M01,1.84607128004704,0,,,,,,,,,,SC,,,,,,
dataflow,IMF.STA:FSIC(13.0.1),R,COL,S12CFSI,ROA_CFSI_PT,M,2014-M02,2.120225494329415,0,,,,,,,,,,SC,,,,,,
dataflow,IMF.STA:FSIC(13.0.1),R,COL,S12CFSI,ROA_CFSI_PT,M,2014-M03,2.914631796486607,0,,,,,,,,,,SC,,,,,,
dataflow,IMF.STA:FSIC(13.0.1),R,COL,S12CFSI,ROA_CFSI_PT,M,2014-M04,2.683894556085339,0,,,,,,,,,,SC,,,,,,
dataflow,IMF.STA:FSIC(13.0.1),R,COL,S12CFSI,ROA_CFSI_PT,M,2014-M05,2.547638672241231,0,,,,,,,,,,SC,,,,,,
dataflow,IMF.STA:FSIC(13.0.1),R,COL,S12CFSI,ROA_CFSI_PT,M,2014-M06,2.496226794814038,0,,,,,,,,,,SC,,,,,,
dataflow,IMF.STA:FSIC(13.0.1),R,COL,S12CFSI,ROA_CFSI_PT,M,2014-M07,2.419713347069576,0,,,,,,,,,,SC,,,,,,
dataflow,IMF.STA:FSIC(13.0.1),R,COL,S12CFSI,ROA_CFSI_PT,M,2014-M08,2.401406302980992,0,,,,,,,,,,SC,,,,,,
dataflow,IMF.STA:FSIC(13.0.1),R,COL,S12CFSI,ROA_CFSI_PT,M,2014-M09,2.424305351676331,0,,,,,,,,,,SC,,,,,,
dataflow,IMF.STA:FSIC(13.0.1),R,COL,S12CFSI,ROA_CFSI_PT,M,2014-M10,2.405991099083811,0,,,,,,,,,,SC,,,,,,
dataflow,IMF.STA:FSIC(13.0.1),R,COL,S12CFSI,ROA_CFSI_PT,M,2014-M11,2.315584560406528,0,,,,,,,,,,SC,,,,,,
dataflow,IMF.STA:FSIC(13.0.1),R,COL,S12CFSI,ROA_CFSI_PT,M,2014-M12,2.412686672406605,0,,,,,,,,,,SC,,,,,,
dataflow,IMF.STA:FSIC(13.0.1),R,COL,S12CFSI,ROA_CFSI_PT,M,2015-M01,2.33511359295918,0,,,,,,,,,,SC,,,,,,
dataflow,IMF.STA:FSIC(13.0.1),R,COL,S12CFSI,ROA_CFSI_PT,M,2015-M02,2.767813416387379,0,,,,,,,,,,SC,,,,,,
dataflow,IMF.STA:FSIC(13.0.1),R,COL,S12CFSI,ROA_CFSI_PT,M,2015-M03,3.242152732861001,0,,,,,,,,,,SC,,,,,,
dataflow,IMF.STA:FSIC(13.0.1),R,COL,S12CFSI,ROA_CFSI_PT,M,2015-M04,3.194492994568584,0,,,,,,,,,,SC,,,,,,
dataflow,IMF.STA:FSIC(13.0.1),R,COL,S12CFSI,ROA_CFSI_PT,M,2015-M05,3.030054177365408,0,,,,,,,,,,SC,,,,,,
dataflow,IMF.STA:FSIC(13.0.1),R,COL,S12CFSI,ROA_CFSI_PT,M,2015-M06,2.820833514442203,0,,,,,,,,,,SC,,,,,,
dataflow,IMF.STA:FSIC(13.0.1),R,COL,S12CFSI,ROA_CFSI_PT,M,2015-M07,2.754575125453196,0,,,,,,,,,,SC,,,,,,
dataflow,IMF.STA:FSIC(13.0.1),R,COL,S12CFSI,ROA_CFSI_PT,M,2015-M08,2.657570627074783,0,,,,,,,,,,SC,,,,,,
dataflow,IMF.STA:FSIC(13.0.1),R,COL,S12CFSI,ROA_CFSI_PT,M,2015-M09,2.658549913986757,0,,,,,,,,,,SC,,,,,,
dataflow,IMF.STA:FSIC(13.0.1),R,COL,S12CFSI,ROA_CFSI_PT,M,2015-M10,2.629568874652531,0,,,,,,,,,,SC,,,,,,
dataflow,IMF.STA:FSIC(13.0.1),R,COL,S12CFSI,ROA_CFSI_PT,M,2015-M11,2.533635641860746,0,,,,,,,,,,SC,,,,,,
dataflow,IMF.STA:FSIC(13.0.1),R,COL,S12CFSI,ROA_CFSI_PT,M,2015-M12,2.365148668720943,0,,,,,,,,,,SC,,,,,,
dataflow,IMF.STA:FSIC(13.0.1),R,COL,S12CFSI,ROA_CFSI_PT,M,2016-M01,3.280136626712334,0,,,,,,,,,,SC,,,,,,
dataflow,IMF.STA:FSIC(13.0.1),R,COL,S12CFSI,ROA_CFSI_PT,M,2016-M02,3.242825737941987,0,,,,,,,,,,SC,,,,,,
dataflow,IMF.STA:FSIC(13.0.1),R,COL,S12CFSI,ROA_CFSI_PT,M,2016-M03,2.685266421700772,0,,,,,,,,,,SC,,,,,,
dataflow,IMF.STA:FSIC(13.0.1),R,COL,S12CFSI,ROA_CFSI_PT,M,2016-M04,2.412412047875049,0,,,,,,,,,,SC,,,,,,
dataflow,IMF.STA:FSIC(13.0.1),R,COL,S12CFSI,ROA_CFSI_PT,M,2016-M05,2.775456733532289,0,,,,,,,,,,SC,,,,,,
dataflow,IMF.STA:FSIC(13.0.1),R,COL,S12CFSI,ROA_CFSI_PT,M,2016-M06,3.328170137236844,0,,,,,,,,,,SC,,,,,,
dataflow,IMF.STA:FSIC(13.0.1),R,COL,S12CFSI,ROA_CFSI_PT,M,2016-M07,3.327558700446143,0,,,,,,,,,,SC,,,,,,
dataflow,IMF.STA:FSIC(13.0.1),R,COL,S12CFSI,ROA_CFSI_PT,M,2016-M08,3.068763281838202,0,,,,,,,,,,SC,,,,,,
dataflow,IMF.STA:FSIC(13.0.1),R,COL,S12CFSI,ROA_CFSI_PT,M,2016-M09,2.950201450355075,0,,,,,,,,,,SC,,,,,,
dataflow,IMF.STA:FSIC(13.0.1),R,COL,S12CFSI,ROA_CFSI_PT,M,2016-M10,2.878795939800379,0,,,,,,,,,,SC,,,,,,
dataflow,IMF.STA:FSIC(13.0.1),R,COL,S12CFSI,ROA_CFSI_PT,M,2016-M11,2.811623000064099,0,,,,,,,,,,SC,,,,,,
dataflow,IMF.STA:FSIC(13.0.1),R,COL,S12CFSI,ROA_CFSI_PT,M,2016-M12,2.664649443180998,0,,,,,,,,,,SC,,,,,,
dataflow,IMF.STA:FSIC(13.0.1),R,COL,S12CFSI,ROA_CFSI_PT,M,2017-M01,1.814888059411965,0,,,,,,,,,,SC,,,,,,
dataflow,IMF.STA:FSIC(13.0.1),R,COL,S12CFSI,ROA_CFSI_PT,M,2017-M02,1.972348640701876,0,,,,,,,,,,SC,,,,,,
dataflow,IMF.STA:FSIC(13.0.1),R,COL,S12CFSI,ROA_CFSI_PT,M,2017-M03,2.428560059942176,0,,,,,,,,,,SC,,,,,,
dataflow,IMF.STA:FSIC(13.0.1),R,COL,S12CFSI,ROA_CFSI_PT,M,2017-M04,2.255886158948095,0,,,,,,,,,,SC,,,,,,
dataflow,IMF.STA:FSIC(13.0.1),R,COL,S12CFSI,ROA_CFSI_PT,M,2017-M05,2.152200490414264,0,,,,,,,,,,SC,,,,,,
dataflow,IMF.STA:FSIC(13.0.1),R,COL,S12CFSI,ROA_CFSI_PT,M,2017-M06,2.043542372786619,0,,,,,,,,,,SC,,,,,,
dataflow,IMF.STA:FSIC(13.0.1),R,COL,S12CFSI,ROA_CFSI_PT,M,2017-M07,1.961036344443989,0,,,,,,,,,,SC,,,,,,
dataflow,IMF.STA:FSIC(13.0.1),R,COL,S12CFSI,ROA_CFSI_PT,M,2017-M08,1.909816323821292,0,,,,,,,,,,SC,,,,,,
dataflow,IMF.STA:FSIC(13.0.1),R,COL,S12CFSI,ROA_CFSI_PT,M,2017-M09,1.873189961014391,0,,,,,,,,,,SC,,,,,,
dataflow,IMF.STA:FSIC(13.0.1),R,COL,S12CFSI,ROA_CFSI_PT,M,2017-M10,1.880339188119633,0,,,,,,,,,,SC,,,,,,
dataflow,IMF.STA:FSIC(13.0.1),R,COL,S12CFSI,ROA_CFSI_PT,M,2017-M11,1.831861142725814,0,,,,,,,,,,SC,,,,,,
dataflow,IMF.STA:FSIC(13.0.1),R,COL,S12CFSI,ROA_CFSI_PT,M,2017-M12,1.857826566480534,0,,,,,,,,,,SC,,,,,,
dataflow,IMF.STA:FSIC(13.0.1),R,COL,S12CFSI,ROA_CFSI_PT,M,2018-M01,2.99519849009928,0,,,,,,,,,,SC,,,,,,
dataflow,IMF.STA:FSIC(13.0.1),R,COL,S12CFSI,ROA_CFSI_PT,M,2018-M02,2.309726766282254,0,,,,,,,,,,SC,,,,,,
dataflow,IMF.STA:FSIC(13.0.1),R,COL,S12CFSI,ROA_CFSI_PT,M,2018-M03,2.653172266575571,0,,,,,,,,,,SC,,,,,,
dataflow,IMF.STA:FSIC(13.0.1),R,COL,S12CFSI,ROA_CFSI_PT,M,2018-M04,2.6129014855581,0,,,,,,,,,,SC,,,,,,
dataflow,IMF.STA:FSIC(13.0.1),R,COL,S12CFSI,ROA_CFSI_PT,M,2018-M05,2.439817008740166,0,,,,,,,,,,SC,,,,,,
dataflow,IMF.STA:FSIC(13.0.1),R,COL,S12CFSI,ROA_CFSI_PT,M,2018-M06,2.41692646783934,0,,,,,,,,,,SC,,,,,,
dataflow,IMF.STA:FSIC(13.0.1),R,COL,S12CFSI,ROA_CFSI_PT,M,2018-M07,2.381108920336981,0,,,,,,,,,,SC,,,,,,
dataflow,IMF.STA:FSIC(13.0.1),R,COL,S12CFSI,ROA_CFSI_PT,M,2018-M08,2.394751890654532,0,,,,,,,,,,SC,,,,,,
dataflow,IMF.STA:FSIC(13.0.1),R,COL,S12CFSI,ROA_CFSI_PT,M,2018-M09,2.568046224880465,0,,,,,,,,,,SC,,,,,,
dataflow,IMF.STA:FSIC(13.0.1),R,COL,S12CFSI,ROA_CFSI_PT,M,2018-M10,2.703212156530348,0,,,,,,,,,,SC,,,,,,
dataflow,IMF.STA:FSIC(13.0.1),R,COL,S12CFSI,ROA_CFSI_PT,M,2018-M11,2.731702083407911,0,,,,,,,,,,SC,,,,,,
dataflow,IMF.STA:FSIC(13.0.1),R,COL,S12CFSI,ROA_CFSI_PT,M,2018-M12,2.74116981930252,0,,,,,,,,,,SC,,,,,,
dataflow,IMF.STA:FSIC(13.0.1),R,COL,S12CFSI,ROA_CFSI_PT,M,2019-M01,2.224842141902845,0,,,,,,,,,,SC,,,,,,
dataflow,IMF.STA:FSIC(13.0.1),R,COL,S12CFSI,ROA_CFSI_PT,M,2019-M02,2.356170201869576,0,,,,,,,,,,SC,,,,,,
dataflow,IMF.STA:FSIC(13.0.1),R,COL,S12CFSI,ROA_CFSI_PT,M,2019-M03,2.555005177900287,0,,,,,,,,,,SC,,,,,,
dataflow,IMF.STA:FSIC(13.0.1),R,COL,S12CFSI,ROA_CFSI_PT,M,2019-M04,2.483451236126176,0,,,,,,,,,,SC,,,,,,
dataflow,IMF.STA:FSIC(13.0.1),R,COL,S12CFSI,ROA_CFSI_PT,M,2019-M05,2.44650096782373,0,,,,,,,,,,SC,,,,,,
dataflow,IMF.STA:FSIC(13.0.1),R,COL,S12CFSI,ROA_CFSI_PT,M,2019-M06,2.41319810691102,0,,,,,,,,,,SC,,,,,,
dataflow,IMF.STA:FSIC(13.0.1),R,COL,S12CFSI,ROA_CFSI_PT,M,2019-M07,2.394770085303217,0,,,,,,,,,,SC,,,,,,
dataflow,IMF.STA:FSIC(13.0.1),R,COL,S12CFSI,ROA_CFSI_PT,M,2019-M08,2.398031062540734,0,,,,,,,,,,SC,,,,,,
dataflow,IMF.STA:FSIC(13.0.1),R,COL,S12CFSI,ROA_CFSI_PT,M,2019-M09,2.368857853744413,0,,,,,,,,,,SC,,,,,,
dataflow,IMF.STA:FSIC(13.0.1),R,COL,S12CFSI,ROA_CFSI_PT,M,2019-M10,2.311287154630861,0,,,,,,,,,,SC,,,,,,
dataflow,IMF.STA:FSIC(13.0.1),R,COL,S12CFSI,ROA_CFSI_PT,M,2019-M11,2.203376916197973,0,,,,,,,,,,SC,,,,,,
dataflow,IMF.STA:FSIC(13.0.1),R,COL,S12CFSI,ROA_CFSI_PT,M,2019-M12,2.21800128739065,0,,,,,,,,,,SC,,,,,,
dataflow,IMF.STA:FSIC(13.0.1),R,COL,S12CFSI,ROA_CFSI_PT,M,2020-M01,2.287360141620964,0,,,,,,,,,,SC,,,,,,
dataflow,IMF.STA:FSIC(13.0.1),R,COL,S12CFSI,ROA_CFSI_PT,M,2020-M02,2.011503073073756,0,,,,,,,,,,SC,,,,,,
dataflow,IMF.STA:FSIC(13.0.1),R,COL,S12CFSI,ROA_CFSI_PT,M,2020-M03,1.887926261022724,0,,,,,,,,,,SC,,,,,,
dataflow,IMF.STA:FSIC(13.0.1),R,COL,S12CFSI,ROA_CFSI_PT,M,2020-M04,1.570944616667614,0,,,,,,,,,,SC,,,,,,
dataflow,IMF.STA:FSIC(13.0.1),R,COL,S12CFSI,ROA_CFSI_PT,M,2020-M05,1.526447185646786,0,,,,,,,,,,SC,,,,,,
dataflow,IMF.STA:FSIC(13.0.1),R,COL,S12CFSI,ROA_CFSI_PT,M,2020-M06,1.220495588503774,0,,,,,,,,,,SC,,,,,,
dataflow,IMF.STA:FSIC(13.0.1),R,COL,S12CFSI,ROA_CFSI_PT,M,2020-M07,1.180901581675762,0,,,,,,,,,,SC,,,,,,
dataflow,IMF.STA:FSIC(13.0.1),R,COL,S12CFSI,ROA_CFSI_PT,M,2020-M08,1.053465908404769,0,,,,,,,,,,SC,,,,,,
dataflow,IMF.STA:FSIC(13.0.1),R,COL,S12CFSI,ROA_CFSI_PT,M,2020-M09,1.040974175126017,0,,,,,,,,,,SC,,,,,,
dataflow,IMF.STA:FSIC(13.0.1),R,COL,S12CFSI,ROA_CFSI_PT,M,2020-M10,0.9561797348714301,0,,,,,,,,,,SC,,,,,,
dataflow,IMF.STA:FSIC(13.0.1),R,COL,S12CFSI,ROA_CFSI_PT,M,2020-M11,0.9739798695023148,0,,,,,,,,,,SC,,,,,,
dataflow,IMF.STA:FSIC(13.0.1),R,COL,S12CFSI,ROA_CFSI_PT,M,2020-M12,0.9397818735297786,0,,,,,,,,,,SC,,,,,,
dataflow,IMF.STA:FSIC(13.0.1),R,COL,S12CFSI,ROA_CFSI_PT,M,2021-M01,1.388427516835796,0,,,,,,,,,,SC,,,,,,
dataflow,IMF.STA:FSIC(13.0.1),R,COL,S12CFSI,ROA_CFSI_PT,M,2021-M02,1.311484294309147,0,,,,,,,,,,SC,,,,,,
dataflow,IMF.STA:FSIC(13.0.1),R,COL,S12CFSI,ROA_CFSI_PT,M,2021-M03,1.707780627062946,0,,,,,,,,,,SC,,,,,,
dataflow,IMF.STA:FSIC(13.0.1),R,COL,S12CFSI,ROA_CFSI_PT,M,2021-M04,1.806604671180393,0,,,,,,,,,,SC,,,,,,
dataflow,IMF.STA:FSIC(13.0.1),R,COL,S12CFSI,ROA_CFSI_PT,M,2021-M05,1.73363970166066,0,,,,,,,,,,SC,,,,,,
dataflow,IMF.STA:FSIC(13.0.1),R,COL,S12CFSI,ROA_CFSI_PT,M,2021-M06,1.796869589331302,0,,,,,,,,,,SC,,,,,,
dataflow,IMF.STA:FSIC(13.0.1),R,COL,S12CFSI,ROA_CFSI_PT,M,2021-M07,2.091489173046454,0,,,,,,,,,,SC,,,,,,
dataflow,IMF.STA:FSIC(13.0.1),R,COL,S12CFSI,ROA_CFSI_PT,M,2021-M08,2.109172768596329,0,,,,,,,,,,SC,,,,,,
dataflow,IMF.STA:FSIC(13.0.1),R,COL,S12CFSI,ROA_CFSI_PT,M,2021-M09,2.180270048093884,0,,,,,,,,,,SC,,,,,,
dataflow,IMF.STA:FSIC(13.0.1),R,COL,S12CFSI,ROA_CFSI_PT,M,2021-M10,2.233766428143256,0,,,,,,,,,,SC,,,,,,
dataflow,IMF.STA:FSIC(13.0.1),R,COL,S12CFSI,ROA_CFSI_PT,M,2021-M11,2.21551744572628,0,,,,,,,,,,SC,,,,,,
dataflow,IMF.STA:FSIC(13.0.1),R,COL,S12CFSI,ROA_CFSI_PT,M,2021-M12,2.336860545346541,0,,,,,,,,,,SC,,,,,,
dataflow,IMF.STA:FSIC(13.0.1),R,COL,S12CFSI,ROA_CFSI_PT,M,2022-M01,2.249879454127692,0,,,,,,,,,,SC,,,,,,
dataflow,IMF.STA:FSIC(13.0.1),R,COL,S12CFSI,ROA_CFSI_PT,M,2022-M02,2.3689133410329,0,,,,,,,,,,SC,,,,,,
dataflow,IMF.STA:FSIC(13.0.1),R,COL,S12CFSI,ROA_CFSI_PT,M,2022-M03,3.227333933051895,0,,,,,,,,,,SC,,,,,,
dataflow,IMF.STA:FSIC(13.0.1),R,COL,S12CFSI,ROA_CFSI_PT,M,2022-M04,3.178504946108864,0,,,,,,,,,,SC,,,,,,
dataflow,IMF.STA:FSIC(13.0.1),R,COL,S12CFSI,ROA_CFSI_PT,M,2022-M05,3.037495920360245,0,,,,,,,,,,SC,,,,,,
dataflow,IMF.STA:FSIC(13.0.1),R,COL,S12CFSI,ROA_CFSI_PT,M,2022-M06,2.966057218569275,0,,,,,,,,,,SC,,,,,,
dataflow,IMF.STA:FSIC(13.0.1),R,COL,S12CFSI,ROA_CFSI_PT,M,2022-M07,2.790587314894955,0,,,,,,,,,,SC,,,,,,
dataflow,IMF.STA:FSIC(13.0.1),R,COL,S12CFSI,ROA_CFSI_PT,M,2022-M08,2.785591311345115,0,,,,,,,,,,SC,,,,,,
dataflow,IMF.STA:FSIC(13.0.1),R,COL,S12CFSI,ROA_CFSI_PT,M,2022-M09,2.696045990260107,0,,,,,,,,,,SC,,,,,,
dataflow,IMF.STA:FSIC(13.0.1),R,COL,S12CFSI,ROA_CFSI_PT,M,2022-M10,2.553137734039467,0,,,,,,,,,,SC,,,,,,
dataflow,IMF.STA:FSIC(13.0.1),R,COL,S12CFSI,ROA_CFSI_PT,M,2022-M11,2.424905979814519,0,,,,,,,,,,SC,,,,,,
dataflow,IMF.STA:FSIC(13.0.1),R,COL,S12CFSI,ROA_CFSI_PT,M,2022-M12,2.213914894802292,0,,,,,,,,,,SC,,,,,,
dataflow,IMF.STA:FSIC(13.0.1),R,COL,S12CFSI,ROA_CFSI_PT,M,2023-M01,1.58349543113947,0,,,,,,,,,,SC,,,,,,
dataflow,IMF.STA:FSIC(13.0.1),R,COL,S12CFSI,ROA_CFSI_PT,M,2023-M02,1.566180655243562,0,,,,,,,,,,SC,,,,,,
dataflow,IMF.STA:FSIC(13.0.1),R,COL,S12CFSI,ROA_CFSI_PT,M,2023-M03,1.963306565749478,0,,,,,,,,,,SC,,,,,,
dataflow,IMF.STA:FSIC(13.0.1),R,COL,S12CFSI,ROA_CFSI_PT,M,2023-M04,1.745778697429005,0,,,,,,,,,,SC,,,,,,
dataflow,IMF.STA:FSIC(13.0.1),R,COL,S12CFSI,ROA_CFSI_PT,M,2023-M05,1.538121150398101,0,,,,,,,,,,SC,,,,,,
dataflow,IMF.STA:FSIC(13.0.1),R,COL,S12CFSI,ROA_CFSI_PT,M,2023-M06,1.431797527735312,0,,,,,,,,,,SC,,,,,,
dataflow,IMF.STA:FSIC(13.0.1),R,COL,S12CFSI,ROA_CFSI_PT,M,2023-M07,1.319138793696145,0,,,,,,,,,,SC,,,,,,
dataflow,IMF.STA:FSIC(13.0.1),R,COL,S12CFSI,ROA_CFSI_PT,M,2023-M08,1.268053114929876,0,,,,,,,,,,SC,,,,,,
dataflow,IMF.STA:FSIC(13.0.1),R,COL,S12CFSI,ROA_CFSI_PT,M,2023-M09,1.239075737136474,0,,,,,,,,,,SC,,,,,,
dataflow,IMF.STA:FSIC(13.0.1),R,COL,S12CFSI,ROA_CFSI_PT,M,2023-M10,1.166499451456696,0,,,,,,,,,,SC,,,,,,
dataflow,IMF.STA:FSIC(13.0.1),R,COL,S12CFSI,ROA_CFSI_PT,M,2023-M11,1.157793940447275,0,,,,,,,,,,SC,,,,,,
dataflow,IMF.STA:FSIC(13.0.1),R,COL,S12CFSI,ROA_CFSI_PT,M,2023-M12,1.18843222572855,0,,,,,,,,,,SC,,,,,,
dataflow,IMF.STA:FSIC(13.0.1),R,COL,S12CFSI,ROA_CFSI_PT,M,2024-M01,1.058185120060873,0,,,,,,,,,,SC,,,,,,
dataflow,IMF.STA:FSIC(13.0.1),R,COL,S12CFSI,ROA_CFSI_PT,M,2024-M02,0.9251467198014009,0,,,,,,,,,,SC,,,,,,
dataflow,IMF.STA:FSIC(13.0.1),R,COL,S12CFSI,ROA_CFSI_PT,M,2024-M03,1.312880328059316,0,,,,,,,,,,SC,,,,,,
dataflow,IMF.STA:FSIC(13.0.1),R,COL,S12CFSI,ROA_CFSI_PT,M,2024-M04,1.087181258633585,0,,,,,,,,,,SC,,,,,,
dataflow,IMF.STA:FSIC(13.0.1),R,COL,S12CFSI,ROA_CFSI_PT,M,2024-M05,1.033773413950602,0,,,,,,,,,,SC,,,,,,
dataflow,IMF.STA:FSIC(13.0.1),R,COL,S12CFSI,ROA_CFSI_PT,M,2024-M06,1.10376237084919,0,,,,,,,,,,SC,,,,,,
dataflow,IMF.STA:FSIC(13.0.1),R,COL,S12CFSI,ROA_CFSI_PT,M,2024-M07,1.106392208738442,0,,,,,,,,,,SC,,,,,,
dataflow,IMF.STA:FSIC(13.0.1),R,COL,S12CFSI,ROA_CFSI_PT,M,2024-M08,1.137730382201422,0,,,,,,,,,,SC,,,,,,
dataflow,IMF.STA:FSIC(13.0.1),R,COL,S12CFSI,ROA_CFSI_PT,M,2024-M09,1.155135913882561,0,,,,,,,,,,SC,,,,,,
dataflow,IMF.STA:FSIC(13.0.1),R,COL,S12CFSI,ROA_CFSI_PT,M,2024-M10,1.118470314825823,0,,,,,,,,,,SC,,,,,,
dataflow,IMF.STA:FSIC(13.0.1),R,COL,S12CFSI,ROA_CFSI_PT,M,2024-M11,1.112156305576892,0,,,,,,,,,,SC,,,,,,
dataflow,IMF.STA:FSIC(13.0.1),R,COL,S12CFSI,ROA_CFSI_PT,M,2024-M12,1.132613953431483,0,,,,,,,,,,SC,,,,,,
dataflow,IMF.STA:FSIC(13.0.1),R,COL,S12CFSI,ROA_CFSI_PT,M,2025-M01,1.436504030521113,0,,,,,,,,,,SC,,,,,,
dataflow,IMF.STA:FSIC(13.0.1),R,COL,S12CFSI,ROA_CFSI_PT,M,2025-M02,1.451948814325508,0,,,,,,,,,,SC,,,,,,
dataflow,IMF.STA:FSIC(13.0.1),R,COL,S12CFSI,ROA_CFSI_PT,M,2025-M03,1.774122562428164,0,,,,,,,,,,SC,,,,,,
dataflow,IMF.STA:FSIC(13.0.1),R,COL,S12CFSI,ROA_CFSI_PT,M,2025-M04,1.730285486321543,0,,,,,,,,,,SC,,,,,,
dataflow,IMF.STA:FSIC(13.0.1),R,COL,S12CFSI,ROA_CFSI_PT,M,2025-M05,2.11234922121954,0,,,,,,,,,,SC,,,,,,
dataflow,IMF.STA:FSIC(13.0.1),R,COL,S12CFSI,ROA_CFSI_PT,M,2025-M06,2.570342203629481,0,,,,,,,,,,SC,,,,,,
dataflow,IMF.STA:FSIC(13.0.1),R,COL,S12CFSI,ROA_CFSI_PT,M,2025-M07,1.824365548193917,0,,,,,,,,,,SC,,,,,,
dataflow,IMF.STA:FSIC(13.0.1),R,COL,S12CFSI,ROA_CFSI_PT,M,2025-M08,1.811176297554167,0,,,,,,,,,,SC,,,,,,
dataflow,IMF.STA:FSIC(13.0.1),R,COL,S12CFSI,ROA_CFSI_PT,M,2025-M09,1.869459705282593,0,,,,,,,,,,SC,,,,,,
dataflow,IMF.STA:FSIC(13.0.1),R,COL,S12CFSI,ROA_CFSI_PT,M,2025-M10,1.948483997148883,0,,,,,,,,,,SC,,,,,,
dataflow,IMF.STA:FSIC(13.0.1),R,COL,S12CFSI,ROA_CFSI_PT,M,2025-M11,1.951352248191733,0,,,,,,,,,,SC,,,,,,
dataflow,IMF.STA:FSIC(13.0.1),R,COL,S12CFSI,ROA_CFSI_PT,M,2025-M12,2.084903058151509,0,,,,,,,,,,SC,,,,,,
dataflow,IMF.STA:FSIC(13.0.1),R,COL,S12CFSI,ROA_CFSI_PT,M,2026-M01,2.39796632248516,0,,,,,,,,,,SC,,,,,,
dataflow,IMF.STA:FSIC(13.0.1),R,COL,S12CFSI,ROA_CFSI_PT,M,2026-M02,1.724439740515944,0,,,,,,,,,,SC,,,,,,
dataflow,IMF.STA:FSIC(13.0.1),R,COL,S12CFSI,ROA_CFSI_PT,M,2026-M03,2.079893965291295,0,,,,,,,,,,SC,,,,,,
dataflow,IMF.STA:FSIC(13.0.1),R,COL,S12CFSI,ROA_CFSI_PT,Q,2005-Q1,3.524768307655956,0,,,,,,,,,,SC,,,,,,
dataflow,IMF.STA:FSIC(13.0.1),R,COL,S12CFSI,ROA_CFSI_PT,Q,2005-Q2,3.97216843259218,0,,,,,,,,,,SC,,,,,,
dataflow,IMF.STA:FSIC(13.0.1),R,COL,S12CFSI,ROA_CFSI_PT,Q,2005-Q3,3.946974371547046,0,,,,,,,,,,SC,,,,,,
dataflow,IMF.STA:FSIC(13.0.1),R,COL,S12CFSI,ROA_CFSI_PT,Q,2005-Q4,4.002333297774885,0,,,,,,,,,,SC,,,,,,
dataflow,IMF.STA:FSIC(13.0.1),R,COL,S12CFSI,ROA_CFSI_PT,Q,2006-Q1,3.768089778314345,0,,,,,,,,,,SC,,,,,,
dataflow,IMF.STA:FSIC(13.0.1),R,COL,S12CFSI,ROA_CFSI_PT,Q,2006-Q2,3.147913284874689,0,,,,,,,,,,SC,,,,,,
dataflow,IMF.STA:FSIC(13.0.1),R,COL,S12CFSI,ROA_CFSI_PT,Q,2006-Q3,3.126605415896937,0,,,,,,,,,,SC,,,,,,
dataflow,IMF.STA:FSIC(13.0.1),R,COL,S12CFSI,ROA_CFSI_PT,Q,2006-Q4,3.133917310388857,0,,,,,,,,,,SC,,,,,,
dataflow,IMF.STA:FSIC(13.0.1),R,COL,S12CFSI,ROA_CFSI_PT,Q,2007-Q1,3.068855117683519,0,,,,,,,,,,SC,,,,,,
dataflow,IMF.STA:FSIC(13.0.1),R,COL,S12CFSI,ROA_CFSI_PT,Q,2007-Q2,2.93709145497283,0,,,,,,,,,,SC,,,,,,
dataflow,IMF.STA:FSIC(13.0.1),R,COL,S12CFSI,ROA_CFSI_PT,Q,2007-Q3,3.000539720428734,0,,,,,,,,,,SC,,,,,,
dataflow,IMF.STA:FSIC(13.0.1),R,COL,S12CFSI,ROA_CFSI_PT,Q,2007-Q4,2.8056129729812,0,,,,,,,,,,SC,,,,,,
dataflow,IMF.STA:FSIC(13.0.1),R,COL,S12CFSI,ROA_CFSI_PT,Q,2008-Q1,3.611347953095573,0,,,,,,,,,,SC,,,,,,
dataflow,IMF.STA:FSIC(13.0.1),R,COL,S12CFSI,ROA_CFSI_PT,Q,2008-Q2,3.323917637004688,0,,,,,,,,,,SC,,,,,,
dataflow,IMF.STA:FSIC(13.0.1),R,COL,S12CFSI,ROA_CFSI_PT,Q,2008-Q3,3.408661939213411,0,,,,,,,,,,SC,,,,,,
dataflow,IMF.STA:FSIC(13.0.1),R,COL,S12CFSI,ROA_CFSI_PT,Q,2008-Q4,3.030866760565738,0,,,,,,,,,,SC,,,,,,
dataflow,IMF.STA:FSIC(13.0.1),R,COL,S12CFSI,ROA_CFSI_PT,Q,2009-Q1,3.763323893874823,0,,,,,,,,,,SC,,,,,,
dataflow,IMF.STA:FSIC(13.0.1),R,COL,S12CFSI,ROA_CFSI_PT,Q,2009-Q2,3.26672798785902,0,,,,,,,,,,SC,,,,,,
dataflow,IMF.STA:FSIC(13.0.1),R,COL,S12CFSI,ROA_CFSI_PT,Q,2009-Q3,3.384923813360631,0,,,,,,,,,,SC,,,,,,
dataflow,IMF.STA:FSIC(13.0.1),R,COL,S12CFSI,ROA_CFSI_PT,Q,2009-Q4,3.059942721811951,0,,,,,,,,,,SC,,,,,,
dataflow,IMF.STA:FSIC(13.0.1),R,COL,S12CFSI,ROA_CFSI_PT,Q,2010-Q1,3.470355912345765,0,,,,,,,,,,SC,,,,,,
dataflow,IMF.STA:FSIC(13.0.1),R,COL,S12CFSI,ROA_CFSI_PT,Q,2010-Q2,3.11134956671528,0,,,,,,,,,,SC,,,,,,
dataflow,IMF.STA:FSIC(13.0.1),R,COL,S12CFSI,ROA_CFSI_PT,Q,2010-Q3,3.169022785790741,0,,,,,,,,,,SC,,,,,,
dataflow,IMF.STA:FSIC(13.0.1),R,COL,S12CFSI,ROA_CFSI_PT,Q,2010-Q4,2.879014726741441,0,,,,,,,,,,SC,,,,,,
dataflow,IMF.STA:FSIC(13.0.1),R,COL,S12CFSI,ROA_CFSI_PT,Q,2011-Q1,3.507616433887286,0,,,,,,,,,,SC,,,,,,
dataflow,IMF.STA:FSIC(13.0.1),R,COL,S12CFSI,ROA_CFSI_PT,Q,2011-Q2,3.054670511913904,0,,,,,,,,,,SC,,,,,,
dataflow,IMF.STA:FSIC(13.0.1),R,COL,S12CFSI,ROA_CFSI_PT,Q,2011-Q3,2.940942793818141,0,,,,,,,,,,SC,,,,,,
dataflow,IMF.STA:FSIC(13.0.1),R,COL,S12CFSI,ROA_CFSI_PT,Q,2011-Q4,2.842455504394103,0,,,,,,,,,,SC,,,,,,
dataflow,IMF.STA:FSIC(13.0.1),R,COL,S12CFSI,ROA_CFSI_PT,Q,2012-Q1,3.39250507946168,0,,,,,,,,,,SC,,,,,,
dataflow,IMF.STA:FSIC(13.0.1),R,COL,S12CFSI,ROA_CFSI_PT,Q,2012-Q2,2.924476347620684,0,,,,,,,,,,SC,,,,,,
dataflow,IMF.STA:FSIC(13.0.1),R,COL,S12CFSI,ROA_CFSI_PT,Q,2012-Q3,2.752160336883762,0,,,,,,,,,,SC,,,,,,
dataflow,IMF.STA:FSIC(13.0.1),R,COL,S12CFSI,ROA_CFSI_PT,Q,2012-Q4,2.676620025719835,0,,,,,,,,,,SC,,,,,,
dataflow,IMF.STA:FSIC(13.0.1),R,COL,S12CFSI,ROA_CFSI_PT,Q,2013-Q1,3.547037231823808,0,,,,,,,,,,SC,,,,,,
dataflow,IMF.STA:FSIC(13.0.1),R,COL,S12CFSI,ROA_CFSI_PT,Q,2013-Q2,2.480047815254549,0,,,,,,,,,,SC,,,,,,
dataflow,IMF.STA:FSIC(13.0.1),R,COL,S12CFSI,ROA_CFSI_PT,Q,2013-Q3,2.444677786685342,0,,,,,,,,,,SC,,,,,,
dataflow,IMF.STA:FSIC(13.0.1),R,COL,S12CFSI,ROA_CFSI_PT,Q,2013-Q4,2.338354226492586,0,,,,,,,,,,SC,,,,,,
dataflow,IMF.STA:FSIC(13.0.1),R,COL,S12CFSI,ROA_CFSI_PT,Q,2014-Q1,2.914631796486607,0,,,,,,,,,,SC,,,,,,
dataflow,IMF.STA:FSIC(13.0.1),R,COL,S12CFSI,ROA_CFSI_PT,Q,2014-Q2,2.496226794814038,0,,,,,,,,,,SC,,,,,,
dataflow,IMF.STA:FSIC(13.0.1),R,COL,S12CFSI,ROA_CFSI_PT,Q,2014-Q3,2.424305351676331,0,,,,,,,,,,SC,,,,,,
dataflow,IMF.STA:FSIC(13.0.1),R,COL,S12CFSI,ROA_CFSI_PT,Q,2014-Q4,2.412686672406605,0,,,,,,,,,,SC,,,,,,
dataflow,IMF.STA:FSIC(13.0.1),R,COL,S12CFSI,ROA_CFSI_PT,Q,2015-Q1,3.242152732861001,0,,,,,,,,,,SC,,,,,,
dataflow,IMF.STA:FSIC(13.0.1),R,COL,S12CFSI,ROA_CFSI_PT,Q,2015-Q2,2.820833514442203,0,,,,,,,,,,SC,,,,,,
dataflow,IMF.STA:FSIC(13.0.1),R,COL,S12CFSI,ROA_CFSI_PT,Q,2015-Q3,2.658549913986757,0,,,,,,,,,,SC,,,,,,
dataflow,IMF.STA:FSIC(13.0.1),R,COL,S12CFSI,ROA_CFSI_PT,Q,2015-Q4,2.365148668720943,0,,,,,,,,,,SC,,,,,,
dataflow,IMF.STA:FSIC(13.0.1),R,COL,S12CFSI,ROA_CFSI_PT,Q,2016-Q1,2.685266421700772,0,,,,,,,,,,SC,,,,,,
dataflow,IMF.STA:FSIC(13.0.1),R,COL,S12CFSI,ROA_CFSI_PT,Q,2016-Q2,3.328170137236844,0,,,,,,,,,,SC,,,,,,
dataflow,IMF.STA:FSIC(13.0.1),R,COL,S12CFSI,ROA_CFSI_PT,Q,2016-Q3,2.950201450355075,0,,,,,,,,,,SC,,,,,,
dataflow,IMF.STA:FSIC(13.0.1),R,COL,S12CFSI,ROA_CFSI_PT,Q,2016-Q4,2.664649443180998,0,,,,,,,,,,SC,,,,,,
dataflow,IMF.STA:FSIC(13.0.1),R,COL,S12CFSI,ROA_CFSI_PT,Q,2017-Q1,2.428560059942176,0,,,,,,,,,,SC,,,,,,
dataflow,IMF.STA:FSIC(13.0.1),R,COL,S12CFSI,ROA_CFSI_PT,Q,2017-Q2,2.043542372786619,0,,,,,,,,,,SC,,,,,,
dataflow,IMF.STA:FSIC(13.0.1),R,COL,S12CFSI,ROA_CFSI_PT,Q,2017-Q3,1.873189961014391,0,,,,,,,,,,SC,,,,,,
dataflow,IMF.STA:FSIC(13.0.1),R,COL,S12CFSI,ROA_CFSI_PT,Q,2017-Q4,1.857826566480534,0,,,,,,,,,,SC,,,,,,
dataflow,IMF.STA:FSIC(13.0.1),R,COL,S12CFSI,ROA_CFSI_PT,Q,2018-Q1,2.653172266575571,0,,,,,,,,,,SC,,,,,,
dataflow,IMF.STA:FSIC(13.0.1),R,COL,S12CFSI,ROA_CFSI_PT,Q,2018-Q2,2.41692646783934,0,,,,,,,,,,SC,,,,,,
dataflow,IMF.STA:FSIC(13.0.1),R,COL,S12CFSI,ROA_CFSI_PT,Q,2018-Q3,2.568046224880465,0,,,,,,,,,,SC,,,,,,
dataflow,IMF.STA:FSIC(13.0.1),R,COL,S12CFSI,ROA_CFSI_PT,Q,2018-Q4,2.74116981930252,0,,,,,,,,,,SC,,,,,,
dataflow,IMF.STA:FSIC(13.0.1),R,COL,S12CFSI,ROA_CFSI_PT,Q,2019-Q1,2.555005177900287,0,,,,,,,,,,SC,,,,,,
dataflow,IMF.STA:FSIC(13.0.1),R,COL,S12CFSI,ROA_CFSI_PT,Q,2019-Q2,2.41319810691102,0,,,,,,,,,,SC,,,,,,
dataflow,IMF.STA:FSIC(13.0.1),R,COL,S12CFSI,ROA_CFSI_PT,Q,2019-Q3,2.368857853744413,0,,,,,,,,,,SC,,,,,,
dataflow,IMF.STA:FSIC(13.0.1),R,COL,S12CFSI,ROA_CFSI_PT,Q,2019-Q4,2.21800128739065,0,,,,,,,,,,SC,,,,,,
dataflow,IMF.STA:FSIC(13.0.1),R,COL,S12CFSI,ROA_CFSI_PT,Q,2020-Q1,1.887926261022724,0,,,,,,,,,,SC,,,,,,
dataflow,IMF.STA:FSIC(13.0.1),R,COL,S12CFSI,ROA_CFSI_PT,Q,2020-Q2,1.220495588503774,0,,,,,,,,,,SC,,,,,,
dataflow,IMF.STA:FSIC(13.0.1),R,COL,S12CFSI,ROA_CFSI_PT,Q,2020-Q3,1.040974175126017,0,,,,,,,,,,SC,,,,,,
dataflow,IMF.STA:FSIC(13.0.1),R,COL,S12CFSI,ROA_CFSI_PT,Q,2020-Q4,0.9397818735297786,0,,,,,,,,,,SC,,,,,,
dataflow,IMF.STA:FSIC(13.0.1),R,COL,S12CFSI,ROA_CFSI_PT,Q,2021-Q1,1.707780627062946,0,,,,,,,,,,SC,,,,,,
dataflow,IMF.STA:FSIC(13.0.1),R,COL,S12CFSI,ROA_CFSI_PT,Q,2021-Q2,1.796869589331302,0,,,,,,,,,,SC,,,,,,
dataflow,IMF.STA:FSIC(13.0.1),R,COL,S12CFSI,ROA_CFSI_PT,Q,2021-Q3,2.180270048093884,0,,,,,,,,,,SC,,,,,,
dataflow,IMF.STA:FSIC(13.0.1),R,COL,S12CFSI,ROA_CFSI_PT,Q,2021-Q4,2.336860545346541,0,,,,,,,,,,SC,,,,,,
dataflow,IMF.STA:FSIC(13.0.1),R,COL,S12CFSI,ROA_CFSI_PT,Q,2022-Q1,3.227333933051895,0,,,,,,,,,,SC,,,,,,
dataflow,IMF.STA:FSIC(13.0.1),R,COL,S12CFSI,ROA_CFSI_PT,Q,2022-Q2,2.966057218569275,0,,,,,,,,,,SC,,,,,,
dataflow,IMF.STA:FSIC(13.0.1),R,COL,S12CFSI,ROA_CFSI_PT,Q,2022-Q3,2.696045990260107,0,,,,,,,,,,SC,,,,,,
dataflow,IMF.STA:FSIC(13.0.1),R,COL,S12CFSI,ROA_CFSI_PT,Q,2022-Q4,2.213914894802292,0,,,,,,,,,,SC,,,,,,
dataflow,IMF.STA:FSIC(13.0.1),R,COL,S12CFSI,ROA_CFSI_PT,Q,2023-Q1,1.963306565749478,0,,,,,,,,,,SC,,,,,,
dataflow,IMF.STA:FSIC(13.0.1),R,COL,S12CFSI,ROA_CFSI_PT,Q,2023-Q2,1.431797527735312,0,,,,,,,,,,SC,,,,,,
dataflow,IMF.STA:FSIC(13.0.1),R,COL,S12CFSI,ROA_CFSI_PT,Q,2023-Q3,1.239075737136474,0,,,,,,,,,,SC,,,,,,
dataflow,IMF.STA:FSIC(13.0.1),R,COL,S12CFSI,ROA_CFSI_PT,Q,2023-Q4,1.18843222572855,0,,,,,,,,,,SC,,,,,,
dataflow,IMF.STA:FSIC(13.0.1),R,COL,S12CFSI,ROA_CFSI_PT,Q,2024-Q1,1.312880328059316,0,,,,,,,,,,SC,,,,,,
dataflow,IMF.STA:FSIC(13.0.1),R,COL,S12CFSI,ROA_CFSI_PT,Q,2024-Q2,1.10376237084919,0,,,,,,,,,,SC,,,,,,
dataflow,IMF.STA:FSIC(13.0.1),R,COL,S12CFSI,ROA_CFSI_PT,Q,2024-Q3,1.155135913882561,0,,,,,,,,,,SC,,,,,,
dataflow,IMF.STA:FSIC(13.0.1),R,COL,S12CFSI,ROA_CFSI_PT,Q,2024-Q4,1.132613953431483,0,,,,,,,,,,SC,,,,,,
dataflow,IMF.STA:FSIC(13.0.1),R,COL,S12CFSI,ROA_CFSI_PT,Q,2025-Q1,1.774122562428164,0,,,,,,,,,,SC,,,,,,
dataflow,IMF.STA:FSIC(13.0.1),R,COL,S12CFSI,ROA_CFSI_PT,Q,2025-Q2,2.570342203629481,0,,,,,,,,,,SC,,,,,,
dataflow,IMF.STA:FSIC(13.0.1),R,COL,S12CFSI,ROA_CFSI_PT,Q,2025-Q3,1.869459705282593,0,,,,,,,,,,SC,,,,,,
dataflow,IMF.STA:FSIC(13.0.1),R,COL,S12CFSI,ROA_CFSI_PT,Q,2025-Q4,2.084903058151509,0,,,,,,,,,,SC,,,,,,
dataflow,IMF.STA:FSIC(13.0.1),R,COL,S12CFSI,ROA_CFSI_PT,Q,2026-Q1,2.079893965291295,0,,,,,,,,,,SC,,,,,,
dataflow,IMF.STA:FSIC(13.0.1),R,MEX,S12CFSI,AQ12_CFSI_PT,A,2005,1.816382487388478,0,,,,,,,,,,SC,,,,,,
dataflow,IMF.STA:FSIC(13.0.1),R,MEX,S12CFSI,AQ12_CFSI_PT,A,2006,1.994421236140504,0,,,,,,,,,,SC,,,,,,
dataflow,IMF.STA:FSIC(13.0.1),R,MEX,S12CFSI,AQ12_CFSI_PT,A,2007,2.541312779935903,0,,,,,,,,,,SC,,,,,,
dataflow,IMF.STA:FSIC(13.0.1),R,MEX,S12CFSI,AQ12_CFSI_PT,A,2008,3.208025435212841,0,,,,,,,,,,SC,,,,,,
dataflow,IMF.STA:FSIC(13.0.1),R,MEX,S12CFSI,AQ12_CFSI_PT,A,2009,3.069035781490868,0,,,,,,,,,,SC,,,,,,
dataflow,IMF.STA:FSIC(13.0.1),R,MEX,S12CFSI,AQ12_CFSI_PT,A,2010,2.328385974246595,0,,,,,,,,,,SC,,,,,,
dataflow,IMF.STA:FSIC(13.0.1),R,MEX,S12CFSI,AQ12_CFSI_PT,A,2011,2.446851470614317,0,,,,,,,,,,SC,,,,,,
dataflow,IMF.STA:FSIC(13.0.1),R,MEX,S12CFSI,AQ12_CFSI_PT,A,2012,2.529220177473626,0,,,,,,,,,,SC,,,,,,
dataflow,IMF.STA:FSIC(13.0.1),R,MEX,S12CFSI,AQ12_CFSI_PT,A,2013,3.36157018477857,0,,,,,,,,,,SC,,,,,,
dataflow,IMF.STA:FSIC(13.0.1),R,MEX,S12CFSI,AQ12_CFSI_PT,A,2014,3.13402337702184,0,,,,,,,,,,SC,,,,,,
dataflow,IMF.STA:FSIC(13.0.1),R,MEX,S12CFSI,AQ12_CFSI_PT,A,2015,2.604410218078105,0,,,,,,,,,,SC,,,,,,
dataflow,IMF.STA:FSIC(13.0.1),R,MEX,S12CFSI,AQ12_CFSI_PT,A,2016,2.146763145465942,0,,,,,,,,,,SC,,,,,,
dataflow,IMF.STA:FSIC(13.0.1),R,MEX,S12CFSI,AQ12_CFSI_PT,A,2017,2.146058341814423,0,,,,,,,,,,SC,,,,,,
dataflow,IMF.STA:FSIC(13.0.1),R,MEX,S12CFSI,AQ12_CFSI_PT,A,2018,2.107737861367505,0,,,,,,,,,,SC,,,,,,
dataflow,IMF.STA:FSIC(13.0.1),R,MEX,S12CFSI,AQ12_CFSI_PT,A,2019,2.201726189697791,0,,,,,,,,,,SC,,,,,,
dataflow,IMF.STA:FSIC(13.0.1),R,MEX,S12CFSI,AQ12_CFSI_PT,A,2020,2.564017998921272,0,,,,,,,,,,SC,,,,,,
dataflow,IMF.STA:FSIC(13.0.1),R,MEX,S12CFSI,AQ12_CFSI_PT,A,2021,2.048526075382679,0,,,,,,,,,,SC,,,,,,
dataflow,IMF.STA:FSIC(13.0.1),R,MEX,S12CFSI,AQ12_CFSI_PT,A,2022,2.084824560084478,0,,,,,,,,,,SC,,,,,,
dataflow,IMF.STA:FSIC(13.0.1),R,MEX,S12CFSI,AQ12_CFSI_PT,A,2023,2.077327489696187,0,,,,,,,,,,SC,,,,,,
dataflow,IMF.STA:FSIC(13.0.1),R,MEX,S12CFSI,AQ12_CFSI_PT,A,2024,2.016038846701624,0,,,,,,,,,,SC,,,,,,
dataflow,IMF.STA:FSIC(13.0.1),R,MEX,S12CFSI,AQ12_CFSI_PT,A,2025,2.170946298011838,0,,,,,,,,,,SC,,,,,,
dataflow,IMF.STA:FSIC(13.0.1),R,MEX,S12CFSI,AQ12_CFSI_PT,M,2005-M01,2.493551365907689,0,,,,,,,,,,SC,,,,,,
dataflow,IMF.STA:FSIC(13.0.1),R,MEX,S12CFSI,AQ12_CFSI_PT,M,2005-M02,2.493372131447443,0,,,,,,,,,,SC,,,,,,
dataflow,IMF.STA:FSIC(13.0.1),R,MEX,S12CFSI,AQ12_CFSI_PT,M,2005-M03,2.416402804092966,0,,,,,,,,,,SC,,,,,,
dataflow,IMF.STA:FSIC(13.0.1),R,MEX,S12CFSI,AQ12_CFSI_PT,M,2005-M04,2.405753796226712,0,,,,,,,,,,SC,,,,,,
dataflow,IMF.STA:FSIC(13.0.1),R,MEX,S12CFSI,AQ12_CFSI_PT,M,2005-M05,2.639269655283086,0,,,,,,,,,,SC,,,,,,
dataflow,IMF.STA:FSIC(13.0.1),R,MEX,S12CFSI,AQ12_CFSI_PT,M,2005-M06,2.273924752788505,0,,,,,,,,,,SC,,,,,,
dataflow,IMF.STA:FSIC(13.0.1),R,MEX,S12CFSI,AQ12_CFSI_PT,M,2005-M07,2.257807061851444,0,,,,,,,,,,SC,,,,,,
dataflow,IMF.STA:FSIC(13.0.1),R,MEX,S12CFSI,AQ12_CFSI_PT,M,2005-M08,1.93947781441803,0,,,,,,,,,,SC,,,,,,
dataflow,IMF.STA:FSIC(13.0.1),R,MEX,S12CFSI,AQ12_CFSI_PT,M,2005-M09,1.981083558352119,0,,,,,,,,,,SC,,,,,,
dataflow,IMF.STA:FSIC(13.0.1),R,MEX,S12CFSI,AQ12_CFSI_PT,M,2005-M10,1.9634785557703,0,,,,,,,,,,SC,,,,,,
dataflow,IMF.STA:FSIC(13.0.1),R,MEX,S12CFSI,AQ12_CFSI_PT,M,2005-M11,1.964250505642258,0,,,,,,,,,,SC,,,,,,
dataflow,IMF.STA:FSIC(13.0.1),R,MEX,S12CFSI,AQ12_CFSI_PT,M,2005-M12,1.816382487388478,0,,,,,,,,,,SC,,,,,,
dataflow,IMF.STA:FSIC(13.0.1),R,MEX,S12CFSI,AQ12_CFSI_PT,M,2006-M01,1.826372042005517,0,,,,,,,,,,SC,,,,,,
dataflow,IMF.STA:FSIC(13.0.1),R,MEX,S12CFSI,AQ12_CFSI_PT,M,2006-M02,1.856926641785908,0,,,,,,,,,,SC,,,,,,
dataflow,IMF.STA:FSIC(13.0.1),R,MEX,S12CFSI,AQ12_CFSI_PT,M,2006-M03,1.670297584287839,0,,,,,,,,,,SC,,,,,,
dataflow,IMF.STA:FSIC(13.0.1),R,MEX,S12CFSI,AQ12_CFSI_PT,M,2006-M04,1.715784345186524,0,,,,,,,,,,SC,,,,,,
dataflow,IMF.STA:FSIC(13.0.1),R,MEX,S12CFSI,AQ12_CFSI_PT,M,2006-M05,1.807392882447777,0,,,,,,,,,,SC,,,,,,
dataflow,IMF.STA:FSIC(13.0.1),R,MEX,S12CFSI,AQ12_CFSI_PT,M,2006-M06,1.821778244957684,0,,,,,,,,,,SC,,,,,,
dataflow,IMF.STA:FSIC(13.0.1),R,MEX,S12CFSI,AQ12_CFSI_PT,M,2006-M07,1.861888483240657,0,,,,,,,,,,SC,,,,,,
dataflow,IMF.STA:FSIC(13.0.1),R,MEX,S12CFSI,AQ12_CFSI_PT,M,2006-M08,1.92288174729421,0,,,,,,,,,,SC,,,,,,
dataflow,IMF.STA:FSIC(13.0.1),R,MEX,S12CFSI,AQ12_CFSI_PT,M,2006-M09,1.964757411034587,0,,,,,,,,,,SC,,,,,,
dataflow,IMF.STA:FSIC(13.0.1),R,MEX,S12CFSI,AQ12_CFSI_PT,M,2006-M10,2.019796727303405,0,,,,,,,,,,SC,,,,,,
dataflow,IMF.STA:FSIC(13.0.1),R,MEX,S12CFSI,AQ12_CFSI_PT,M,2006-M11,2.095785142347929,0,,,,,,,,,,SC,,,,,,
dataflow,IMF.STA:FSIC(13.0.1),R,MEX,S12CFSI,AQ12_CFSI_PT,M,2006-M12,1.994421236140504,0,,,,,,,,,,SC,,,,,,
dataflow,IMF.STA:FSIC(13.0.1),R,MEX,S12CFSI,AQ12_CFSI_PT,M,2007-M01,2.097404278919854,0,,,,,,,,,,SC,,,,,,
dataflow,IMF.STA:FSIC(13.0.1),R,MEX,S12CFSI,AQ12_CFSI_PT,M,2007-M02,2.164950698301971,0,,,,,,,,,,SC,,,,,,
dataflow,IMF.STA:FSIC(13.0.1),R,MEX,S12CFSI,AQ12_CFSI_PT,M,2007-M03,2.15804397994258,0,,,,,,,,,,SC,,,,,,
dataflow,IMF.STA:FSIC(13.0.1),R,MEX,S12CFSI,AQ12_CFSI_PT,M,2007-M04,2.273794920715659,0,,,,,,,,,,SC,,,,,,
dataflow,IMF.STA:FSIC(13.0.1),R,MEX,S12CFSI,AQ12_CFSI_PT,M,2007-M05,2.32863685244201,0,,,,,,,,,,SC,,,,,,
dataflow,IMF.STA:FSIC(13.0.1),R,MEX,S12CFSI,AQ12_CFSI_PT,M,2007-M06,2.328855738483497,0,,,,,,,,,,SC,,,,,,
dataflow,IMF.STA:FSIC(13.0.1),R,MEX,S12CFSI,AQ12_CFSI_PT,M,2007-M07,2.489282130353219,0,,,,,,,,,,SC,,,,,,
dataflow,IMF.STA:FSIC(13.0.1),R,MEX,S12CFSI,AQ12_CFSI_PT,M,2007-M08,2.451866439294924,0,,,,,,,,,,SC,,,,,,
dataflow,IMF.STA:FSIC(13.0.1),R,MEX,S12CFSI,AQ12_CFSI_PT,M,2007-M09,2.477917220558957,0,,,,,,,,,,SC,,,,,,
dataflow,IMF.STA:FSIC(13.0.1),R,MEX,S12CFSI,AQ12_CFSI_PT,M,2007-M10,2.530805023427798,0,,,,,,,,,,SC,,,,,,
dataflow,IMF.STA:FSIC(13.0.1),R,MEX,S12CFSI,AQ12_CFSI_PT,M,2007-M11,2.526772240278358,0,,,,,,,,,,SC,,,,,,
dataflow,IMF.STA:FSIC(13.0.1),R,MEX,S12CFSI,AQ12_CFSI_PT,M,2007-M12,2.541312779935903,0,,,,,,,,,,SC,,,,,,
dataflow,IMF.STA:FSIC(13.0.1),R,MEX,S12CFSI,AQ12_CFSI_PT,M,2008-M01,2.550499282269253,0,,,,,,,,,,SC,,,,,,
dataflow,IMF.STA:FSIC(13.0.1),R,MEX,S12CFSI,AQ12_CFSI_PT,M,2008-M02,2.516558178934184,0,,,,,,,,,,SC,,,,,,
dataflow,IMF.STA:FSIC(13.0.1),R,MEX,S12CFSI,AQ12_CFSI_PT,M,2008-M03,2.467828702050714,0,,,,,,,,,,SC,,,,,,
dataflow,IMF.STA:FSIC(13.0.1),R,MEX,S12CFSI,AQ12_CFSI_PT,M,2008-M04,2.738118219499517,0,,,,,,,,,,SC,,,,,,
dataflow,IMF.STA:FSIC(13.0.1),R,MEX,S12CFSI,AQ12_CFSI_PT,M,2008-M05,2.882561633770852,0,,,,,,,,,,SC,,,,,,
dataflow,IMF.STA:FSIC(13.0.1),R,MEX,S12CFSI,AQ12_CFSI_PT,M,2008-M06,2.829647594440518,0,,,,,,,,,,SC,,,,,,
dataflow,IMF.STA:FSIC(13.0.1),R,MEX,S12CFSI,AQ12_CFSI_PT,M,2008-M07,2.919068073472366,0,,,,,,,,,,SC,,,,,,
dataflow,IMF.STA:FSIC(13.0.1),R,MEX,S12CFSI,AQ12_CFSI_PT,M,2008-M08,2.95682466568369,0,,,,,,,,,,SC,,,,,,
dataflow,IMF.STA:FSIC(13.0.1),R,MEX,S12CFSI,AQ12_CFSI_PT,M,2008-M09,3.037195356462714,0,,,,,,,,,,SC,,,,,,
dataflow,IMF.STA:FSIC(13.0.1),R,MEX,S12CFSI,AQ12_CFSI_PT,M,2008-M10,3.320525683901347,0,,,,,,,,,,SC,,,,,,
dataflow,IMF.STA:FSIC(13.0.1),R,MEX,S12CFSI,AQ12_CFSI_PT,M,2008-M11,3.521653424881344,0,,,,,,,,,,SC,,,,,,
dataflow,IMF.STA:FSIC(13.0.1),R,MEX,S12CFSI,AQ12_CFSI_PT,M,2008-M12,3.208025435212841,0,,,,,,,,,,SC,,,,,,
dataflow,IMF.STA:FSIC(13.0.1),R,MEX,S12CFSI,AQ12_CFSI_PT,M,2009-M01,3.355695594762386,0,,,,,,,,,,SC,,,,,,
dataflow,IMF.STA:FSIC(13.0.1),R,MEX,S12CFSI,AQ12_CFSI_PT,M,2009-M02,3.415964622580478,0,,,,,,,,,,SC,,,,,,
dataflow,IMF.STA:FSIC(13.0.1),R,MEX,S12CFSI,AQ12_CFSI_PT,M,2009-M03,3.427425462059913,0,,,,,,,,,,SC,,,,,,
dataflow,IMF.STA:FSIC(13.0.1),R,MEX,S12CFSI,AQ12_CFSI_PT,M,2009-M04,3.631920354021893,0,,,,,,,,,,SC,,,,,,
dataflow,IMF.STA:FSIC(13.0.1),R,MEX,S12CFSI,AQ12_CFSI_PT,M,2009-M05,3.860016245710588,0,,,,,,,,,,SC,,,,,,
dataflow,IMF.STA:FSIC(13.0.1),R,MEX,S12CFSI,AQ12_CFSI_PT,M,2009-M06,3.844231473476256,0,,,,,,,,,,SC,,,,,,
dataflow,IMF.STA:FSIC(13.0.1),R,MEX,S12CFSI,AQ12_CFSI_PT,M,2009-M07,3.764021054758879,0,,,,,,,,,,SC,,,,,,
dataflow,IMF.STA:FSIC(13.0.1),R,MEX,S12CFSI,AQ12_CFSI_PT,M,2009-M08,3.609080953439261,0,,,,,,,,,,SC,,,,,,
dataflow,IMF.STA:FSIC(13.0.1),R,MEX,S12CFSI,AQ12_CFSI_PT,M,2009-M09,3.433366752888017,0,,,,,,,,,,SC,,,,,,
dataflow,IMF.STA:FSIC(13.0.1),R,MEX,S12CFSI,AQ12_CFSI_PT,M,2009-M10,3.383339645373236,0,,,,,,,,,,SC,,,,,,
dataflow,IMF.STA:FSIC(13.0.1),R,MEX,S12CFSI,AQ12_CFSI_PT,M,2009-M11,3.336366602644489,0,,,,,,,,,,SC,,,,,,
dataflow,IMF.STA:FSIC(13.0.1),R,MEX,S12CFSI,AQ12_CFSI_PT,M,2009-M12,3.069035781490868,0,,,,,,,,,,SC,,,,,,
dataflow,IMF.STA:FSIC(13.0.1),R,MEX,S12CFSI,AQ12_CFSI_PT,M,2010-M01,3.052400743000329,0,,,,,,,,,,SC,,,,,,
dataflow,IMF.STA:FSIC(13.0.1),R,MEX,S12CFSI,AQ12_CFSI_PT,M,2010-M02,2.942073692773132,0,,,,,,,,,,SC,,,,,,
dataflow,IMF.STA:FSIC(13.0.1),R,MEX,S12CFSI,AQ12_CFSI_PT,M,2010-M03,2.769954836639633,0,,,,,,,,,,SC,,,,,,
dataflow,IMF.STA:FSIC(13.0.1),R,MEX,S12CFSI,AQ12_CFSI_PT,M,2010-M04,2.859410577221288,0,,,,,,,,,,SC,,,,,,
dataflow,IMF.STA:FSIC(13.0.1),R,MEX,S12CFSI,AQ12_CFSI_PT,M,2010-M05,2.877548885947266,0,,,,,,,,,,SC,,,,,,
dataflow,IMF.STA:FSIC(13.0.1),R,MEX,S12CFSI,AQ12_CFSI_PT,M,2010-M06,2.678201163834879,0,,,,,,,,,,SC,,,,,,
dataflow,IMF.STA:FSIC(13.0.1),R,MEX,S12CFSI,AQ12_CFSI_PT,M,2010-M07,2.704841981154953,0,,,,,,,,,,SC,,,,,,
dataflow,IMF.STA:FSIC(13.0.1),R,MEX,S12CFSI,AQ12_CFSI_PT,M,2010-M08,2.605886944478724,0,,,,,,,,,,SC,,,,,,
dataflow,IMF.STA:FSIC(13.0.1),R,MEX,S12CFSI,AQ12_CFSI_PT,M,2010-M09,2.477576281420527,0,,,,,,,,,,SC,,,,,,
dataflow,IMF.STA:FSIC(13.0.1),R,MEX,S12CFSI,AQ12_CFSI_PT,M,2010-M10,2.454832149073558,0,,,,,,,,,,SC,,,,,,
dataflow,IMF.STA:FSIC(13.0.1),R,MEX,S12CFSI,AQ12_CFSI_PT,M,2010-M11,2.458283920650189,0,,,,,,,,,,SC,,,,,,
dataflow,IMF.STA:FSIC(13.0.1),R,MEX,S12CFSI,AQ12_CFSI_PT,M,2010-M12,2.328385974246595,0,,,,,,,,,,SC,,,,,,
dataflow,IMF.STA:FSIC(13.0.1),R,MEX,S12CFSI,AQ12_CFSI_PT,M,2011-M01,2.328008340030132,0,,,,,,,,,,SC,,,,,,
dataflow,IMF.STA:FSIC(13.0.1),R,MEX,S12CFSI,AQ12_CFSI_PT,M,2011-M02,2.220617963788193,0,,,,,,,,,,SC,,,,,,
dataflow,IMF.STA:FSIC(13.0.1),R,MEX,S12CFSI,AQ12_CFSI_PT,M,2011-M03,2.231137751504443,0,,,,,,,,,,SC,,,,,,
dataflow,IMF.STA:FSIC(13.0.1),R,MEX,S12CFSI,AQ12_CFSI_PT,M,2011-M04,2.24993505147939,0,,,,,,,,,,SC,,,,,,
dataflow,IMF.STA:FSIC(13.0.1),R,MEX,S12CFSI,AQ12_CFSI_PT,M,2011-M05,2.547840155768629,0,,,,,,,,,,SC,,,,,,
dataflow,IMF.STA:FSIC(13.0.1),R,MEX,S12CFSI,AQ12_CFSI_PT,M,2011-M06,2.634900590129416,0,,,,,,,,,,SC,,,,,,
dataflow,IMF.STA:FSIC(13.0.1),R,MEX,S12CFSI,AQ12_CFSI_PT,M,2011-M07,2.679459899361168,0,,,,,,,,,,SC,,,,,,
dataflow,IMF.STA:FSIC(13.0.1),R,MEX,S12CFSI,AQ12_CFSI_PT,M,2011-M08,2.684516128358683,0,,,,,,,,,,SC,,,,,,
dataflow,IMF.STA:FSIC(13.0.1),R,MEX,S12CFSI,AQ12_CFSI_PT,M,2011-M09,2.814914534376751,0,,,,,,,,,,SC,,,,,,
dataflow,IMF.STA:FSIC(13.0.1),R,MEX,S12CFSI,AQ12_CFSI_PT,M,2011-M10,2.971851413608201,0,,,,,,,,,,SC,,,,,,
dataflow,IMF.STA:FSIC(13.0.1),R,MEX,S12CFSI,AQ12_CFSI_PT,M,2011-M11,2.967966163115865,0,,,,,,,,,,SC,,,,,,
dataflow,IMF.STA:FSIC(13.0.1),R,MEX,S12CFSI,AQ12_CFSI_PT,M,2011-M12,2.446851470614317,0,,,,,,,,,,SC,,,,,,
dataflow,IMF.STA:FSIC(13.0.1),R,MEX,S12CFSI,AQ12_CFSI_PT,M,2012-M01,2.435113025527327,0,,,,,,,,,,SC,,,,,,
dataflow,IMF.STA:FSIC(13.0.1),R,MEX,S12CFSI,AQ12_CFSI_PT,M,2012-M02,2.442429245383281,0,,,,,,,,,,SC,,,,,,
dataflow,IMF.STA:FSIC(13.0.1),R,MEX,S12CFSI,AQ12_CFSI_PT,M,2012-M03,2.443960988297852,0,,,,,,,,,,SC,,,,,,
dataflow,IMF.STA:FSIC(13.0.1),R,MEX,S12CFSI,AQ12_CFSI_PT,M,2012-M04,2.517950437603494,0,,,,,,,,,,SC,,,,,,
dataflow,IMF.STA:FSIC(13.0.1),R,MEX,S12CFSI,AQ12_CFSI_PT,M,2012-M05,2.551799826581432,0,,,,,,,,,,SC,,,,,,
dataflow,IMF.STA:FSIC(13.0.1),R,MEX,S12CFSI,AQ12_CFSI_PT,M,2012-M06,2.494035254823538,0,,,,,,,,,,SC,,,,,,
dataflow,IMF.STA:FSIC(13.0.1),R,MEX,S12CFSI,AQ12_CFSI_PT,M,2012-M07,2.520174844875929,0,,,,,,,,,,SC,,,,,,
dataflow,IMF.STA:FSIC(13.0.1),R,MEX,S12CFSI,AQ12_CFSI_PT,M,2012-M08,2.59379603857133,0,,,,,,,,,,SC,,,,,,
dataflow,IMF.STA:FSIC(13.0.1),R,MEX,S12CFSI,AQ12_CFSI_PT,M,2012-M09,2.542179780706304,0,,,,,,,,,,SC,,,,,,
dataflow,IMF.STA:FSIC(13.0.1),R,MEX,S12CFSI,AQ12_CFSI_PT,M,2012-M10,2.504050034950843,0,,,,,,,,,,SC,,,,,,
dataflow,IMF.STA:FSIC(13.0.1),R,MEX,S12CFSI,AQ12_CFSI_PT,M,2012-M11,2.521687472806434,0,,,,,,,,,,SC,,,,,,
dataflow,IMF.STA:FSIC(13.0.1),R,MEX,S12CFSI,AQ12_CFSI_PT,M,2012-M12,2.529220177473626,0,,,,,,,,,,SC,,,,,,
dataflow,IMF.STA:FSIC(13.0.1),R,MEX,S12CFSI,AQ12_CFSI_PT,M,2013-M01,2.607840163708434,0,,,,,,,,,,SC,,,,,,
dataflow,IMF.STA:FSIC(13.0.1),R,MEX,S12CFSI,AQ12_CFSI_PT,M,2013-M02,2.613618274557078,0,,,,,,,,,,SC,,,,,,
dataflow,IMF.STA:FSIC(13.0.1),R,MEX,S12CFSI,AQ12_CFSI_PT,M,2013-M03,2.64109343148889,0,,,,,,,,,,SC,,,,,,
dataflow,IMF.STA:FSIC(13.0.1),R,MEX,S12CFSI,AQ12_CFSI_PT,M,2013-M04,2.762567703275025,0,,,,,,,,,,SC,,,,,,
dataflow,IMF.STA:FSIC(13.0.1),R,MEX,S12CFSI,AQ12_CFSI_PT,M,2013-M05,3.083761722146698,0,,,,,,,,,,SC,,,,,,
dataflow,IMF.STA:FSIC(13.0.1),R,MEX,S12CFSI,AQ12_CFSI_PT,M,2013-M06,3.00412331034268,0,,,,,,,,,,SC,,,,,,
dataflow,IMF.STA:FSIC(13.0.1),R,MEX,S12CFSI,AQ12_CFSI_PT,M,2013-M07,3.248389098010191,0,,,,,,,,,,SC,,,,,,
dataflow,IMF.STA:FSIC(13.0.1),R,MEX,S12CFSI,AQ12_CFSI_PT,M,2013-M08,3.255036859396918,0,,,,,,,,,,SC,,,,,,
dataflow,IMF.STA:FSIC(13.0.1),R,MEX,S12CFSI,AQ12_CFSI_PT,M,2013-M09,3.411829968290805,0,,,,,,,,,,SC,,,,,,
dataflow,IMF.STA:FSIC(13.0.1),R,MEX,S12CFSI,AQ12_CFSI_PT,M,2013-M10,3.46174056027496,0,,,,,,,,,,SC,,,,,,
dataflow,IMF.STA:FSIC(13.0.1),R,MEX,S12CFSI,AQ12_CFSI_PT,M,2013-M11,3.371859084582739,0,,,,,,,,,,SC,,,,,,
dataflow,IMF.STA:FSIC(13.0.1),R,MEX,S12CFSI,AQ12_CFSI_PT,M,2013-M12,3.36157018477857,0,,,,,,,,,,SC,,,,,,
dataflow,IMF.STA:FSIC(13.0.1),R,MEX,S12CFSI,AQ12_CFSI_PT,M,2014-M01,3.430125619209564,0,,,,,,,,,,SC,,,,,,
dataflow,IMF.STA:FSIC(13.0.1),R,MEX,S12CFSI,AQ12_CFSI_PT,M,2014-M02,3.387042012450354,0,,,,,,,,,,SC,,,,,,
dataflow,IMF.STA:FSIC(13.0.1),R,MEX,S12CFSI,AQ12_CFSI_PT,M,2014-M03,3.374211812284588,0,,,,,,,,,,SC,,,,,,
dataflow,IMF.STA:FSIC(13.0.1),R,MEX,S12CFSI,AQ12_CFSI_PT,M,2014-M04,3.382977644358273,0,,,,,,,,,,SC,,,,,,
dataflow,IMF.STA:FSIC(13.0.1),R,MEX,S12CFSI,AQ12_CFSI_PT,M,2014-M05,3.3564205776311,0,,,,,,,,,,SC,,,,,,
dataflow,IMF.STA:FSIC(13.0.1),R,MEX,S12CFSI,AQ12_CFSI_PT,M,2014-M06,3.319022131188036,0,,,,,,,,,,SC,,,,,,
dataflow,IMF.STA:FSIC(13.0.1),R,MEX,S12CFSI,AQ12_CFSI_PT,M,2014-M07,3.352001031896965,0,,,,,,,,,,SC,,,,,,
dataflow,IMF.STA:FSIC(13.0.1),R,MEX,S12CFSI,AQ12_CFSI_PT,M,2014-M08,3.346884891008146,0,,,,,,,,,,SC,,,,,,
dataflow,IMF.STA:FSIC(13.0.1),R,MEX,S12CFSI,AQ12_CFSI_PT,M,2014-M09,3.406295671195797,0,,,,,,,,,,SC,,,,,,
dataflow,IMF.STA:FSIC(13.0.1),R,MEX,S12CFSI,AQ12_CFSI_PT,M,2014-M10,3.390083757672221,0,,,,,,,,,,SC,,,,,,
dataflow,IMF.STA:FSIC(13.0.1),R,MEX,S12CFSI,AQ12_CFSI_PT,M,2014-M11,3.324115777288423,0,,,,,,,,,,SC,,,,,,
dataflow,IMF.STA:FSIC(13.0.1),R,MEX,S12CFSI,AQ12_CFSI_PT,M,2014-M12,3.13402337702184,0,,,,,,,,,,SC,,,,,,
dataflow,IMF.STA:FSIC(13.0.1),R,MEX,S12CFSI,AQ12_CFSI_PT,M,2015-M01,3.130478499226497,0,,,,,,,,,,SC,,,,,,
dataflow,IMF.STA:FSIC(13.0.1),R,MEX,S12CFSI,AQ12_CFSI_PT,M,2015-M02,3.154393182640651,0,,,,,,,,,,SC,,,,,,
dataflow,IMF.STA:FSIC(13.0.1),R,MEX,S12CFSI,AQ12_CFSI_PT,M,2015-M03,3.038787196515986,0,,,,,,,,,,SC,,,,,,
dataflow,IMF.STA:FSIC(13.0.1),R,MEX,S12CFSI,AQ12_CFSI_PT,M,2015-M04,3.051519413607053,0,,,,,,,,,,SC,,,,,,
dataflow,IMF.STA:FSIC(13.0.1),R,MEX,S12CFSI,AQ12_CFSI_PT,M,2015-M05,3.055213510414908,0,,,,,,,,,,SC,,,,,,
dataflow,IMF.STA:FSIC(13.0.1),R,MEX,S12CFSI,AQ12_CFSI_PT,M,2015-M06,3.038558689322077,0,,,,,,,,,,SC,,,,,,
dataflow,IMF.STA:FSIC(13.0.1),R,MEX,S12CFSI,AQ12_CFSI_PT,M,2015-M07,2.946674916892714,0,,,,,,,,,,SC,,,,,,
dataflow,IMF.STA:FSIC(13.0.1),R,MEX,S12CFSI,AQ12_CFSI_PT,M,2015-M08,2.947487965945143,0,,,,,,,,,,SC,,,,,,
dataflow,IMF.STA:FSIC(13.0.1),R,MEX,S12CFSI,AQ12_CFSI_PT,M,2015-M09,2.857682837023169,0,,,,,,,,,,SC,,,,,,
dataflow,IMF.STA:FSIC(13.0.1),R,MEX,S12CFSI,AQ12_CFSI_PT,M,2015-M10,2.847275188591458,0,,,,,,,,,,SC,,,,,,
dataflow,IMF.STA:FSIC(13.0.1),R,MEX,S12CFSI,AQ12_CFSI_PT,M,2015-M11,2.803046160843173,0,,,,,,,,,,SC,,,,,,
dataflow,IMF.STA:FSIC(13.0.1),R,MEX,S12CFSI,AQ12_CFSI_PT,M,2015-M12,2.604410218078105,0,,,,,,,,,,SC,,,,,,
dataflow,IMF.STA:FSIC(13.0.1),R,MEX,S12CFSI,AQ12_CFSI_PT,M,2016-M01,2.601008289634167,0,,,,,,,,,,SC,,,,,,
dataflow,IMF.STA:FSIC(13.0.1),R,MEX,S12CFSI,AQ12_CFSI_PT,M,2016-M02,2.59931247391777,0,,,,,,,,,,SC,,,,,,
dataflow,IMF.STA:FSIC(13.0.1),R,MEX,S12CFSI,AQ12_CFSI_PT,M,2016-M03,2.556112047610912,0,,,,,,,,,,SC,,,,,,
dataflow,IMF.STA:FSIC(13.0.1),R,MEX,S12CFSI,AQ12_CFSI_PT,M,2016-M04,2.530164480093487,0,,,,,,,,,,SC,,,,,,
dataflow,IMF.STA:FSIC(13.0.1),R,MEX,S12CFSI,AQ12_CFSI_PT,M,2016-M05,2.526355738614026,0,,,,,,,,,,SC,,,,,,
dataflow,IMF.STA:FSIC(13.0.1),R,MEX,S12CFSI,AQ12_CFSI_PT,M,2016-M06,2.442413407661023,0,,,,,,,,,,SC,,,,,,
dataflow,IMF.STA:FSIC(13.0.1),R,MEX,S12CFSI,AQ12_CFSI_PT,M,2016-M07,2.415436087501805,0,,,,,,,,,,SC,,,,,,
dataflow,IMF.STA:FSIC(13.0.1),R,MEX,S12CFSI,AQ12_CFSI_PT,M,2016-M08,2.415187660992439,0,,,,,,,,,,SC,,,,,,
dataflow,IMF.STA:FSIC(13.0.1),R,MEX,S12CFSI,AQ12_CFSI_PT,M,2016-M09,2.367034117633685,0,,,,,,,,,,SC,,,,,,
dataflow,IMF.STA:FSIC(13.0.1),R,MEX,S12CFSI,AQ12_CFSI_PT,M,2016-M10,2.299615844741633,0,,,,,,,,,,SC,,,,,,
dataflow,IMF.STA:FSIC(13.0.1),R,MEX,S12CFSI,AQ12_CFSI_PT,M,2016-M11,2.272872501901355,0,,,,,,,,,,SC,,,,,,
dataflow,IMF.STA:FSIC(13.0.1),R,MEX,S12CFSI,AQ12_CFSI_PT,M,2016-M12,2.146763145465942,0,,,,,,,,,,SC,,,,,,
dataflow,IMF.STA:FSIC(13.0.1),R,MEX,S12CFSI,AQ12_CFSI_PT,M,2017-M01,2.177779856646078,0,,,,,,,,,,SC,,,,,,
dataflow,IMF.STA:FSIC(13.0.1),R,MEX,S12CFSI,AQ12_CFSI_PT,M,2017-M02,2.189829745692853,0,,,,,,,,,,SC,,,,,,
dataflow,IMF.STA:FSIC(13.0.1),R,MEX,S12CFSI,AQ12_CFSI_PT,M,2017-M03,2.175140791219784,0,,,,,,,,,,SC,,,,,,
dataflow,IMF.STA:FSIC(13.0.1),R,MEX,S12CFSI,AQ12_CFSI_PT,M,2017-M04,2.14953585395585,0,,,,,,,,,,SC,,,,,,
dataflow,IMF.STA:FSIC(13.0.1),R,MEX,S12CFSI,AQ12_CFSI_PT,M,2017-M05,2.193242900177246,0,,,,,,,,,,SC,,,,,,
dataflow,IMF.STA:FSIC(13.0.1),R,MEX,S12CFSI,AQ12_CFSI_PT,M,2017-M06,2.110148591967424,0,,,,,,,,,,SC,,,,,,
dataflow,IMF.STA:FSIC(13.0.1),R,MEX,S12CFSI,AQ12_CFSI_PT,M,2017-M07,2.131366872950941,0,,,,,,,,,,SC,,,,,,
dataflow,IMF.STA:FSIC(13.0.1),R,MEX,S12CFSI,AQ12_CFSI_PT,M,2017-M08,2.116809782405482,0,,,,,,,,,,SC,,,,,,
dataflow,IMF.STA:FSIC(13.0.1),R,MEX,S12CFSI,AQ12_CFSI_PT,M,2017-M09,2.090206520813133,0,,,,,,,,,,SC,,,,,,
dataflow,IMF.STA:FSIC(13.0.1),R,MEX,S12CFSI,AQ12_CFSI_PT,M,2017-M10,2.174521221141916,0,,,,,,,,,,SC,,,,,,
dataflow,IMF.STA:FSIC(13.0.1),R,MEX,S12CFSI,AQ12_CFSI_PT,M,2017-M11,2.20333778605576,0,,,,,,,,,,SC,,,,,,
dataflow,IMF.STA:FSIC(13.0.1),R,MEX,S12CFSI,AQ12_CFSI_PT,M,2017-M12,2.146058341814423,0,,,,,,,,,,SC,,,,,,
dataflow,IMF.STA:FSIC(13.0.1),R,MEX,S12CFSI,AQ12_CFSI_PT,M,2018-M01,2.183654418837184,0,,,,,,,,,,SC,,,,,,
dataflow,IMF.STA:FSIC(13.0.1),R,MEX,S12CFSI,AQ12_CFSI_PT,M,2018-M02,2.204994677757481,0,,,,,,,,,,SC,,,,,,
dataflow,IMF.STA:FSIC(13.0.1),R,MEX,S12CFSI,AQ12_CFSI_PT,M,2018-M03,2.187126077892316,0,,,,,,,,,,SC,,,,,,
dataflow,IMF.STA:FSIC(13.0.1),R,MEX,S12CFSI,AQ12_CFSI_PT,M,2018-M04,2.212082183208997,0,,,,,,,,,,SC,,,,,,
dataflow,IMF.STA:FSIC(13.0.1),R,MEX,S12CFSI,AQ12_CFSI_PT,M,2018-M05,2.203516484033175,0,,,,,,,,,,SC,,,,,,
dataflow,IMF.STA:FSIC(13.0.1),R,MEX,S12CFSI,AQ12_CFSI_PT,M,2018-M06,2.152165992251537,0,,,,,,,,,,SC,,,,,,
dataflow,IMF.STA:FSIC(13.0.1),R,MEX,S12CFSI,AQ12_CFSI_PT,M,2018-M07,2.193845016434954,0,,,,,,,,,,SC,,,,,,
dataflow,IMF.STA:FSIC(13.0.1),R,MEX,S12CFSI,AQ12_CFSI_PT,M,2018-M08,2.18097653424737,0,,,,,,,,,,SC,,,,,,
dataflow,IMF.STA:FSIC(13.0.1),R,MEX,S12CFSI,AQ12_CFSI_PT,M,2018-M09,2.180079712965676,0,,,,,,,,,,SC,,,,,,
dataflow,IMF.STA:FSIC(13.0.1),R,MEX,S12CFSI,AQ12_CFSI_PT,M,2018-M10,2.192146554028676,0,,,,,,,,,,SC,,,,,,
dataflow,IMF.STA:FSIC(13.0.1),R,MEX,S12CFSI,AQ12_CFSI_PT,M,2018-M11,2.179695812551656,0,,,,,,,,,,SC,,,,,,
dataflow,IMF.STA:FSIC(13.0.1),R,MEX,S12CFSI,AQ12_CFSI_PT,M,2018-M12,2.107737861367505,0,,,,,,,,,,SC,,,,,,
dataflow,IMF.STA:FSIC(13.0.1),R,MEX,S12CFSI,AQ12_CFSI_PT,M,2019-M01,2.108444557767629,0,,,,,,,,,,SC,,,,,,
dataflow,IMF.STA:FSIC(13.0.1),R,MEX,S12CFSI,AQ12_CFSI_PT,M,2019-M02,2.120391963491058,0,,,,,,,,,,SC,,,,,,
dataflow,IMF.STA:FSIC(13.0.1),R,MEX,S12CFSI,AQ12_CFSI_PT,M,2019-M03,2.090187482065445,0,,,,,,,,,,SC,,,,,,
dataflow,IMF.STA:FSIC(13.0.1),R,MEX,S12CFSI,AQ12_CFSI_PT,M,2019-M04,2.117842518635346,0,,,,,,,,,,SC,,,,,,
dataflow,IMF.STA:FSIC(13.0.1),R,MEX,S12CFSI,AQ12_CFSI_PT,M,2019-M05,2.157644186101747,0,,,,,,,,,,SC,,,,,,
dataflow,IMF.STA:FSIC(13.0.1),R,MEX,S12CFSI,AQ12_CFSI_PT,M,2019-M06,2.140849505476648,0,,,,,,,,,,SC,,,,,,
dataflow,IMF.STA:FSIC(13.0.1),R,MEX,S12CFSI,AQ12_CFSI_PT,M,2019-M07,2.200575442437803,0,,,,,,,,,,SC,,,,,,
dataflow,IMF.STA:FSIC(13.0.1),R,MEX,S12CFSI,AQ12_CFSI_PT,M,2019-M08,2.172222764327546,0,,,,,,,,,,SC,,,,,,
dataflow,IMF.STA:FSIC(13.0.1),R,MEX,S12CFSI,AQ12_CFSI_PT,M,2019-M09,2.237009851276435,0,,,,,,,,,,SC,,,,,,
dataflow,IMF.STA:FSIC(13.0.1),R,MEX,S12CFSI,AQ12_CFSI_PT,M,2019-M10,2.278137929094792,0,,,,,,,,,,SC,,,,,,
dataflow,IMF.STA:FSIC(13.0.1),R,MEX,S12CFSI,AQ12_CFSI_PT,M,2019-M11,2.240578091499661,0,,,,,,,,,,SC,,,,,,
dataflow,IMF.STA:FSIC(13.0.1),R,MEX,S12CFSI,AQ12_CFSI_PT,M,2019-M12,2.201726189697791,0,,,,,,,,,,SC,,,,,,
dataflow,IMF.STA:FSIC(13.0.1),R,MEX,S12CFSI,AQ12_CFSI_PT,M,2020-M01,2.246923974650089,0,,,,,,,,,,SC,,,,,,
dataflow,IMF.STA:FSIC(13.0.1),R,MEX,S12CFSI,AQ12_CFSI_PT,M,2020-M02,2.232281851087176,0,,,,,,,,,,SC,,,,,,
dataflow,IMF.STA:FSIC(13.0.1),R,MEX,S12CFSI,AQ12_CFSI_PT,M,2020-M03,2.311915017453882,0,,,,,,,,,,SC,,,,,,
dataflow,IMF.STA:FSIC(13.0.1),R,MEX,S12CFSI,AQ12_CFSI_PT,M,2020-M04,2.322609694296522,0,,,,,,,,,,SC,,,,,,
dataflow,IMF.STA:FSIC(13.0.1),R,MEX,S12CFSI,AQ12_CFSI_PT,M,2020-M05,2.410860331950007,0,,,,,,,,,,SC,,,,,,
dataflow,IMF.STA:FSIC(13.0.1),R,MEX,S12CFSI,AQ12_CFSI_PT,M,2020-M06,2.117427485817904,0,,,,,,,,,,SC,,,,,,
dataflow,IMF.STA:FSIC(13.0.1),R,MEX,S12CFSI,AQ12_CFSI_PT,M,2020-M07,2.094600313619973,0,,,,,,,,,,SC,,,,,,
dataflow,IMF.STA:FSIC(13.0.1),R,MEX,S12CFSI,AQ12_CFSI_PT,M,2020-M08,2.057255600435176,0,,,,,,,,,,SC,,,,,,
dataflow,IMF.STA:FSIC(13.0.1),R,MEX,S12CFSI,AQ12_CFSI_PT,M,2020-M09,2.052660014381881,0,,,,,,,,,,SC,,,,,,
dataflow,IMF.STA:FSIC(13.0.1),R,MEX,S12CFSI,AQ12_CFSI_PT,M,2020-M10,2.134676996192584,0,,,,,,,,,,SC,,,,,,
dataflow,IMF.STA:FSIC(13.0.1),R,MEX,S12CFSI,AQ12_CFSI_PT,M,2020-M11,2.457144921820795,0,,,,,,,,,,SC,,,,,,
dataflow,IMF.STA:FSIC(13.0.1),R,MEX,S12CFSI,AQ12_CFSI_PT,M,2020-M12,2.564017998921272,0,,,,,,,,,,SC,,,,,,
dataflow,IMF.STA:FSIC(13.0.1),R,MEX,S12CFSI,AQ12_CFSI_PT,M,2021-M01,2.695836078832442,0,,,,,,,,,,SC,,,,,,
dataflow,IMF.STA:FSIC(13.0.1),R,MEX,S12CFSI,AQ12_CFSI_PT,M,2021-M02,2.676545945767934,0,,,,,,,,,,SC,,,,,,
dataflow,IMF.STA:FSIC(13.0.1),R,MEX,S12CFSI,AQ12_CFSI_PT,M,2021-M03,2.561307073763835,0,,,,,,,,,,SC,,,,,,
dataflow,IMF.STA:FSIC(13.0.1),R,MEX,S12CFSI,AQ12_CFSI_PT,M,2021-M04,2.533021012927806,0,,,,,,,,,,SC,,,,,,
dataflow,IMF.STA:FSIC(13.0.1),R,MEX,S12CFSI,AQ12_CFSI_PT,M,2021-M05,2.515938422141606,0,,,,,,,,,,SC,,,,,,
dataflow,IMF.STA:FSIC(13.0.1),R,MEX,S12CFSI,AQ12_CFSI_PT,M,2021-M06,2.449854352538688,0,,,,,,,,,,SC,,,,,,
dataflow,IMF.STA:FSIC(13.0.1),R,MEX,S12CFSI,AQ12_CFSI_PT,M,2021-M07,2.362934151485424,0,,,,,,,,,,SC,,,,,,
dataflow,IMF.STA:FSIC(13.0.1),R,MEX,S12CFSI,AQ12_CFSI_PT,M,2021-M08,2.322339870376633,0,,,,,,,,,,SC,,,,,,
dataflow,IMF.STA:FSIC(13.0.1),R,MEX,S12CFSI,AQ12_CFSI_PT,M,2021-M09,2.294918936396129,0,,,,,,,,,,SC,,,,,,
dataflow,IMF.STA:FSIC(13.0.1),R,MEX,S12CFSI,AQ12_CFSI_PT,M,2021-M10,2.203367549464627,0,,,,,,,,,,SC,,,,,,
dataflow,IMF.STA:FSIC(13.0.1),R,MEX,S12CFSI,AQ12_CFSI_PT,M,2021-M11,2.145186121166209,0,,,,,,,,,,SC,,,,,,
dataflow,IMF.STA:FSIC(13.0.1),R,MEX,S12CFSI,AQ12_CFSI_PT,M,2021-M12,2.048526075382679,0,,,,,,,,,,SC,,,,,,
dataflow,IMF.STA:FSIC(13.0.1),R,MEX,S12CFSI,AQ12_CFSI_PT,M,2022-M01,2.592046981504235,0,,,,,,,,,,SC,,,,,,
dataflow,IMF.STA:FSIC(13.0.1),R,MEX,S12CFSI,AQ12_CFSI_PT,M,2022-M02,2.541025068380895,0,,,,,,,,,,SC,,,,,,
dataflow,IMF.STA:FSIC(13.0.1),R,MEX,S12CFSI,AQ12_CFSI_PT,M,2022-M03,2.447804141680203,0,,,,,,,,,,SC,,,,,,
dataflow,IMF.STA:FSIC(13.0.1),R,MEX,S12CFSI,AQ12_CFSI_PT,M,2022-M04,2.393396863007001,0,,,,,,,,,,SC,,,,,,
dataflow,IMF.STA:FSIC(13.0.1),R,MEX,S12CFSI,AQ12_CFSI_PT,M,2022-M05,2.403250756120538,0,,,,,,,,,,SC,,,,,,
dataflow,IMF.STA:FSIC(13.0.1),R,MEX,S12CFSI,AQ12_CFSI_PT,M,2022-M06,2.320408749555918,0,,,,,,,,,,SC,,,,,,
dataflow,IMF.STA:FSIC(13.0.1),R,MEX,S12CFSI,AQ12_CFSI_PT,M,2022-M07,2.335382794640268,0,,,,,,,,,,SC,,,,,,
dataflow,IMF.STA:FSIC(13.0.1),R,MEX,S12CFSI,AQ12_CFSI_PT,M,2022-M08,2.220653894306057,0,,,,,,,,,,SC,,,,,,
dataflow,IMF.STA:FSIC(13.0.1),R,MEX,S12CFSI,AQ12_CFSI_PT,M,2022-M09,2.11118955828741,0,,,,,,,,,,SC,,,,,,
dataflow,IMF.STA:FSIC(13.0.1),R,MEX,S12CFSI,AQ12_CFSI_PT,M,2022-M10,2.121080636910259,0,,,,,,,,,,SC,,,,,,
dataflow,IMF.STA:FSIC(13.0.1),R,MEX,S12CFSI,AQ12_CFSI_PT,M,2022-M11,2.103659776372387,0,,,,,,,,,,SC,,,,,,
dataflow,IMF.STA:FSIC(13.0.1),R,MEX,S12CFSI,AQ12_CFSI_PT,M,2022-M12,2.084824560084478,0,,,,,,,,,,SC,,,,,,
dataflow,IMF.STA:FSIC(13.0.1),R,MEX,S12CFSI,AQ12_CFSI_PT,M,2023-M01,2.113444865189247,0,,,,,,,,,,SC,,,,,,
dataflow,IMF.STA:FSIC(13.0.1),R,MEX,S12CFSI,AQ12_CFSI_PT,M,2023-M02,2.095741683730499,0,,,,,,,,,,SC,,,,,,
dataflow,IMF.STA:FSIC(13.0.1),R,MEX,S12CFSI,AQ12_CFSI_PT,M,2023-M03,2.088128869030393,0,,,,,,,,,,SC,,,,,,
dataflow,IMF.STA:FSIC(13.0.1),R,MEX,S12CFSI,AQ12_CFSI_PT,M,2023-M04,2.102379403534563,0,,,,,,,,,,SC,,,,,,
dataflow,IMF.STA:FSIC(13.0.1),R,MEX,S12CFSI,AQ12_CFSI_PT,M,2023-M05,2.163580428445399,0,,,,,,,,,,SC,,,,,,
dataflow,IMF.STA:FSIC(13.0.1),R,MEX,S12CFSI,AQ12_CFSI_PT,M,2023-M06,2.182802087119973,0,,,,,,,,,,SC,,,,,,
dataflow,IMF.STA:FSIC(13.0.1),R,MEX,S12CFSI,AQ12_CFSI_PT,M,2023-M07,2.186060557421806,0,,,,,,,,,,SC,,,,,,
dataflow,IMF.STA:FSIC(13.0.1),R,MEX,S12CFSI,AQ12_CFSI_PT,M,2023-M08,2.141323615470104,0,,,,,,,,,,SC,,,,,,
dataflow,IMF.STA:FSIC(13.0.1),R,MEX,S12CFSI,AQ12_CFSI_PT,M,2023-M09,2.152323412435075,0,,,,,,,,,,SC,,,,,,
dataflow,IMF.STA:FSIC(13.0.1),R,MEX,S12CFSI,AQ12_CFSI_PT,M,2023-M10,2.189822570191923,0,,,,,,,,,,SC,,,,,,
dataflow,IMF.STA:FSIC(13.0.1),R,MEX,S12CFSI,AQ12_CFSI_PT,M,2023-M11,2.199731982721459,0,,,,,,,,,,SC,,,,,,
dataflow,IMF.STA:FSIC(13.0.1),R,MEX,S12CFSI,AQ12_CFSI_PT,M,2023-M12,2.077327489696187,0,,,,,,,,,,SC,,,,,,
dataflow,IMF.STA:FSIC(13.0.1),R,MEX,S12CFSI,AQ12_CFSI_PT,M,2024-M01,2.108093468372938,0,,,,,,,,,,SC,,,,,,
dataflow,IMF.STA:FSIC(13.0.1),R,MEX,S12CFSI,AQ12_CFSI_PT,M,2024-M02,2.087492055640474,0,,,,,,,,,,SC,,,,,,
dataflow,IMF.STA:FSIC(13.0.1),R,MEX,S12CFSI,AQ12_CFSI_PT,M,2024-M03,2.000018522867202,0,,,,,,,,,,SC,,,,,,
dataflow,IMF.STA:FSIC(13.0.1),R,MEX,S12CFSI,AQ12_CFSI_PT,M,2024-M04,2.017059748095851,0,,,,,,,,,,SC,,,,,,
dataflow,IMF.STA:FSIC(13.0.1),R,MEX,S12CFSI,AQ12_CFSI_PT,M,2024-M05,2.03379910779158,0,,,,,,,,,,SC,,,,,,
dataflow,IMF.STA:FSIC(13.0.1),R,MEX,S12CFSI,AQ12_CFSI_PT,M,2024-M06,1.981410692417614,0,,,,,,,,,,SC,,,,,,
dataflow,IMF.STA:FSIC(13.0.1),R,MEX,S12CFSI,AQ12_CFSI_PT,M,2024-M07,2.005447224471779,0,,,,,,,,,,SC,,,,,,
dataflow,IMF.STA:FSIC(13.0.1),R,MEX,S12CFSI,AQ12_CFSI_PT,M,2024-M08,2.032226159140202,0,,,,,,,,,,SC,,,,,,
dataflow,IMF.STA:FSIC(13.0.1),R,MEX,S12CFSI,AQ12_CFSI_PT,M,2024-M09,2.057258811268686,0,,,,,,,,,,SC,,,,,,
dataflow,IMF.STA:FSIC(13.0.1),R,MEX,S12CFSI,AQ12_CFSI_PT,M,2024-M10,2.067803093378896,0,,,,,,,,,,SC,,,,,,
dataflow,IMF.STA:FSIC(13.0.1),R,MEX,S12CFSI,AQ12_CFSI_PT,M,2024-M11,2.047953563598596,0,,,,,,,,,,SC,,,,,,
dataflow,IMF.STA:FSIC(13.0.1),R,MEX,S12CFSI,AQ12_CFSI_PT,M,2024-M12,2.016038846701624,0,,,,,,,,,,SC,,,,,,
dataflow,IMF.STA:FSIC(13.0.1),R,MEX,S12CFSI,AQ12_CFSI_PT,M,2025-M01,2.013271526568226,0,,,,,,,,,,SC,,,,,,
dataflow,IMF.STA:FSIC(13.0.1),R,MEX,S12CFSI,AQ12_CFSI_PT,M,2025-M02,2.023680846337544,0,,,,,,,,,,SC,,,,,,
dataflow,IMF.STA:FSIC(13.0.1),R,MEX,S12CFSI,AQ12_CFSI_PT,M,2025-M03,2.000578118775149,0,,,,,,,,,,SC,,,,,,
dataflow,IMF.STA:FSIC(13.0.1),R,MEX,S12CFSI,AQ12_CFSI_PT,M,2025-M04,2.044193972751565,0,,,,,,,,,,SC,,,,,,
dataflow,IMF.STA:FSIC(13.0.1),R,MEX,S12CFSI,AQ12_CFSI_PT,M,2025-M05,2.073936990237765,0,,,,,,,,,,SC,,,,,,
dataflow,IMF.STA:FSIC(13.0.1),R,MEX,S12CFSI,AQ12_CFSI_PT,M,2025-M06,2.099192601065645,0,,,,,,,,,,SC,,,,,,
dataflow,IMF.STA:FSIC(13.0.1),R,MEX,S12CFSI,AQ12_CFSI_PT,M,2025-M07,2.12297899903111,0,,,,,,,,,,SC,,,,,,
dataflow,IMF.STA:FSIC(13.0.1),R,MEX,S12CFSI,AQ12_CFSI_PT,M,2025-M08,2.157211141601476,0,,,,,,,,,,SC,,,,,,
dataflow,IMF.STA:FSIC(13.0.1),R,MEX,S12CFSI,AQ12_CFSI_PT,M,2025-M09,2.242693300061073,0,,,,,,,,,,SC,,,,,,
dataflow,IMF.STA:FSIC(13.0.1),R,MEX,S12CFSI,AQ12_CFSI_PT,M,2025-M10,2.259234834057431,0,,,,,,,,,,SC,,,,,,
dataflow,IMF.STA:FSIC(13.0.1),R,MEX,S12CFSI,AQ12_CFSI_PT,M,2025-M11,2.245251874216636,0,,,,,,,,,,SC,,,,,,
dataflow,IMF.STA:FSIC(13.0.1),R,MEX,S12CFSI,AQ12_CFSI_PT,M,2025-M12,2.170946298011838,0,,,,,,,,,,SC,,,,,,
dataflow,IMF.STA:FSIC(13.0.1),R,MEX,S12CFSI,AQ12_CFSI_PT,M,2026-M01,2.218512159319539,0,,,,,,,,,,SC,,,,,,
dataflow,IMF.STA:FSIC(13.0.1),R,MEX,S12CFSI,AQ12_CFSI_PT,M,2026-M02,2.214769919150054,0,,,,,,,,,,SC,,,,,,
dataflow,IMF.STA:FSIC(13.0.1),R,MEX,S12CFSI,AQ12_CFSI_PT,M,2026-M03,2.191625860842365,0,,,,,,,,,,SC,,,,,,
dataflow,IMF.STA:FSIC(13.0.1),R,MEX,S12CFSI,AQ12_CFSI_PT,Q,2005-Q1,2.416402804092966,0,,,,,,,,,,SC,,,,,,
dataflow,IMF.STA:FSIC(13.0.1),R,MEX,S12CFSI,AQ12_CFSI_PT,Q,2005-Q2,2.273924752788505,0,,,,,,,,,,SC,,,,,,
dataflow,IMF.STA:FSIC(13.0.1),R,MEX,S12CFSI,AQ12_CFSI_PT,Q,2005-Q3,1.981083558352119,0,,,,,,,,,,SC,,,,,,
dataflow,IMF.STA:FSIC(13.0.1),R,MEX,S12CFSI,AQ12_CFSI_PT,Q,2005-Q4,1.816382487388478,0,,,,,,,,,,SC,,,,,,
dataflow,IMF.STA:FSIC(13.0.1),R,MEX,S12CFSI,AQ12_CFSI_PT,Q,2006-Q1,1.670297584287839,0,,,,,,,,,,SC,,,,,,
dataflow,IMF.STA:FSIC(13.0.1),R,MEX,S12CFSI,AQ12_CFSI_PT,Q,2006-Q2,1.821778244957684,0,,,,,,,,,,SC,,,,,,
dataflow,IMF.STA:FSIC(13.0.1),R,MEX,S12CFSI,AQ12_CFSI_PT,Q,2006-Q3,1.964757411034587,0,,,,,,,,,,SC,,,,,,
dataflow,IMF.STA:FSIC(13.0.1),R,MEX,S12CFSI,AQ12_CFSI_PT,Q,2006-Q4,1.994421236140504,0,,,,,,,,,,SC,,,,,,
dataflow,IMF.STA:FSIC(13.0.1),R,MEX,S12CFSI,AQ12_CFSI_PT,Q,2007-Q1,2.15804397994258,0,,,,,,,,,,SC,,,,,,
dataflow,IMF.STA:FSIC(13.0.1),R,MEX,S12CFSI,AQ12_CFSI_PT,Q,2007-Q2,2.328855738483497,0,,,,,,,,,,SC,,,,,,
dataflow,IMF.STA:FSIC(13.0.1),R,MEX,S12CFSI,AQ12_CFSI_PT,Q,2007-Q3,2.477917220558957,0,,,,,,,,,,SC,,,,,,
dataflow,IMF.STA:FSIC(13.0.1),R,MEX,S12CFSI,AQ12_CFSI_PT,Q,2007-Q4,2.541312779935903,0,,,,,,,,,,SC,,,,,,
dataflow,IMF.STA:FSIC(13.0.1),R,MEX,S12CFSI,AQ12_CFSI_PT,Q,2008-Q1,2.467828702050714,0,,,,,,,,,,SC,,,,,,
dataflow,IMF.STA:FSIC(13.0.1),R,MEX,S12CFSI,AQ12_CFSI_PT,Q,2008-Q2,2.829647594440518,0,,,,,,,,,,SC,,,,,,
dataflow,IMF.STA:FSIC(13.0.1),R,MEX,S12CFSI,AQ12_CFSI_PT,Q,2008-Q3,3.037195356462714,0,,,,,,,,,,SC,,,,,,
dataflow,IMF.STA:FSIC(13.0.1),R,MEX,S12CFSI,AQ12_CFSI_PT,Q,2008-Q4,3.208025435212841,0,,,,,,,,,,SC,,,,,,
dataflow,IMF.STA:FSIC(13.0.1),R,MEX,S12CFSI,AQ12_CFSI_PT,Q,2009-Q1,3.427425462059913,0,,,,,,,,,,SC,,,,,,
dataflow,IMF.STA:FSIC(13.0.1),R,MEX,S12CFSI,AQ12_CFSI_PT,Q,2009-Q2,3.844231473476256,0,,,,,,,,,,SC,,,,,,
dataflow,IMF.STA:FSIC(13.0.1),R,MEX,S12CFSI,AQ12_CFSI_PT,Q,2009-Q3,3.433366752888017,0,,,,,,,,,,SC,,,,,,
dataflow,IMF.STA:FSIC(13.0.1),R,MEX,S12CFSI,AQ12_CFSI_PT,Q,2009-Q4,3.069035781490868,0,,,,,,,,,,SC,,,,,,
dataflow,IMF.STA:FSIC(13.0.1),R,MEX,S12CFSI,AQ12_CFSI_PT,Q,2010-Q1,2.769954836639633,0,,,,,,,,,,SC,,,,,,
dataflow,IMF.STA:FSIC(13.0.1),R,MEX,S12CFSI,AQ12_CFSI_PT,Q,2010-Q2,2.678201163834879,0,,,,,,,,,,SC,,,,,,
dataflow,IMF.STA:FSIC(13.0.1),R,MEX,S12CFSI,AQ12_CFSI_PT,Q,2010-Q3,2.477576281420527,0,,,,,,,,,,SC,,,,,,
dataflow,IMF.STA:FSIC(13.0.1),R,MEX,S12CFSI,AQ12_CFSI_PT,Q,2010-Q4,2.328385974246595,0,,,,,,,,,,SC,,,,,,
dataflow,IMF.STA:FSIC(13.0.1),R,MEX,S12CFSI,AQ12_CFSI_PT,Q,2011-Q1,2.231137751504443,0,,,,,,,,,,SC,,,,,,
dataflow,IMF.STA:FSIC(13.0.1),R,MEX,S12CFSI,AQ12_CFSI_PT,Q,2011-Q2,2.634900590129416,0,,,,,,,,,,SC,,,,,,
dataflow,IMF.STA:FSIC(13.0.1),R,MEX,S12CFSI,AQ12_CFSI_PT,Q,2011-Q3,2.814914534376751,0,,,,,,,,,,SC,,,,,,
dataflow,IMF.STA:FSIC(13.0.1),R,MEX,S12CFSI,AQ12_CFSI_PT,Q,2011-Q4,2.446851470614317,0,,,,,,,,,,SC,,,,,,
dataflow,IMF.STA:FSIC(13.0.1),R,MEX,S12CFSI,AQ12_CFSI_PT,Q,2012-Q1,2.443960988297852,0,,,,,,,,,,SC,,,,,,
dataflow,IMF.STA:FSIC(13.0.1),R,MEX,S12CFSI,AQ12_CFSI_PT,Q,2012-Q2,2.494035254823538,0,,,,,,,,,,SC,,,,,,
dataflow,IMF.STA:FSIC(13.0.1),R,MEX,S12CFSI,AQ12_CFSI_PT,Q,2012-Q3,2.542179780706304,0,,,,,,,,,,SC,,,,,,
dataflow,IMF.STA:FSIC(13.0.1),R,MEX,S12CFSI,AQ12_CFSI_PT,Q,2012-Q4,2.529220177473626,0,,,,,,,,,,SC,,,,,,
dataflow,IMF.STA:FSIC(13.0.1),R,MEX,S12CFSI,AQ12_CFSI_PT,Q,2013-Q1,2.64109343148889,0,,,,,,,,,,SC,,,,,,
dataflow,IMF.STA:FSIC(13.0.1),R,MEX,S12CFSI,AQ12_CFSI_PT,Q,2013-Q2,3.00412331034268,0,,,,,,,,,,SC,,,,,,
dataflow,IMF.STA:FSIC(13.0.1),R,MEX,S12CFSI,AQ12_CFSI_PT,Q,2013-Q3,3.411829968290805,0,,,,,,,,,,SC,,,,,,
dataflow,IMF.STA:FSIC(13.0.1),R,MEX,S12CFSI,AQ12_CFSI_PT,Q,2013-Q4,3.36157018477857,0,,,,,,,,,,SC,,,,,,
dataflow,IMF.STA:FSIC(13.0.1),R,MEX,S12CFSI,AQ12_CFSI_PT,Q,2014-Q1,3.374211812284588,0,,,,,,,,,,SC,,,,,,
dataflow,IMF.STA:FSIC(13.0.1),R,MEX,S12CFSI,AQ12_CFSI_PT,Q,2014-Q2,3.319022131188036,0,,,,,,,,,,SC,,,,,,
dataflow,IMF.STA:FSIC(13.0.1),R,MEX,S12CFSI,AQ12_CFSI_PT,Q,2014-Q3,3.406295671195797,0,,,,,,,,,,SC,,,,,,
dataflow,IMF.STA:FSIC(13.0.1),R,MEX,S12CFSI,AQ12_CFSI_PT,Q,2014-Q4,3.13402337702184,0,,,,,,,,,,SC,,,,,,
dataflow,IMF.STA:FSIC(13.0.1),R,MEX,S12CFSI,AQ12_CFSI_PT,Q,2015-Q1,3.038787196515986,0,,,,,,,,,,SC,,,,,,
dataflow,IMF.STA:FSIC(13.0.1),R,MEX,S12CFSI,AQ12_CFSI_PT,Q,2015-Q2,3.038558689322077,0,,,,,,,,,,SC,,,,,,
dataflow,IMF.STA:FSIC(13.0.1),R,MEX,S12CFSI,AQ12_CFSI_PT,Q,2015-Q3,2.857682837023169,0,,,,,,,,,,SC,,,,,,
dataflow,IMF.STA:FSIC(13.0.1),R,MEX,S12CFSI,AQ12_CFSI_PT,Q,2015-Q4,2.604410218078105,0,,,,,,,,,,SC,,,,,,
dataflow,IMF.STA:FSIC(13.0.1),R,MEX,S12CFSI,AQ12_CFSI_PT,Q,2016-Q1,2.556112047610912,0,,,,,,,,,,SC,,,,,,
dataflow,IMF.STA:FSIC(13.0.1),R,MEX,S12CFSI,AQ12_CFSI_PT,Q,2016-Q2,2.442413407661023,0,,,,,,,,,,SC,,,,,,
dataflow,IMF.STA:FSIC(13.0.1),R,MEX,S12CFSI,AQ12_CFSI_PT,Q,2016-Q3,2.367034117633685,0,,,,,,,,,,SC,,,,,,
dataflow,IMF.STA:FSIC(13.0.1),R,MEX,S12CFSI,AQ12_CFSI_PT,Q,2016-Q4,2.146763145465942,0,,,,,,,,,,SC,,,,,,
dataflow,IMF.STA:FSIC(13.0.1),R,MEX,S12CFSI,AQ12_CFSI_PT,Q,2017-Q1,2.175140791219784,0,,,,,,,,,,SC,,,,,,
dataflow,IMF.STA:FSIC(13.0.1),R,MEX,S12CFSI,AQ12_CFSI_PT,Q,2017-Q2,2.110148591967424,0,,,,,,,,,,SC,,,,,,
dataflow,IMF.STA:FSIC(13.0.1),R,MEX,S12CFSI,AQ12_CFSI_PT,Q,2017-Q3,2.090206520813133,0,,,,,,,,,,SC,,,,,,
dataflow,IMF.STA:FSIC(13.0.1),R,MEX,S12CFSI,AQ12_CFSI_PT,Q,2017-Q4,2.146058341814423,0,,,,,,,,,,SC,,,,,,
dataflow,IMF.STA:FSIC(13.0.1),R,MEX,S12CFSI,AQ12_CFSI_PT,Q,2018-Q1,2.187126077892316,0,,,,,,,,,,SC,,,,,,
dataflow,IMF.STA:FSIC(13.0.1),R,MEX,S12CFSI,AQ12_CFSI_PT,Q,2018-Q2,2.152165992251537,0,,,,,,,,,,SC,,,,,,
dataflow,IMF.STA:FSIC(13.0.1),R,MEX,S12CFSI,AQ12_CFSI_PT,Q,2018-Q3,2.180079712965676,0,,,,,,,,,,SC,,,,,,
dataflow,IMF.STA:FSIC(13.0.1),R,MEX,S12CFSI,AQ12_CFSI_PT,Q,2018-Q4,2.107737861367505,0,,,,,,,,,,SC,,,,,,
dataflow,IMF.STA:FSIC(13.0.1),R,MEX,S12CFSI,AQ12_CFSI_PT,Q,2019-Q1,2.090187482065445,0,,,,,,,,,,SC,,,,,,
dataflow,IMF.STA:FSIC(13.0.1),R,MEX,S12CFSI,AQ12_CFSI_PT,Q,2019-Q2,2.140849505476648,0,,,,,,,,,,SC,,,,,,
dataflow,IMF.STA:FSIC(13.0.1),R,MEX,S12CFSI,AQ12_CFSI_PT,Q,2019-Q3,2.237009851276435,0,,,,,,,,,,SC,,,,,,
dataflow,IMF.STA:FSIC(13.0.1),R,MEX,S12CFSI,AQ12_CFSI_PT,Q,2019-Q4,2.201726189697791,0,,,,,,,,,,SC,,,,,,
dataflow,IMF.STA:FSIC(13.0.1),R,MEX,S12CFSI,AQ12_CFSI_PT,Q,2020-Q1,2.311915017453882,0,,,,,,,,,,SC,,,,,,
dataflow,IMF.STA:FSIC(13.0.1),R,MEX,S12CFSI,AQ12_CFSI_PT,Q,2020-Q2,2.117427485817904,0,,,,,,,,,,SC,,,,,,
dataflow,IMF.STA:FSIC(13.0.1),R,MEX,S12CFSI,AQ12_CFSI_PT,Q,2020-Q3,2.052660014381881,0,,,,,,,,,,SC,,,,,,
dataflow,IMF.STA:FSIC(13.0.1),R,MEX,S12CFSI,AQ12_CFSI_PT,Q,2020-Q4,2.564017998921272,0,,,,,,,,,,SC,,,,,,
dataflow,IMF.STA:FSIC(13.0.1),R,MEX,S12CFSI,AQ12_CFSI_PT,Q,2021-Q1,2.561307073763835,0,,,,,,,,,,SC,,,,,,
dataflow,IMF.STA:FSIC(13.0.1),R,MEX,S12CFSI,AQ12_CFSI_PT,Q,2021-Q2,2.449854352538688,0,,,,,,,,,,SC,,,,,,
dataflow,IMF.STA:FSIC(13.0.1),R,MEX,S12CFSI,AQ12_CFSI_PT,Q,2021-Q3,2.294918936396129,0,,,,,,,,,,SC,,,,,,
dataflow,IMF.STA:FSIC(13.0.1),R,MEX,S12CFSI,AQ12_CFSI_PT,Q,2021-Q4,2.048526075382679,0,,,,,,,,,,SC,,,,,,
dataflow,IMF.STA:FSIC(13.0.1),R,MEX,S12CFSI,AQ12_CFSI_PT,Q,2022-Q1,2.447804141680203,0,,,,,,,,,,SC,,,,,,
dataflow,IMF.STA:FSIC(13.0.1),R,MEX,S12CFSI,AQ12_CFSI_PT,Q,2022-Q2,2.320408749555918,0,,,,,,,,,,SC,,,,,,
dataflow,IMF.STA:FSIC(13.0.1),R,MEX,S12CFSI,AQ12_CFSI_PT,Q,2022-Q3,2.11118955828741,0,,,,,,,,,,SC,,,,,,
dataflow,IMF.STA:FSIC(13.0.1),R,MEX,S12CFSI,AQ12_CFSI_PT,Q,2022-Q4,2.084824560084478,0,,,,,,,,,,SC,,,,,,
dataflow,IMF.STA:FSIC(13.0.1),R,MEX,S12CFSI,AQ12_CFSI_PT,Q,2023-Q1,2.088128869030393,0,,,,,,,,,,SC,,,,,,
dataflow,IMF.STA:FSIC(13.0.1),R,MEX,S12CFSI,AQ12_CFSI_PT,Q,2023-Q2,2.182802087119973,0,,,,,,,,,,SC,,,,,,
dataflow,IMF.STA:FSIC(13.0.1),R,MEX,S12CFSI,AQ12_CFSI_PT,Q,2023-Q3,2.152323412435075,0,,,,,,,,,,SC,,,,,,
dataflow,IMF.STA:FSIC(13.0.1),R,MEX,S12CFSI,AQ12_CFSI_PT,Q,2023-Q4,2.077327489696187,0,,,,,,,,,,SC,,,,,,
dataflow,IMF.STA:FSIC(13.0.1),R,MEX,S12CFSI,AQ12_CFSI_PT,Q,2024-Q1,2.000018522867202,0,,,,,,,,,,SC,,,,,,
dataflow,IMF.STA:FSIC(13.0.1),R,MEX,S12CFSI,AQ12_CFSI_PT,Q,2024-Q2,1.981410692417614,0,,,,,,,,,,SC,,,,,,
dataflow,IMF.STA:FSIC(13.0.1),R,MEX,S12CFSI,AQ12_CFSI_PT,Q,2024-Q3,2.057258811268686,0,,,,,,,,,,SC,,,,,,
dataflow,IMF.STA:FSIC(13.0.1),R,MEX,S12CFSI,AQ12_CFSI_PT,Q,2024-Q4,2.016038846701624,0,,,,,,,,,,SC,,,,,,
dataflow,IMF.STA:FSIC(13.0.1),R,MEX,S12CFSI,AQ12_CFSI_PT,Q,2025-Q1,2.000578118775149,0,,,,,,,,,,SC,,,,,,
dataflow,IMF.STA:FSIC(13.0.1),R,MEX,S12CFSI,AQ12_CFSI_PT,Q,2025-Q2,2.099192601065645,0,,,,,,,,,,SC,,,,,,
dataflow,IMF.STA:FSIC(13.0.1),R,MEX,S12CFSI,AQ12_CFSI_PT,Q,2025-Q3,2.242693300061073,0,,,,,,,,,,SC,,,,,,
dataflow,IMF.STA:FSIC(13.0.1),R,MEX,S12CFSI,AQ12_CFSI_PT,Q,2025-Q4,2.170946298011838,0,,,,,,,,,,SC,,,,,,
dataflow,IMF.STA:FSIC(13.0.1),R,MEX,S12CFSI,AQ12_CFSI_PT,Q,2026-Q1,2.191625860842365,0,,,,,,,,,,SC,,,,,,
dataflow,IMF.STA:FSIC(13.0.1),R,MEX,S12CFSI,FSI688_CFSI_PT,A,2005,13.42410470148731,0,,,,,,,,,,SC,,,,,,
dataflow,IMF.STA:FSIC(13.0.1),R,MEX,S12CFSI,FSI688_CFSI_PT,A,2006,16.08561295873137,0,,,,,,,,,,SC,,,,,,
dataflow,IMF.STA:FSIC(13.0.1),R,MEX,S12CFSI,FSI688_CFSI_PT,A,2007,15.89419865775988,0,,,,,,,,,,SC,,,,,,
dataflow,IMF.STA:FSIC(13.0.1),R,MEX,S12CFSI,FSI688_CFSI_PT,A,2008,15.31417369290516,0,,,,,,,,,,SC,,,,,,
dataflow,IMF.STA:FSIC(13.0.1),R,MEX,S12CFSI,FSI688_CFSI_PT,A,2009,16.51141973156341,0,,,,,,,,,,SC,,,,,,
dataflow,IMF.STA:FSIC(13.0.1),R,MEX,S12CFSI,FSI688_CFSI_PT,A,2010,16.81907108755595,0,,,,,,,,,,SC,,,,,,
dataflow,IMF.STA:FSIC(13.0.1),R,MEX,S12CFSI,FSI688_CFSI_PT,A,2011,15.66886996716692,0,,,,,,,,,,SC,,,,,,
dataflow,IMF.STA:FSIC(13.0.1),R,MEX,S12CFSI,FSI688_CFSI_PT,A,2012,15.95310517126981,0,,,,,,,,,,SC,,,,,,
dataflow,IMF.STA:FSIC(13.0.1),R,MEX,S12CFSI,FSI688_CFSI_PT,A,2013,15.53324900920822,0,,,,,,,,,,SC,,,,,,
dataflow,IMF.STA:FSIC(13.0.1),R,MEX,S12CFSI,FSI688_CFSI_PT,A,2014,15.76035152919977,0,,,,,,,,,,SC,,,,,,
dataflow,IMF.STA:FSIC(13.0.1),R,MEX,S12CFSI,FSI688_CFSI_PT,A,2015,14.9641880731716,0,,,,,,,,,,SC,,,,,,
dataflow,IMF.STA:FSIC(13.0.1),R,MEX,S12CFSI,FSI688_CFSI_PT,A,2016,14.89886704588451,0,,,,,,,,,,SC,,,,,,
dataflow,IMF.STA:FSIC(13.0.1),R,MEX,S12CFSI,FSI688_CFSI_PT,A,2017,15.57299013661295,0,,,,,,,,,,SC,,,,,,
dataflow,IMF.STA:FSIC(13.0.1),R,MEX,S12CFSI,FSI688_CFSI_PT,A,2018,15.90576794387895,0,,,,,,,,,,SC,,,,,,
dataflow,IMF.STA:FSIC(13.0.1),R,MEX,S12CFSI,FSI688_CFSI_PT,A,2019,15.98254288777833,0,,,,,,,,,,SC,,,,,,
dataflow,IMF.STA:FSIC(13.0.1),R,MEX,S12CFSI,FSI688_CFSI_PT,A,2020,17.69754584772497,0,,,,,,,,,,SC,,,,,,
dataflow,IMF.STA:FSIC(13.0.1),R,MEX,S12CFSI,FSI688_CFSI_PT,A,2021,19.53211263198292,0,,,,,,,,,,SC,,,,,,
dataflow,IMF.STA:FSIC(13.0.1),R,MEX,S12CFSI,FSI688_CFSI_PT,A,2022,19.0041696305434,0,,,,,,,,,,SC,,,,,,
dataflow,IMF.STA:FSIC(13.0.1),R,MEX,S12CFSI,FSI688_CFSI_PT,A,2023,18.80782342301203,0,,,,,,,,,,SC,,,,,,
dataflow,IMF.STA:FSIC(13.0.1),R,MEX,S12CFSI,FSI688_CFSI_PT,A,2024,19.08749729853868,0,,,,,,,,,,SC,,,,,,
dataflow,IMF.STA:FSIC(13.0.1),R,MEX,S12CFSI,FSI688_CFSI_PT,A,2025,20.17262333006467,0,,,,,,,,,,SC,,,,,,
dataflow,IMF.STA:FSIC(13.0.1),R,MEX,S12CFSI,FSI688_CFSI_PT,M,2005-M01,12.79816730396293,0,,,,,,,,,,SC,,,,,,
dataflow,IMF.STA:FSIC(13.0.1),R,MEX,S12CFSI,FSI688_CFSI_PT,M,2005-M02,12.63067738636865,0,,,,,,,,,,SC,,,,,,
dataflow,IMF.STA:FSIC(13.0.1),R,MEX,S12CFSI,FSI688_CFSI_PT,M,2005-M03,12.74746090140039,0,,,,,,,,,,SC,,,,,,
dataflow,IMF.STA:FSIC(13.0.1),R,MEX,S12CFSI,FSI688_CFSI_PT,M,2005-M04,13.00314849172565,0,,,,,,,,,,SC,,,,,,
dataflow,IMF.STA:FSIC(13.0.1),R,MEX,S12CFSI,FSI688_CFSI_PT,M,2005-M05,13.27331269899331,0,,,,,,,,,,SC,,,,,,
dataflow,IMF.STA:FSIC(13.0.1),R,MEX,S12CFSI,FSI688_CFSI_PT,M,2005-M06,13.76709084958612,0,,,,,,,,,,SC,,,,,,
dataflow,IMF.STA:FSIC(13.0.1),R,MEX,S12CFSI,FSI688_CFSI_PT,M,2005-M07,14.24912336887085,0,,,,,,,,,,SC,,,,,,
dataflow,IMF.STA:FSIC(13.0.1),R,MEX,S12CFSI,FSI688_CFSI_PT,M,2005-M08,14.27335818709708,0,,,,,,,,,,SC,,,,,,
dataflow,IMF.STA:FSIC(13.0.1),R,MEX,S12CFSI,FSI688_CFSI_PT,M,2005-M09,13.26439600754326,0,,,,,,,,,,SC,,,,,,
dataflow,IMF.STA:FSIC(13.0.1),R,MEX,S12CFSI,FSI688_CFSI_PT,M,2005-M10,13.59111756093311,0,,,,,,,,,,SC,,,,,,
dataflow,IMF.STA:FSIC(13.0.1),R,MEX,S12CFSI,FSI688_CFSI_PT,M,2005-M11,13.46533552161735,0,,,,,,,,,,SC,,,,,,
dataflow,IMF.STA:FSIC(13.0.1),R,MEX,S12CFSI,FSI688_CFSI_PT,M,2005-M12,13.42410470148731,0,,,,,,,,,,SC,,,,,,
dataflow,IMF.STA:FSIC(13.0.1),R,MEX,S12CFSI,FSI688_CFSI_PT,M,2006-M01,15.67137427686167,0,,,,,,,,,,SC,,,,,,
dataflow,IMF.STA:FSIC(13.0.1),R,MEX,S12CFSI,FSI688_CFSI_PT,M,2006-M02,15.74479092358694,0,,,,,,,,,,SC,,,,,,
dataflow,IMF.STA:FSIC(13.0.1),R,MEX,S12CFSI,FSI688_CFSI_PT,M,2006-M03,16.01064959011481,0,,,,,,,,,,SC,,,,,,
dataflow,IMF.STA:FSIC(13.0.1),R,MEX,S12CFSI,FSI688_CFSI_PT,M,2006-M04,15.2067964786002,0,,,,,,,,,,SC,,,,,,
dataflow,IMF.STA:FSIC(13.0.1),R,MEX,S12CFSI,FSI688_CFSI_PT,M,2006-M05,14.94188202795898,0,,,,,,,,,,SC,,,,,,
dataflow,IMF.STA:FSIC(13.0.1),R,MEX,S12CFSI,FSI688_CFSI_PT,M,2006-M06,14.58994939257565,0,,,,,,,,,,SC,,,,,,
dataflow,IMF.STA:FSIC(13.0.1),R,MEX,S12CFSI,FSI688_CFSI_PT,M,2006-M07,14.77791840854618,0,,,,,,,,,,SC,,,,,,
dataflow,IMF.STA:FSIC(13.0.1),R,MEX,S12CFSI,FSI688_CFSI_PT,M,2006-M08,14.85911183485205,0,,,,,,,,,,SC,,,,,,
dataflow,IMF.STA:FSIC(13.0.1),R,MEX,S12CFSI,FSI688_CFSI_PT,M,2006-M09,15.17616172729401,0,,,,,,,,,,SC,,,,,,
dataflow,IMF.STA:FSIC(13.0.1),R,MEX,S12CFSI,FSI688_CFSI_PT,M,2006-M10,15.86494450339998,0,,,,,,,,,,SC,,,,,,
dataflow,IMF.STA:FSIC(13.0.1),R,MEX,S12CFSI,FSI688_CFSI_PT,M,2006-M11,16.05161885968445,0,,,,,,,,,,SC,,,,,,
dataflow,IMF.STA:FSIC(13.0.1),R,MEX,S12CFSI,FSI688_CFSI_PT,M,2006-M12,16.08561295873137,0,,,,,,,,,,SC,,,,,,
dataflow,IMF.STA:FSIC(13.0.1),R,MEX,S12CFSI,FSI688_CFSI_PT,M,2007-M01,16.26807823679605,0,,,,,,,,,,SC,,,,,,
dataflow,IMF.STA:FSIC(13.0.1),R,MEX,S12CFSI,FSI688_CFSI_PT,M,2007-M02,16.42002756394131,0,,,,,,,,,,SC,,,,,,
dataflow,IMF.STA:FSIC(13.0.1),R,MEX,S12CFSI,FSI688_CFSI_PT,M,2007-M03,16.10134493102451,0,,,,,,,,,,SC,,,,,,
dataflow,IMF.STA:FSIC(13.0.1),R,MEX,S12CFSI,FSI688_CFSI_PT,M,2007-M04,16.00822071564753,0,,,,,,,,,,SC,,,,,,
dataflow,IMF.STA:FSIC(13.0.1),R,MEX,S12CFSI,FSI688_CFSI_PT,M,2007-M05,16.3800981340081,0,,,,,,,,,,SC,,,,,,
dataflow,IMF.STA:FSIC(13.0.1),R,MEX,S12CFSI,FSI688_CFSI_PT,M,2007-M06,15.88517220003016,0,,,,,,,,,,SC,,,,,,
dataflow,IMF.STA:FSIC(13.0.1),R,MEX,S12CFSI,FSI688_CFSI_PT,M,2007-M07,15.49597493483031,0,,,,,,,,,,SC,,,,,,
dataflow,IMF.STA:FSIC(13.0.1),R,MEX,S12CFSI,FSI688_CFSI_PT,M,2007-M08,15.82305984554309,0,,,,,,,,,,SC,,,,,,
dataflow,IMF.STA:FSIC(13.0.1),R,MEX,S12CFSI,FSI688_CFSI_PT,M,2007-M09,15.90919308022461,0,,,,,,,,,,SC,,,,,,
dataflow,IMF.STA:FSIC(13.0.1),R,MEX,S12CFSI,FSI688_CFSI_PT,M,2007-M10,15.7567885705734,0,,,,,,,,,,SC,,,,,,
dataflow,IMF.STA:FSIC(13.0.1),R,MEX,S12CFSI,FSI688_CFSI_PT,M,2007-M11,15.52683359532046,0,,,,,,,,,,SC,,,,,,
dataflow,IMF.STA:FSIC(13.0.1),R,MEX,S12CFSI,FSI688_CFSI_PT,M,2007-M12,15.89419865775988,0,,,,,,,,,,SC,,,,,,
dataflow,IMF.STA:FSIC(13.0.1),R,MEX,S12CFSI,FSI688_CFSI_PT,M,2008-M01,16.07195603992751,0,,,,,,,,,,SC,,,,,,
dataflow,IMF.STA:FSIC(13.0.1),R,MEX,S12CFSI,FSI688_CFSI_PT,M,2008-M02,16.23932073717921,0,,,,,,,,,,SC,,,,,,
dataflow,IMF.STA:FSIC(13.0.1),R,MEX,S12CFSI,FSI688_CFSI_PT,M,2008-M03,15.99513126806148,0,,,,,,,,,,SC,,,,,,
dataflow,IMF.STA:FSIC(13.0.1),R,MEX,S12CFSI,FSI688_CFSI_PT,M,2008-M04,15.5594523102539,0,,,,,,,,,,SC,,,,,,
dataflow,IMF.STA:FSIC(13.0.1),R,MEX,S12CFSI,FSI688_CFSI_PT,M,2008-M05,15.54932964390685,0,,,,,,,,,,SC,,,,,,
dataflow,IMF.STA:FSIC(13.0.1),R,MEX,S12CFSI,FSI688_CFSI_PT,M,2008-M06,15.17782370658182,0,,,,,,,,,,SC,,,,,,
dataflow,IMF.STA:FSIC(13.0.1),R,MEX,S12CFSI,FSI688_CFSI_PT,M,2008-M07,15.15260055935747,0,,,,,,,,,,SC,,,,,,
dataflow,IMF.STA:FSIC(13.0.1),R,MEX,S12CFSI,FSI688_CFSI_PT,M,2008-M08,15.27547775864682,0,,,,,,,,,,SC,,,,,,
dataflow,IMF.STA:FSIC(13.0.1),R,MEX,S12CFSI,FSI688_CFSI_PT,M,2008-M09,15.30014875454516,0,,,,,,,,,,SC,,,,,,
dataflow,IMF.STA:FSIC(13.0.1),R,MEX,S12CFSI,FSI688_CFSI_PT,M,2008-M10,14.34012456713156,0,,,,,,,,,,SC,,,,,,
dataflow,IMF.STA:FSIC(13.0.1),R,MEX,S12CFSI,FSI688_CFSI_PT,M,2008-M11,14.47909022208797,0,,,,,,,,,,SC,,,,,,
dataflow,IMF.STA:FSIC(13.0.1),R,MEX,S12CFSI,FSI688_CFSI_PT,M,2008-M12,15.31417369290516,0,,,,,,,,,,SC,,,,,,
dataflow,IMF.STA:FSIC(13.0.1),R,MEX,S12CFSI,FSI688_CFSI_PT,M,2009-M01,15.23958148626789,0,,,,,,,,,,SC,,,,,,
dataflow,IMF.STA:FSIC(13.0.1),R,MEX,S12CFSI,FSI688_CFSI_PT,M,2009-M02,15.11259561581164,0,,,,,,,,,,SC,,,,,,
dataflow,IMF.STA:FSIC(13.0.1),R,MEX,S12CFSI,FSI688_CFSI_PT,M,2009-M03,15.45343272927013,0,,,,,,,,,,SC,,,,,,
dataflow,IMF.STA:FSIC(13.0.1),R,MEX,S12CFSI,FSI688_CFSI_PT,M,2009-M04,16.01608850770471,0,,,,,,,,,,SC,,,,,,
dataflow,IMF.STA:FSIC(13.0.1),R,MEX,S12CFSI,FSI688_CFSI_PT,M,2009-M05,16.21218146814447,0,,,,,,,,,,SC,,,,,,
dataflow,IMF.STA:FSIC(13.0.1),R,MEX,S12CFSI,FSI688_CFSI_PT,M,2009-M06,16.18258405689225,0,,,,,,,,,,SC,,,,,,
dataflow,IMF.STA:FSIC(13.0.1),R,MEX,S12CFSI,FSI688_CFSI_PT,M,2009-M07,16.10473024821934,0,,,,,,,,,,SC,,,,,,
dataflow,IMF.STA:FSIC(13.0.1),R,MEX,S12CFSI,FSI688_CFSI_PT,M,2009-M08,15.72218735521032,0,,,,,,,,,,SC,,,,,,
dataflow,IMF.STA:FSIC(13.0.1),R,MEX,S12CFSI,FSI688_CFSI_PT,M,2009-M09,15.94567151353935,0,,,,,,,,,,SC,,,,,,
dataflow,IMF.STA:FSIC(13.0.1),R,MEX,S12CFSI,FSI688_CFSI_PT,M,2009-M10,16.01905182141601,0,,,,,,,,,,SC,,,,,,
dataflow,IMF.STA:FSIC(13.0.1),R,MEX,S12CFSI,FSI688_CFSI_PT,M,2009-M11,16.16704329613383,0,,,,,,,,,,SC,,,,,,
dataflow,IMF.STA:FSIC(13.0.1),R,MEX,S12CFSI,FSI688_CFSI_PT,M,2009-M12,16.51141973156341,0,,,,,,,,,,SC,,,,,,
dataflow,IMF.STA:FSIC(13.0.1),R,MEX,S12CFSI,FSI688_CFSI_PT,M,2010-M01,16.53403021133967,0,,,,,,,,,,SC,,,,,,
dataflow,IMF.STA:FSIC(13.0.1),R,MEX,S12CFSI,FSI688_CFSI_PT,M,2010-M02,16.42369127910615,0,,,,,,,,,,SC,,,,,,
dataflow,IMF.STA:FSIC(13.0.1),R,MEX,S12CFSI,FSI688_CFSI_PT,M,2010-M03,16.47421388390269,0,,,,,,,,,,SC,,,,,,
dataflow,IMF.STA:FSIC(13.0.1),R,MEX,S12CFSI,FSI688_CFSI_PT,M,2010-M04,17.03451782931567,0,,,,,,,,,,SC,,,,,,
dataflow,IMF.STA:FSIC(13.0.1),R,MEX,S12CFSI,FSI688_CFSI_PT,M,2010-M05,17.70742121325853,0,,,,,,,,,,SC,,,,,,
dataflow,IMF.STA:FSIC(13.0.1),R,MEX,S12CFSI,FSI688_CFSI_PT,M,2010-M06,17.56625507547895,0,,,,,,,,,,SC,,,,,,
dataflow,IMF.STA:FSIC(13.0.1),R,MEX,S12CFSI,FSI688_CFSI_PT,M,2010-M07,17.31804534789699,0,,,,,,,,,,SC,,,,,,
dataflow,IMF.STA:FSIC(13.0.1),R,MEX,S12CFSI,FSI688_CFSI_PT,M,2010-M08,17.24612520960177,0,,,,,,,,,,SC,,,,,,
dataflow,IMF.STA:FSIC(13.0.1),R,MEX,S12CFSI,FSI688_CFSI_PT,M,2010-M09,17.10211021318364,0,,,,,,,,,,SC,,,,,,
dataflow,IMF.STA:FSIC(13.0.1),R,MEX,S12CFSI,FSI688_CFSI_PT,M,2010-M10,17.44797698027482,0,,,,,,,,,,SC,,,,,,
dataflow,IMF.STA:FSIC(13.0.1),R,MEX,S12CFSI,FSI688_CFSI_PT,M,2010-M11,17.44023960837398,0,,,,,,,,,,SC,,,,,,
dataflow,IMF.STA:FSIC(13.0.1),R,MEX,S12CFSI,FSI688_CFSI_PT,M,2010-M12,16.81907108755595,0,,,,,,,,,,SC,,,,,,
dataflow,IMF.STA:FSIC(13.0.1),R,MEX,S12CFSI,FSI688_CFSI_PT,M,2011-M01,16.84703805020933,0,,,,,,,,,,SC,,,,,,
dataflow,IMF.STA:FSIC(13.0.1),R,MEX,S12CFSI,FSI688_CFSI_PT,M,2011-M02,16.90585514375235,0,,,,,,,,,,SC,,,,,,
dataflow,IMF.STA:FSIC(13.0.1),R,MEX,S12CFSI,FSI688_CFSI_PT,M,2011-M03,16.8388075849584,0,,,,,,,,,,SC,,,,,,
dataflow,IMF.STA:FSIC(13.0.1),R,MEX,S12CFSI,FSI688_CFSI_PT,M,2011-M04,16.58773880300564,0,,,,,,,,,,SC,,,,,,
dataflow,IMF.STA:FSIC(13.0.1),R,MEX,S12CFSI,FSI688_CFSI_PT,M,2011-M05,16.71417969485249,0,,,,,,,,,,SC,,,,,,
dataflow,IMF.STA:FSIC(13.0.1),R,MEX,S12CFSI,FSI688_CFSI_PT,M,2011-M06,16.47749959608341,0,,,,,,,,,,SC,,,,,,
dataflow,IMF.STA:FSIC(13.0.1),R,MEX,S12CFSI,FSI688_CFSI_PT,M,2011-M07,16.39510310579012,0,,,,,,,,,,SC,,,,,,
dataflow,IMF.STA:FSIC(13.0.1),R,MEX,S12CFSI,FSI688_CFSI_PT,M,2011-M08,16.22340028531167,0,,,,,,,,,,SC,,,,,,
dataflow,IMF.STA:FSIC(13.0.1),R,MEX,S12CFSI,FSI688_CFSI_PT,M,2011-M09,15.92105704501726,0,,,,,,,,,,SC,,,,,,
dataflow,IMF.STA:FSIC(13.0.1),R,MEX,S12CFSI,FSI688_CFSI_PT,M,2011-M10,16.06183376970761,0,,,,,,,,,,SC,,,,,,
dataflow,IMF.STA:FSIC(13.0.1),R,MEX,S12CFSI,FSI688_CFSI_PT,M,2011-M11,15.84664683145804,0,,,,,,,,,,SC,,,,,,
dataflow,IMF.STA:FSIC(13.0.1),R,MEX,S12CFSI,FSI688_CFSI_PT,M,2011-M12,15.66886996716692,0,,,,,,,,,,SC,,,,,,
dataflow,IMF.STA:FSIC(13.0.1),R,MEX,S12CFSI,FSI688_CFSI_PT,M,2012-M01,15.60600226379398,0,,,,,,,,,,SC,,,,,,
dataflow,IMF.STA:FSIC(13.0.1),R,MEX,S12CFSI,FSI688_CFSI_PT,M,2012-M02,15.31909492597657,0,,,,,,,,,,SC,,,,,,
dataflow,IMF.STA:FSIC(13.0.1),R,MEX,S12CFSI,FSI688_CFSI_PT,M,2012-M03,15.72494350102086,0,,,,,,,,,,SC,,,,,,
dataflow,IMF.STA:FSIC(13.0.1),R,MEX,S12CFSI,FSI688_CFSI_PT,M,2012-M04,15.59718890583512,0,,,,,,,,,,SC,,,,,,
dataflow,IMF.STA:FSIC(13.0.1),R,MEX,S12CFSI,FSI688_CFSI_PT,M,2012-M05,15.25675130716168,0,,,,,,,,,,SC,,,,,,
dataflow,IMF.STA:FSIC(13.0.1),R,MEX,S12CFSI,FSI688_CFSI_PT,M,2012-M06,15.95597922445383,0,,,,,,,,,,SC,,,,,,
dataflow,IMF.STA:FSIC(13.0.1),R,MEX,S12CFSI,FSI688_CFSI_PT,M,2012-M07,16.31695037322701,0,,,,,,,,,,SC,,,,,,
dataflow,IMF.STA:FSIC(13.0.1),R,MEX,S12CFSI,FSI688_CFSI_PT,M,2012-M08,16.17109080476172,0,,,,,,,,,,SC,,,,,,
dataflow,IMF.STA:FSIC(13.0.1),R,MEX,S12CFSI,FSI688_CFSI_PT,M,2012-M09,16.21497319569637,0,,,,,,,,,,SC,,,,,,
dataflow,IMF.STA:FSIC(13.0.1),R,MEX,S12CFSI,FSI688_CFSI_PT,M,2012-M10,16.06911850809702,0,,,,,,,,,,SC,,,,,,
dataflow,IMF.STA:FSIC(13.0.1),R,MEX,S12CFSI,FSI688_CFSI_PT,M,2012-M11,15.71061989133695,0,,,,,,,,,,SC,,,,,,
dataflow,IMF.STA:FSIC(13.0.1),R,MEX,S12CFSI,FSI688_CFSI_PT,M,2012-M12,15.95310517126981,0,,,,,,,,,,SC,,,,,,
dataflow,IMF.STA:FSIC(13.0.1),R,MEX,S12CFSI,FSI688_CFSI_PT,M,2013-M01,16.24323866821438,0,,,,,,,,,,SC,,,,,,
dataflow,IMF.STA:FSIC(13.0.1),R,MEX,S12CFSI,FSI688_CFSI_PT,M,2013-M02,16.50273324914607,0,,,,,,,,,,SC,,,,,,
dataflow,IMF.STA:FSIC(13.0.1),R,MEX,S12CFSI,FSI688_CFSI_PT,M,2013-M03,16.5966394634868,0,,,,,,,,,,SC,,,,,,
dataflow,IMF.STA:FSIC(13.0.1),R,MEX,S12CFSI,FSI688_CFSI_PT,M,2013-M04,16.26554502342986,0,,,,,,,,,,SC,,,,,,
dataflow,IMF.STA:FSIC(13.0.1),R,MEX,S12CFSI,FSI688_CFSI_PT,M,2013-M05,16.27196952072947,0,,,,,,,,,,SC,,,,,,
dataflow,IMF.STA:FSIC(13.0.1),R,MEX,S12CFSI,FSI688_CFSI_PT,M,2013-M06,16.2265122061793,0,,,,,,,,,,SC,,,,,,
dataflow,IMF.STA:FSIC(13.0.1),R,MEX,S12CFSI,FSI688_CFSI_PT,M,2013-M07,16.21720340578932,0,,,,,,,,,,SC,,,,,,
dataflow,IMF.STA:FSIC(13.0.1),R,MEX,S12CFSI,FSI688_CFSI_PT,M,2013-M08,16.02368299949842,0,,,,,,,,,,SC,,,,,,
dataflow,IMF.STA:FSIC(13.0.1),R,MEX,S12CFSI,FSI688_CFSI_PT,M,2013-M09,16.11462806002044,0,,,,,,,,,,SC,,,,,,
dataflow,IMF.STA:FSIC(13.0.1),R,MEX,S12CFSI,FSI688_CFSI_PT,M,2013-M10,15.9473489132249,0,,,,,,,,,,SC,,,,,,
dataflow,IMF.STA:FSIC(13.0.1),R,MEX,S12CFSI,FSI688_CFSI_PT,M,2013-M11,15.65279569360778,0,,,,,,,,,,SC,,,,,,
dataflow,IMF.STA:FSIC(13.0.1),R,MEX,S12CFSI,FSI688_CFSI_PT,M,2013-M12,15.53324900920822,0,,,,,,,,,,SC,,,,,,
dataflow,IMF.STA:FSIC(13.0.1),R,MEX,S12CFSI,FSI688_CFSI_PT,M,2014-M01,15.2235812973957,0,,,,,,,,,,SC,,,,,,
dataflow,IMF.STA:FSIC(13.0.1),R,MEX,S12CFSI,FSI688_CFSI_PT,M,2014-M02,15.44207279053628,0,,,,,,,,,,SC,,,,,,
dataflow,IMF.STA:FSIC(13.0.1),R,MEX,S12CFSI,FSI688_CFSI_PT,M,2014-M03,15.57586685230899,0,,,,,,,,,,SC,,,,,,
dataflow,IMF.STA:FSIC(13.0.1),R,MEX,S12CFSI,FSI688_CFSI_PT,M,2014-M04,15.62477685873191,0,,,,,,,,,,SC,,,,,,
dataflow,IMF.STA:FSIC(13.0.1),R,MEX,S12CFSI,FSI688_CFSI_PT,M,2014-M05,15.43954991349457,0,,,,,,,,,,SC,,,,,,
dataflow,IMF.STA:FSIC(13.0.1),R,MEX,S12CFSI,FSI688_CFSI_PT,M,2014-M06,15.9018404299778,0,,,,,,,,,,SC,,,,,,
dataflow,IMF.STA:FSIC(13.0.1),R,MEX,S12CFSI,FSI688_CFSI_PT,M,2014-M07,15.86634314135984,0,,,,,,,,,,SC,,,,,,
dataflow,IMF.STA:FSIC(13.0.1),R,MEX,S12CFSI,FSI688_CFSI_PT,M,2014-M08,15.79802794710857,0,,,,,,,,,,SC,,,,,,
dataflow,IMF.STA:FSIC(13.0.1),R,MEX,S12CFSI,FSI688_CFSI_PT,M,2014-M09,15.88877094760366,0,,,,,,,,,,SC,,,,,,
dataflow,IMF.STA:FSIC(13.0.1),R,MEX,S12CFSI,FSI688_CFSI_PT,M,2014-M10,15.85990046346644,0,,,,,,,,,,SC,,,,,,
dataflow,IMF.STA:FSIC(13.0.1),R,MEX,S12CFSI,FSI688_CFSI_PT,M,2014-M11,15.54528912201014,0,,,,,,,,,,SC,,,,,,
dataflow,IMF.STA:FSIC(13.0.1),R,MEX,S12CFSI,FSI688_CFSI_PT,M,2014-M12,15.76035152919977,0,,,,,,,,,,SC,,,,,,
dataflow,IMF.STA:FSIC(13.0.1),R,MEX,S12CFSI,FSI688_CFSI_PT,M,2015-M01,15.5813636938523,0,,,,,,,,,,SC,,,,,,
dataflow,IMF.STA:FSIC(13.0.1),R,MEX,S12CFSI,FSI688_CFSI_PT,M,2015-M02,15.50194035882884,0,,,,,,,,,,SC,,,,,,
dataflow,IMF.STA:FSIC(13.0.1),R,MEX,S12CFSI,FSI688_CFSI_PT,M,2015-M03,15.56847540780968,0,,,,,,,,,,SC,,,,,,
dataflow,IMF.STA:FSIC(13.0.1),R,MEX,S12CFSI,FSI688_CFSI_PT,M,2015-M04,15.31885143347278,0,,,,,,,,,,SC,,,,,,
dataflow,IMF.STA:FSIC(13.0.1),R,MEX,S12CFSI,FSI688_CFSI_PT,M,2015-M05,15.2139489434266,0,,,,,,,,,,SC,,,,,,
dataflow,IMF.STA:FSIC(13.0.1),R,MEX,S12CFSI,FSI688_CFSI_PT,M,2015-M06,15.5319774667792,0,,,,,,,,,,SC,,,,,,
dataflow,IMF.STA:FSIC(13.0.1),R,MEX,S12CFSI,FSI688_CFSI_PT,M,2015-M07,15.46823727997196,0,,,,,,,,,,SC,,,,,,
dataflow,IMF.STA:FSIC(13.0.1),R,MEX,S12CFSI,FSI688_CFSI_PT,M,2015-M08,15.26492540158652,0,,,,,,,,,,SC,,,,,,
dataflow,IMF.STA:FSIC(13.0.1),R,MEX,S12CFSI,FSI688_CFSI_PT,M,2015-M09,15.34305448534704,0,,,,,,,,,,SC,,,,,,
dataflow,IMF.STA:FSIC(13.0.1),R,MEX,S12CFSI,FSI688_CFSI_PT,M,2015-M10,15.02030036590248,0,,,,,,,,,,SC,,,,,,
dataflow,IMF.STA:FSIC(13.0.1),R,MEX,S12CFSI,FSI688_CFSI_PT,M,2015-M11,15.03409848913081,0,,,,,,,,,,SC,,,,,,
dataflow,IMF.STA:FSIC(13.0.1),R,MEX,S12CFSI,FSI688_CFSI_PT,M,2015-M12,14.9641880731716,0,,,,,,,,,,SC,,,,,,
dataflow,IMF.STA:FSIC(13.0.1),R,MEX,S12CFSI,FSI688_CFSI_PT,M,2016-M01,14.61527820701155,0,,,,,,,,,,SC,,,,,,
dataflow,IMF.STA:FSIC(13.0.1),R,MEX,S12CFSI,FSI688_CFSI_PT,M,2016-M02,14.51981384682948,0,,,,,,,,,,SC,,,,,,
dataflow,IMF.STA:FSIC(13.0.1),R,MEX,S12CFSI,FSI688_CFSI_PT,M,2016-M03,14.88211896196742,0,,,,,,,,,,SC,,,,,,
dataflow,IMF.STA:FSIC(13.0.1),R,MEX,S12CFSI,FSI688_CFSI_PT,M,2016-M04,14.88790470290246,0,,,,,,,,,,SC,,,,,,
dataflow,IMF.STA:FSIC(13.0.1),R,MEX,S12CFSI,FSI688_CFSI_PT,M,2016-M05,14.87967559938731,0,,,,,,,,,,SC,,,,,,
dataflow,IMF.STA:FSIC(13.0.1),R,MEX,S12CFSI,FSI688_CFSI_PT,M,2016-M06,14.79678146406022,0,,,,,,,,,,SC,,,,,,
dataflow,IMF.STA:FSIC(13.0.1),R,MEX,S12CFSI,FSI688_CFSI_PT,M,2016-M07,14.84003269745834,0,,,,,,,,,,SC,,,,,,
dataflow,IMF.STA:FSIC(13.0.1),R,MEX,S12CFSI,FSI688_CFSI_PT,M,2016-M08,14.88888399843487,0,,,,,,,,,,SC,,,,,,
dataflow,IMF.STA:FSIC(13.0.1),R,MEX,S12CFSI,FSI688_CFSI_PT,M,2016-M09,14.73163866652998,0,,,,,,,,,,SC,,,,,,
dataflow,IMF.STA:FSIC(13.0.1),R,MEX,S12CFSI,FSI688_CFSI_PT,M,2016-M10,15.17951847076081,0,,,,,,,,,,SC,,,,,,
dataflow,IMF.STA:FSIC(13.0.1),R,MEX,S12CFSI,FSI688_CFSI_PT,M,2016-M11,15.01247037983562,0,,,,,,,,,,SC,,,,,,
dataflow,IMF.STA:FSIC(13.0.1),R,MEX,S12CFSI,FSI688_CFSI_PT,M,2016-M12,14.89886704588451,0,,,,,,,,,,SC,,,,,,
dataflow,IMF.STA:FSIC(13.0.1),R,MEX,S12CFSI,FSI688_CFSI_PT,M,2017-M01,15.07811563088698,0,,,,,,,,,,SC,,,,,,
dataflow,IMF.STA:FSIC(13.0.1),R,MEX,S12CFSI,FSI688_CFSI_PT,M,2017-M02,15.07899218616876,0,,,,,,,,,,SC,,,,,,
dataflow,IMF.STA:FSIC(13.0.1),R,MEX,S12CFSI,FSI688_CFSI_PT,M,2017-M03,15.2495375759389,0,,,,,,,,,,SC,,,,,,
dataflow,IMF.STA:FSIC(13.0.1),R,MEX,S12CFSI,FSI688_CFSI_PT,M,2017-M04,15.31178514001902,0,,,,,,,,,,SC,,,,,,
dataflow,IMF.STA:FSIC(13.0.1),R,MEX,S12CFSI,FSI688_CFSI_PT,M,2017-M05,15.17510463361721,0,,,,,,,,,,SC,,,,,,
dataflow,IMF.STA:FSIC(13.0.1),R,MEX,S12CFSI,FSI688_CFSI_PT,M,2017-M06,15.38382253082909,0,,,,,,,,,,SC,,,,,,
dataflow,IMF.STA:FSIC(13.0.1),R,MEX,S12CFSI,FSI688_CFSI_PT,M,2017-M07,15.64880987771381,0,,,,,,,,,,SC,,,,,,
dataflow,IMF.STA:FSIC(13.0.1),R,MEX,S12CFSI,FSI688_CFSI_PT,M,2017-M08,15.79165703883204,0,,,,,,,,,,SC,,,,,,
dataflow,IMF.STA:FSIC(13.0.1),R,MEX,S12CFSI,FSI688_CFSI_PT,M,2017-M09,15.70663773795783,0,,,,,,,,,,SC,,,,,,
dataflow,IMF.STA:FSIC(13.0.1),R,MEX,S12CFSI,FSI688_CFSI_PT,M,2017-M10,15.73494980243312,0,,,,,,,,,,SC,,,,,,
dataflow,IMF.STA:FSIC(13.0.1),R,MEX,S12CFSI,FSI688_CFSI_PT,M,2017-M11,15.75152060519348,0,,,,,,,,,,SC,,,,,,
dataflow,IMF.STA:FSIC(13.0.1),R,MEX,S12CFSI,FSI688_CFSI_PT,M,2017-M12,15.57299013661295,0,,,,,,,,,,SC,,,,,,
dataflow,IMF.STA:FSIC(13.0.1),R,MEX,S12CFSI,FSI688_CFSI_PT,M,2018-M01,15.92276526301301,0,,,,,,,,,,SC,,,,,,
dataflow,IMF.STA:FSIC(13.0.1),R,MEX,S12CFSI,FSI688_CFSI_PT,M,2018-M02,15.86673095280421,0,,,,,,,,,,SC,,,,,,
dataflow,IMF.STA:FSIC(13.0.1),R,MEX,S12CFSI,FSI688_CFSI_PT,M,2018-M03,16.00074641484803,0,,,,,,,,,,SC,,,,,,
dataflow,IMF.STA:FSIC(13.0.1),R,MEX,S12CFSI,FSI688_CFSI_PT,M,2018-M04,15.93462928979597,0,,,,,,,,,,SC,,,,,,
dataflow,IMF.STA:FSIC(13.0.1),R,MEX,S12CFSI,FSI688_CFSI_PT,M,2018-M05,15.73307472763751,0,,,,,,,,,,SC,,,,,,
dataflow,IMF.STA:FSIC(13.0.1),R,MEX,S12CFSI,FSI688_CFSI_PT,M,2018-M06,15.92160937668157,0,,,,,,,,,,SC,,,,,,
dataflow,IMF.STA:FSIC(13.0.1),R,MEX,S12CFSI,FSI688_CFSI_PT,M,2018-M07,15.6050403483482,0,,,,,,,,,,SC,,,,,,
dataflow,IMF.STA:FSIC(13.0.1),R,MEX,S12CFSI,FSI688_CFSI_PT,M,2018-M08,15.87609037537306,0,,,,,,,,,,SC,,,,,,
dataflow,IMF.STA:FSIC(13.0.1),R,MEX,S12CFSI,FSI688_CFSI_PT,M,2018-M09,15.84504618332822,0,,,,,,,,,,SC,,,,,,
dataflow,IMF.STA:FSIC(13.0.1),R,MEX,S12CFSI,FSI688_CFSI_PT,M,2018-M10,15.65496384825429,0,,,,,,,,,,SC,,,,,,
dataflow,IMF.STA:FSIC(13.0.1),R,MEX,S12CFSI,FSI688_CFSI_PT,M,2018-M11,15.68294634551607,0,,,,,,,,,,SC,,,,,,
dataflow,IMF.STA:FSIC(13.0.1),R,MEX,S12CFSI,FSI688_CFSI_PT,M,2018-M12,15.90576794387895,0,,,,,,,,,,SC,,,,,,
dataflow,IMF.STA:FSIC(13.0.1),R,MEX,S12CFSI,FSI688_CFSI_PT,M,2019-M01,16.11182992402494,0,,,,,,,,,,SC,,,,,,
dataflow,IMF.STA:FSIC(13.0.1),R,MEX,S12CFSI,FSI688_CFSI_PT,M,2019-M02,16.23537449488844,0,,,,,,,,,,SC,,,,,,
dataflow,IMF.STA:FSIC(13.0.1),R,MEX,S12CFSI,FSI688_CFSI_PT,M,2019-M03,16.03206565754776,0,,,,,,,,,,SC,,,,,,
dataflow,IMF.STA:FSIC(13.0.1),R,MEX,S12CFSI,FSI688_CFSI_PT,M,2019-M04,15.48759553432455,0,,,,,,,,,,SC,,,,,,
dataflow,IMF.STA:FSIC(13.0.1),R,MEX,S12CFSI,FSI688_CFSI_PT,M,2019-M05,15.29496230690326,0,,,,,,,,,,SC,,,,,,
dataflow,IMF.STA:FSIC(13.0.1),R,MEX,S12CFSI,FSI688_CFSI_PT,M,2019-M06,15.68026388029145,0,,,,,,,,,,SC,,,,,,
dataflow,IMF.STA:FSIC(13.0.1),R,MEX,S12CFSI,FSI688_CFSI_PT,M,2019-M07,15.7816013973167,0,,,,,,,,,,SC,,,,,,
dataflow,IMF.STA:FSIC(13.0.1),R,MEX,S12CFSI,FSI688_CFSI_PT,M,2019-M08,15.62214903491846,0,,,,,,,,,,SC,,,,,,
dataflow,IMF.STA:FSIC(13.0.1),R,MEX,S12CFSI,FSI688_CFSI_PT,M,2019-M09,15.91046902739627,0,,,,,,,,,,SC,,,,,,
dataflow,IMF.STA:FSIC(13.0.1),R,MEX,S12CFSI,FSI688_CFSI_PT,M,2019-M10,16.05459373429383,0,,,,,,,,,,SC,,,,,,
dataflow,IMF.STA:FSIC(13.0.1),R,MEX,S12CFSI,FSI688_CFSI_PT,M,2019-M11,16.14436767561384,0,,,,,,,,,,SC,,,,,,
dataflow,IMF.STA:FSIC(13.0.1),R,MEX,S12CFSI,FSI688_CFSI_PT,M,2019-M12,15.98254288777833,0,,,,,,,,,,SC,,,,,,
dataflow,IMF.STA:FSIC(13.0.1),R,MEX,S12CFSI,FSI688_CFSI_PT,M,2020-M01,16.18200201341615,0,,,,,,,,,,SC,,,,,,
dataflow,IMF.STA:FSIC(13.0.1),R,MEX,S12CFSI,FSI688_CFSI_PT,M,2020-M02,16.27405741983078,0,,,,,,,,,,SC,,,,,,
dataflow,IMF.STA:FSIC(13.0.1),R,MEX,S12CFSI,FSI688_CFSI_PT,M,2020-M03,15.66005189308414,0,,,,,,,,,,SC,,,,,,
dataflow,IMF.STA:FSIC(13.0.1),R,MEX,S12CFSI,FSI688_CFSI_PT,M,2020-M04,16.04096680165704,0,,,,,,,,,,SC,,,,,,
dataflow,IMF.STA:FSIC(13.0.1),R,MEX,S12CFSI,FSI688_CFSI_PT,M,2020-M05,16.40664115376889,0,,,,,,,,,,SC,,,,,,
dataflow,IMF.STA:FSIC(13.0.1),R,MEX,S12CFSI,FSI688_CFSI_PT,M,2020-M06,16.50769302076894,0,,,,,,,,,,SC,,,,,,
dataflow,IMF.STA:FSIC(13.0.1),R,MEX,S12CFSI,FSI688_CFSI_PT,M,2020-M07,16.889590372772,0,,,,,,,,,,SC,,,,,,
dataflow,IMF.STA:FSIC(13.0.1),R,MEX,S12CFSI,FSI688_CFSI_PT,M,2020-M08,17.16424239444982,0,,,,,,,,,,SC,,,,,,
dataflow,IMF.STA:FSIC(13.0.1),R,MEX,S12CFSI,FSI688_CFSI_PT,M,2020-M09,17.21428046918964,0,,,,,,,,,,SC,,,,,,
dataflow,IMF.STA:FSIC(13.0.1),R,MEX,S12CFSI,FSI688_CFSI_PT,M,2020-M10,17.37284835731601,0,,,,,,,,,,SC,,,,,,
dataflow,IMF.STA:FSIC(13.0.1),R,MEX,S12CFSI,FSI688_CFSI_PT,M,2020-M11,17.42306946657644,0,,,,,,,,,,SC,,,,,,
dataflow,IMF.STA:FSIC(13.0.1),R,MEX,S12CFSI,FSI688_CFSI_PT,M,2020-M12,17.69754584772497,0,,,,,,,,,,SC,,,,,,
dataflow,IMF.STA:FSIC(13.0.1),R,MEX,S12CFSI,FSI688_CFSI_PT,M,2021-M01,17.90291991449454,0,,,,,,,,,,SC,,,,,,
dataflow,IMF.STA:FSIC(13.0.1),R,MEX,S12CFSI,FSI688_CFSI_PT,M,2021-M02,18.09133402434096,0,,,,,,,,,,SC,,,,,,
dataflow,IMF.STA:FSIC(13.0.1),R,MEX,S12CFSI,FSI688_CFSI_PT,M,2021-M03,18.28258557486578,0,,,,,,,,,,SC,,,,,,
dataflow,IMF.STA:FSIC(13.0.1),R,MEX,S12CFSI,FSI688_CFSI_PT,M,2021-M04,18.18376748111952,0,,,,,,,,,,SC,,,,,,
dataflow,IMF.STA:FSIC(13.0.1),R,MEX,S12CFSI,FSI688_CFSI_PT,M,2021-M05,18.38012059943369,0,,,,,,,,,,SC,,,,,,
dataflow,IMF.STA:FSIC(13.0.1),R,MEX,S12CFSI,FSI688_CFSI_PT,M,2021-M06,18.2535602305469,0,,,,,,,,,,SC,,,,,,
dataflow,IMF.STA:FSIC(13.0.1),R,MEX,S12CFSI,FSI688_CFSI_PT,M,2021-M07,18.43048057916437,0,,,,,,,,,,SC,,,,,,
dataflow,IMF.STA:FSIC(13.0.1),R,MEX,S12CFSI,FSI688_CFSI_PT,M,2021-M08,18.43539877272081,0,,,,,,,,,,SC,,,,,,
dataflow,IMF.STA:FSIC(13.0.1),R,MEX,S12CFSI,FSI688_CFSI_PT,M,2021-M09,18.78357632070125,0,,,,,,,,,,SC,,,,,,
dataflow,IMF.STA:FSIC(13.0.1),R,MEX,S12CFSI,FSI688_CFSI_PT,M,2021-M10,19.00463264752821,0,,,,,,,,,,SC,,,,,,
dataflow,IMF.STA:FSIC(13.0.1),R,MEX,S12CFSI,FSI688_CFSI_PT,M,2021-M11,19.37037620427228,0,,,,,,,,,,SC,,,,,,
dataflow,IMF.STA:FSIC(13.0.1),R,MEX,S12CFSI,FSI688_CFSI_PT,M,2021-M12,19.53211263198292,0,,,,,,,,,,SC,,,,,,
dataflow,IMF.STA:FSIC(13.0.1),R,MEX,S12CFSI,FSI688_CFSI_PT,M,2022-M01,19.60929151704448,0,,,,,,,,,,SC,,,,,,
dataflow,IMF.STA:FSIC(13.0.1),R,MEX,S12CFSI,FSI688_CFSI_PT,M,2022-M02,19.74473399117068,0,,,,,,,,,,SC,,,,,,
dataflow,IMF.STA:FSIC(13.0.1),R,MEX,S12CFSI,FSI688_CFSI_PT,M,2022-M03,19.65003978412664,0,,,,,,,,,,SC,,,,,,
dataflow,IMF.STA:FSIC(13.0.1),R,MEX,S12CFSI,FSI688_CFSI_PT,M,2022-M04,19.34317811891857,0,,,,,,,,,,SC,,,,,,
dataflow,IMF.STA:FSIC(13.0.1),R,MEX,S12CFSI,FSI688_CFSI_PT,M,2022-M05,18.76276148684381,0,,,,,,,,,,SC,,,,,,
dataflow,IMF.STA:FSIC(13.0.1),R,MEX,S12CFSI,FSI688_CFSI_PT,M,2022-M06,18.66955468671082,0,,,,,,,,,,SC,,,,,,
dataflow,IMF.STA:FSIC(13.0.1),R,MEX,S12CFSI,FSI688_CFSI_PT,M,2022-M07,18.61381524602993,0,,,,,,,,,,SC,,,,,,
dataflow,IMF.STA:FSIC(13.0.1),R,MEX,S12CFSI,FSI688_CFSI_PT,M,2022-M08,18.74833949581726,0,,,,,,,,,,SC,,,,,,
dataflow,IMF.STA:FSIC(13.0.1),R,MEX,S12CFSI,FSI688_CFSI_PT,M,2022-M09,18.75619018510327,0,,,,,,,,,,SC,,,,,,
dataflow,IMF.STA:FSIC(13.0.1),R,MEX,S12CFSI,FSI688_CFSI_PT,M,2022-M10,18.68426146182532,0,,,,,,,,,,SC,,,,,,
dataflow,IMF.STA:FSIC(13.0.1),R,MEX,S12CFSI,FSI688_CFSI_PT,M,2022-M11,19.04457029564941,0,,,,,,,,,,SC,,,,,,
dataflow,IMF.STA:FSIC(13.0.1),R,MEX,S12CFSI,FSI688_CFSI_PT,M,2022-M12,19.0041696305434,0,,,,,,,,,,SC,,,,,,
dataflow,IMF.STA:FSIC(13.0.1),R,MEX,S12CFSI,FSI688_CFSI_PT,M,2023-M01,19.27368977002533,0,,,,,,,,,,SC,,,,,,
dataflow,IMF.STA:FSIC(13.0.1),R,MEX,S12CFSI,FSI688_CFSI_PT,M,2023-M02,19.28793869501407,0,,,,,,,,,,SC,,,,,,
dataflow,IMF.STA:FSIC(13.0.1),R,MEX,S12CFSI,FSI688_CFSI_PT,M,2023-M03,19.30454193663782,0,,,,,,,,,,SC,,,,,,
dataflow,IMF.STA:FSIC(13.0.1),R,MEX,S12CFSI,FSI688_CFSI_PT,M,2023-M04,19.20357379830525,0,,,,,,,,,,SC,,,,,,
dataflow,IMF.STA:FSIC(13.0.1),R,MEX,S12CFSI,FSI688_CFSI_PT,M,2023-M05,19.37276024884417,0,,,,,,,,,,SC,,,,,,
dataflow,IMF.STA:FSIC(13.0.1),R,MEX,S12CFSI,FSI688_CFSI_PT,M,2023-M06,19.48808301785403,0,,,,,,,,,,SC,,,,,,
dataflow,IMF.STA:FSIC(13.0.1),R,MEX,S12CFSI,FSI688_CFSI_PT,M,2023-M07,19.37729741656616,0,,,,,,,,,,SC,,,,,,
dataflow,IMF.STA:FSIC(13.0.1),R,MEX,S12CFSI,FSI688_CFSI_PT,M,2023-M08,19.33416533728738,0,,,,,,,,,,SC,,,,,,
dataflow,IMF.STA:FSIC(13.0.1),R,MEX,S12CFSI,FSI688_CFSI_PT,M,2023-M09,19.30431255784178,0,,,,,,,,,,SC,,,,,,
dataflow,IMF.STA:FSIC(13.0.1),R,MEX,S12CFSI,FSI688_CFSI_PT,M,2023-M10,19.17217379285816,0,,,,,,,,,,SC,,,,,,
dataflow,IMF.STA:FSIC(13.0.1),R,MEX,S12CFSI,FSI688_CFSI_PT,M,2023-M11,19.26334120052891,0,,,,,,,,,,SC,,,,,,
dataflow,IMF.STA:FSIC(13.0.1),R,MEX,S12CFSI,FSI688_CFSI_PT,M,2023-M12,18.80782342301203,0,,,,,,,,,,SC,,,,,,
dataflow,IMF.STA:FSIC(13.0.1),R,MEX,S12CFSI,FSI688_CFSI_PT,M,2024-M01,19.54994775954547,0,,,,,,,,,,SC,,,,,,
dataflow,IMF.STA:FSIC(13.0.1),R,MEX,S12CFSI,FSI688_CFSI_PT,M,2024-M02,19.69784978774439,0,,,,,,,,,,SC,,,,,,
dataflow,IMF.STA:FSIC(13.0.1),R,MEX,S12CFSI,FSI688_CFSI_PT,M,2024-M03,19.49092793394671,0,,,,,,,,,,SC,,,,,,
dataflow,IMF.STA:FSIC(13.0.1),R,MEX,S12CFSI,FSI688_CFSI_PT,M,2024-M04,19.14236146896149,0,,,,,,,,,,SC,,,,,,
dataflow,IMF.STA:FSIC(13.0.1),R,MEX,S12CFSI,FSI688_CFSI_PT,M,2024-M05,19.38572315783289,0,,,,,,,,,,SC,,,,,,
dataflow,IMF.STA:FSIC(13.0.1),R,MEX,S12CFSI,FSI688_CFSI_PT,M,2024-M06,19.29197742912157,0,,,,,,,,,,SC,,,,,,
dataflow,IMF.STA:FSIC(13.0.1),R,MEX,S12CFSI,FSI688_CFSI_PT,M,2024-M07,19.33609562462837,0,,,,,,,,,,SC,,,,,,
dataflow,IMF.STA:FSIC(13.0.1),R,MEX,S12CFSI,FSI688_CFSI_PT,M,2024-M08,19.43620079849402,0,,,,,,,,,,SC,,,,,,
dataflow,IMF.STA:FSIC(13.0.1),R,MEX,S12CFSI,FSI688_CFSI_PT,M,2024-M09,19.38580220045584,0,,,,,,,,,,SC,,,,,,
dataflow,IMF.STA:FSIC(13.0.1),R,MEX,S12CFSI,FSI688_CFSI_PT,M,2024-M10,19.47639915035413,0,,,,,,,,,,SC,,,,,,
dataflow,IMF.STA:FSIC(13.0.1),R,MEX,S12CFSI,FSI688_CFSI_PT,M,2024-M11,19.43486886479696,0,,,,,,,,,,SC,,,,,,
dataflow,IMF.STA:FSIC(13.0.1),R,MEX,S12CFSI,FSI688_CFSI_PT,M,2024-M12,19.08749729853868,0,,,,,,,,,,SC,,,,,,
dataflow,IMF.STA:FSIC(13.0.1),R,MEX,S12CFSI,FSI688_CFSI_PT,M,2025-M01,19.45016170522619,0,,,,,,,,,,SC,,,,,,
dataflow,IMF.STA:FSIC(13.0.1),R,MEX,S12CFSI,FSI688_CFSI_PT,M,2025-M02,19.92876241382737,0,,,,,,,,,,SC,,,,,,
dataflow,IMF.STA:FSIC(13.0.1),R,MEX,S12CFSI,FSI688_CFSI_PT,M,2025-M03,19.90457590737111,0,,,,,,,,,,SC,,,,,,
dataflow,IMF.STA:FSIC(13.0.1),R,MEX,S12CFSI,FSI688_CFSI_PT,M,2025-M04,19.68336449246401,0,,,,,,,,,,SC,,,,,,
dataflow,IMF.STA:FSIC(13.0.1),R,MEX,S12CFSI,FSI688_CFSI_PT,M,2025-M05,19.82328495341229,0,,,,,,,,,,SC,,,,,,
dataflow,IMF.STA:FSIC(13.0.1),R,MEX,S12CFSI,FSI688_CFSI_PT,M,2025-M06,20.00061821813175,0,,,,,,,,,,SC,,,,,,
dataflow,IMF.STA:FSIC(13.0.1),R,MEX,S12CFSI,FSI688_CFSI_PT,M,2025-M07,20.2414910538348,0,,,,,,,,,,SC,,,,,,
dataflow,IMF.STA:FSIC(13.0.1),R,MEX,S12CFSI,FSI688_CFSI_PT,M,2025-M08,20.31490052951744,0,,,,,,,,,,SC,,,,,,
dataflow,IMF.STA:FSIC(13.0.1),R,MEX,S12CFSI,FSI688_CFSI_PT,M,2025-M09,20.37900292564797,0,,,,,,,,,,SC,,,,,,
dataflow,IMF.STA:FSIC(13.0.1),R,MEX,S12CFSI,FSI688_CFSI_PT,M,2025-M10,20.50884480451806,0,,,,,,,,,,SC,,,,,,
dataflow,IMF.STA:FSIC(13.0.1),R,MEX,S12CFSI,FSI688_CFSI_PT,M,2025-M11,20.15044233903705,0,,,,,,,,,,SC,,,,,,
dataflow,IMF.STA:FSIC(13.0.1),R,MEX,S12CFSI,FSI688_CFSI_PT,M,2025-M12,20.17262333006467,0,,,,,,,,,,SC,,,,,,
dataflow,IMF.STA:FSIC(13.0.1),R,MEX,S12CFSI,FSI688_CFSI_PT,M,2026-M01,20.15236532012959,0,,,,,,,,,,SC,,,,,,
dataflow,IMF.STA:FSIC(13.0.1),R,MEX,S12CFSI,FSI688_CFSI_PT,M,2026-M02,20.28830644150131,0,,,,,,,,,,SC,,,,,,
dataflow,IMF.STA:FSIC(13.0.1),R,MEX,S12CFSI,FSI688_CFSI_PT,M,2026-M03,20.32297523105507,0,,,,,,,,,,SC,,,,,,
dataflow,IMF.STA:FSIC(13.0.1),R,MEX,S12CFSI,FSI688_CFSI_PT,Q,2005-Q1,12.74746090140039,0,,,,,,,,,,SC,,,,,,
dataflow,IMF.STA:FSIC(13.0.1),R,MEX,S12CFSI,FSI688_CFSI_PT,Q,2005-Q2,13.76709084958612,0,,,,,,,,,,SC,,,,,,
dataflow,IMF.STA:FSIC(13.0.1),R,MEX,S12CFSI,FSI688_CFSI_PT,Q,2005-Q3,13.26439600754326,0,,,,,,,,,,SC,,,,,,
dataflow,IMF.STA:FSIC(13.0.1),R,MEX,S12CFSI,FSI688_CFSI_PT,Q,2005-Q4,13.42410470148731,0,,,,,,,,,,SC,,,,,,
dataflow,IMF.STA:FSIC(13.0.1),R,MEX,S12CFSI,FSI688_CFSI_PT,Q,2006-Q1,16.01064959011481,0,,,,,,,,,,SC,,,,,,
dataflow,IMF.STA:FSIC(13.0.1),R,MEX,S12CFSI,FSI688_CFSI_PT,Q,2006-Q2,14.58994939257565,0,,,,,,,,,,SC,,,,,,
dataflow,IMF.STA:FSIC(13.0.1),R,MEX,S12CFSI,FSI688_CFSI_PT,Q,2006-Q3,15.17616172729401,0,,,,,,,,,,SC,,,,,,
dataflow,IMF.STA:FSIC(13.0.1),R,MEX,S12CFSI,FSI688_CFSI_PT,Q,2006-Q4,16.08561295873137,0,,,,,,,,,,SC,,,,,,
dataflow,IMF.STA:FSIC(13.0.1),R,MEX,S12CFSI,FSI688_CFSI_PT,Q,2007-Q1,16.10134493102451,0,,,,,,,,,,SC,,,,,,
dataflow,IMF.STA:FSIC(13.0.1),R,MEX,S12CFSI,FSI688_CFSI_PT,Q,2007-Q2,15.88517220003016,0,,,,,,,,,,SC,,,,,,
dataflow,IMF.STA:FSIC(13.0.1),R,MEX,S12CFSI,FSI688_CFSI_PT,Q,2007-Q3,15.90919308022461,0,,,,,,,,,,SC,,,,,,
dataflow,IMF.STA:FSIC(13.0.1),R,MEX,S12CFSI,FSI688_CFSI_PT,Q,2007-Q4,15.89419865775988,0,,,,,,,,,,SC,,,,,,
dataflow,IMF.STA:FSIC(13.0.1),R,MEX,S12CFSI,FSI688_CFSI_PT,Q,2008-Q1,15.99513126806148,0,,,,,,,,,,SC,,,,,,
dataflow,IMF.STA:FSIC(13.0.1),R,MEX,S12CFSI,FSI688_CFSI_PT,Q,2008-Q2,15.17782370658182,0,,,,,,,,,,SC,,,,,,
dataflow,IMF.STA:FSIC(13.0.1),R,MEX,S12CFSI,FSI688_CFSI_PT,Q,2008-Q3,15.30014875454516,0,,,,,,,,,,SC,,,,,,
dataflow,IMF.STA:FSIC(13.0.1),R,MEX,S12CFSI,FSI688_CFSI_PT,Q,2008-Q4,15.31417369290516,0,,,,,,,,,,SC,,,,,,
dataflow,IMF.STA:FSIC(13.0.1),R,MEX,S12CFSI,FSI688_CFSI_PT,Q,2009-Q1,15.45343272927013,0,,,,,,,,,,SC,,,,,,
dataflow,IMF.STA:FSIC(13.0.1),R,MEX,S12CFSI,FSI688_CFSI_PT,Q,2009-Q2,16.18258405689225,0,,,,,,,,,,SC,,,,,,
dataflow,IMF.STA:FSIC(13.0.1),R,MEX,S12CFSI,FSI688_CFSI_PT,Q,2009-Q3,15.94567151353935,0,,,,,,,,,,SC,,,,,,
dataflow,IMF.STA:FSIC(13.0.1),R,MEX,S12CFSI,FSI688_CFSI_PT,Q,2009-Q4,16.51141973156341,0,,,,,,,,,,SC,,,,,,
dataflow,IMF.STA:FSIC(13.0.1),R,MEX,S12CFSI,FSI688_CFSI_PT,Q,2010-Q1,16.47421388390269,0,,,,,,,,,,SC,,,,,,
dataflow,IMF.STA:FSIC(13.0.1),R,MEX,S12CFSI,FSI688_CFSI_PT,Q,2010-Q2,17.56625507547895,0,,,,,,,,,,SC,,,,,,
dataflow,IMF.STA:FSIC(13.0.1),R,MEX,S12CFSI,FSI688_CFSI_PT,Q,2010-Q3,17.10211021318364,0,,,,,,,,,,SC,,,,,,
dataflow,IMF.STA:FSIC(13.0.1),R,MEX,S12CFSI,FSI688_CFSI_PT,Q,2010-Q4,16.81907108755595,0,,,,,,,,,,SC,,,,,,
dataflow,IMF.STA:FSIC(13.0.1),R,MEX,S12CFSI,FSI688_CFSI_PT,Q,2011-Q1,16.8388075849584,0,,,,,,,,,,SC,,,,,,
dataflow,IMF.STA:FSIC(13.0.1),R,MEX,S12CFSI,FSI688_CFSI_PT,Q,2011-Q2,16.47749959608341,0,,,,,,,,,,SC,,,,,,
dataflow,IMF.STA:FSIC(13.0.1),R,MEX,S12CFSI,FSI688_CFSI_PT,Q,2011-Q3,15.92105704501726,0,,,,,,,,,,SC,,,,,,
dataflow,IMF.STA:FSIC(13.0.1),R,MEX,S12CFSI,FSI688_CFSI_PT,Q,2011-Q4,15.66886996716692,0,,,,,,,,,,SC,,,,,,
dataflow,IMF.STA:FSIC(13.0.1),R,MEX,S12CFSI,FSI688_CFSI_PT,Q,2012-Q1,15.72494350102086,0,,,,,,,,,,SC,,,,,,
dataflow,IMF.STA:FSIC(13.0.1),R,MEX,S12CFSI,FSI688_CFSI_PT,Q,2012-Q2,15.95597922445383,0,,,,,,,,,,SC,,,,,,
dataflow,IMF.STA:FSIC(13.0.1),R,MEX,S12CFSI,FSI688_CFSI_PT,Q,2012-Q3,16.21497319569637,0,,,,,,,,,,SC,,,,,,
dataflow,IMF.STA:FSIC(13.0.1),R,MEX,S12CFSI,FSI688_CFSI_PT,Q,2012-Q4,15.95310517126981,0,,,,,,,,,,SC,,,,,,
dataflow,IMF.STA:FSIC(13.0.1),R,MEX,S12CFSI,FSI688_CFSI_PT,Q,2013-Q1,16.5966394634868,0,,,,,,,,,,SC,,,,,,
dataflow,IMF.STA:FSIC(13.0.1),R,MEX,S12CFSI,FSI688_CFSI_PT,Q,2013-Q2,16.2265122061793,0,,,,,,,,,,SC,,,,,,
dataflow,IMF.STA:FSIC(13.0.1),R,MEX,S12CFSI,FSI688_CFSI_PT,Q,2013-Q3,16.11462806002044,0,,,,,,,,,,SC,,,,,,
dataflow,IMF.STA:FSIC(13.0.1),R,MEX,S12CFSI,FSI688_CFSI_PT,Q,2013-Q4,15.53324900920822,0,,,,,,,,,,SC,,,,,,
dataflow,IMF.STA:FSIC(13.0.1),R,MEX,S12CFSI,FSI688_CFSI_PT,Q,2014-Q1,15.57586685230899,0,,,,,,,,,,SC,,,,,,
dataflow,IMF.STA:FSIC(13.0.1),R,MEX,S12CFSI,FSI688_CFSI_PT,Q,2014-Q2,15.9018404299778,0,,,,,,,,,,SC,,,,,,
dataflow,IMF.STA:FSIC(13.0.1),R,MEX,S12CFSI,FSI688_CFSI_PT,Q,2014-Q3,15.88877094760366,0,,,,,,,,,,SC,,,,,,
dataflow,IMF.STA:FSIC(13.0.1),R,MEX,S12CFSI,FSI688_CFSI_PT,Q,2014-Q4,15.76035152919977,0,,,,,,,,,,SC,,,,,,
dataflow,IMF.STA:FSIC(13.0.1),R,MEX,S12CFSI,FSI688_CFSI_PT,Q,2015-Q1,15.56847540780968,0,,,,,,,,,,SC,,,,,,
dataflow,IMF.STA:FSIC(13.0.1),R,MEX,S12CFSI,FSI688_CFSI_PT,Q,2015-Q2,15.5319774667792,0,,,,,,,,,,SC,,,,,,
dataflow,IMF.STA:FSIC(13.0.1),R,MEX,S12CFSI,FSI688_CFSI_PT,Q,2015-Q3,15.34305448534704,0,,,,,,,,,,SC,,,,,,
dataflow,IMF.STA:FSIC(13.0.1),R,MEX,S12CFSI,FSI688_CFSI_PT,Q,2015-Q4,14.9641880731716,0,,,,,,,,,,SC,,,,,,
dataflow,IMF.STA:FSIC(13.0.1),R,MEX,S12CFSI,FSI688_CFSI_PT,Q,2016-Q1,14.88211896196742,0,,,,,,,,,,SC,,,,,,
dataflow,IMF.STA:FSIC(13.0.1),R,MEX,S12CFSI,FSI688_CFSI_PT,Q,2016-Q2,14.79678146406022,0,,,,,,,,,,SC,,,,,,
dataflow,IMF.STA:FSIC(13.0.1),R,MEX,S12CFSI,FSI688_CFSI_PT,Q,2016-Q3,14.73163866652998,0,,,,,,,,,,SC,,,,,,
dataflow,IMF.STA:FSIC(13.0.1),R,MEX,S12CFSI,FSI688_CFSI_PT,Q,2016-Q4,14.89886704588451,0,,,,,,,,,,SC,,,,,,
dataflow,IMF.STA:FSIC(13.0.1),R,MEX,S12CFSI,FSI688_CFSI_PT,Q,2017-Q1,15.2495375759389,0,,,,,,,,,,SC,,,,,,
dataflow,IMF.STA:FSIC(13.0.1),R,MEX,S12CFSI,FSI688_CFSI_PT,Q,2017-Q2,15.38382253082909,0,,,,,,,,,,SC,,,,,,
dataflow,IMF.STA:FSIC(13.0.1),R,MEX,S12CFSI,FSI688_CFSI_PT,Q,2017-Q3,15.70663773795783,0,,,,,,,,,,SC,,,,,,
dataflow,IMF.STA:FSIC(13.0.1),R,MEX,S12CFSI,FSI688_CFSI_PT,Q,2017-Q4,15.57299013661295,0,,,,,,,,,,SC,,,,,,
dataflow,IMF.STA:FSIC(13.0.1),R,MEX,S12CFSI,FSI688_CFSI_PT,Q,2018-Q1,16.00074641484803,0,,,,,,,,,,SC,,,,,,
dataflow,IMF.STA:FSIC(13.0.1),R,MEX,S12CFSI,FSI688_CFSI_PT,Q,2018-Q2,15.92160937668157,0,,,,,,,,,,SC,,,,,,
dataflow,IMF.STA:FSIC(13.0.1),R,MEX,S12CFSI,FSI688_CFSI_PT,Q,2018-Q3,15.84504618332822,0,,,,,,,,,,SC,,,,,,
dataflow,IMF.STA:FSIC(13.0.1),R,MEX,S12CFSI,FSI688_CFSI_PT,Q,2018-Q4,15.90576794387895,0,,,,,,,,,,SC,,,,,,
dataflow,IMF.STA:FSIC(13.0.1),R,MEX,S12CFSI,FSI688_CFSI_PT,Q,2019-Q1,16.03206565754776,0,,,,,,,,,,SC,,,,,,
dataflow,IMF.STA:FSIC(13.0.1),R,MEX,S12CFSI,FSI688_CFSI_PT,Q,2019-Q2,15.68026388029145,0,,,,,,,,,,SC,,,,,,
dataflow,IMF.STA:FSIC(13.0.1),R,MEX,S12CFSI,FSI688_CFSI_PT,Q,2019-Q3,15.91046902739627,0,,,,,,,,,,SC,,,,,,
dataflow,IMF.STA:FSIC(13.0.1),R,MEX,S12CFSI,FSI688_CFSI_PT,Q,2019-Q4,15.98254288777833,0,,,,,,,,,,SC,,,,,,
dataflow,IMF.STA:FSIC(13.0.1),R,MEX,S12CFSI,FSI688_CFSI_PT,Q,2020-Q1,15.66005189308414,0,,,,,,,,,,SC,,,,,,
dataflow,IMF.STA:FSIC(13.0.1),R,MEX,S12CFSI,FSI688_CFSI_PT,Q,2020-Q2,16.50769302076894,0,,,,,,,,,,SC,,,,,,
dataflow,IMF.STA:FSIC(13.0.1),R,MEX,S12CFSI,FSI688_CFSI_PT,Q,2020-Q3,17.21428046918964,0,,,,,,,,,,SC,,,,,,
dataflow,IMF.STA:FSIC(13.0.1),R,MEX,S12CFSI,FSI688_CFSI_PT,Q,2020-Q4,17.69754584772497,0,,,,,,,,,,SC,,,,,,
dataflow,IMF.STA:FSIC(13.0.1),R,MEX,S12CFSI,FSI688_CFSI_PT,Q,2021-Q1,18.28258557486578,0,,,,,,,,,,SC,,,,,,
dataflow,IMF.STA:FSIC(13.0.1),R,MEX,S12CFSI,FSI688_CFSI_PT,Q,2021-Q2,18.2535602305469,0,,,,,,,,,,SC,,,,,,
dataflow,IMF.STA:FSIC(13.0.1),R,MEX,S12CFSI,FSI688_CFSI_PT,Q,2021-Q3,18.78357632070125,0,,,,,,,,,,SC,,,,,,
dataflow,IMF.STA:FSIC(13.0.1),R,MEX,S12CFSI,FSI688_CFSI_PT,Q,2021-Q4,19.53211263198292,0,,,,,,,,,,SC,,,,,,
dataflow,IMF.STA:FSIC(13.0.1),R,MEX,S12CFSI,FSI688_CFSI_PT,Q,2022-Q1,19.65003978412664,0,,,,,,,,,,SC,,,,,,
dataflow,IMF.STA:FSIC(13.0.1),R,MEX,S12CFSI,FSI688_CFSI_PT,Q,2022-Q2,18.66955468671082,0,,,,,,,,,,SC,,,,,,
dataflow,IMF.STA:FSIC(13.0.1),R,MEX,S12CFSI,FSI688_CFSI_PT,Q,2022-Q3,18.75619018510327,0,,,,,,,,,,SC,,,,,,
dataflow,IMF.STA:FSIC(13.0.1),R,MEX,S12CFSI,FSI688_CFSI_PT,Q,2022-Q4,19.0041696305434,0,,,,,,,,,,SC,,,,,,
dataflow,IMF.STA:FSIC(13.0.1),R,MEX,S12CFSI,FSI688_CFSI_PT,Q,2023-Q1,19.30454193663782,0,,,,,,,,,,SC,,,,,,
dataflow,IMF.STA:FSIC(13.0.1),R,MEX,S12CFSI,FSI688_CFSI_PT,Q,2023-Q2,19.48808301785403,0,,,,,,,,,,SC,,,,,,
dataflow,IMF.STA:FSIC(13.0.1),R,MEX,S12CFSI,FSI688_CFSI_PT,Q,2023-Q3,19.30431255784178,0,,,,,,,,,,SC,,,,,,
dataflow,IMF.STA:FSIC(13.0.1),R,MEX,S12CFSI,FSI688_CFSI_PT,Q,2023-Q4,18.80782342301203,0,,,,,,,,,,SC,,,,,,
dataflow,IMF.STA:FSIC(13.0.1),R,MEX,S12CFSI,FSI688_CFSI_PT,Q,2024-Q1,19.49092793394671,0,,,,,,,,,,SC,,,,,,
dataflow,IMF.STA:FSIC(13.0.1),R,MEX,S12CFSI,FSI688_CFSI_PT,Q,2024-Q2,19.29197742912157,0,,,,,,,,,,SC,,,,,,
dataflow,IMF.STA:FSIC(13.0.1),R,MEX,S12CFSI,FSI688_CFSI_PT,Q,2024-Q3,19.38580220045584,0,,,,,,,,,,SC,,,,,,
dataflow,IMF.STA:FSIC(13.0.1),R,MEX,S12CFSI,FSI688_CFSI_PT,Q,2024-Q4,19.08749729853868,0,,,,,,,,,,SC,,,,,,
dataflow,IMF.STA:FSIC(13.0.1),R,MEX,S12CFSI,FSI688_CFSI_PT,Q,2025-Q1,19.90457590737111,0,,,,,,,,,,SC,,,,,,
dataflow,IMF.STA:FSIC(13.0.1),R,MEX,S12CFSI,FSI688_CFSI_PT,Q,2025-Q2,20.00061821813175,0,,,,,,,,,,SC,,,,,,
dataflow,IMF.STA:FSIC(13.0.1),R,MEX,S12CFSI,FSI688_CFSI_PT,Q,2025-Q3,20.37900292564797,0,,,,,,,,,,SC,,,,,,
dataflow,IMF.STA:FSIC(13.0.1),R,MEX,S12CFSI,FSI688_CFSI_PT,Q,2025-Q4,20.17262333006467,0,,,,,,,,,,SC,,,,,,
dataflow,IMF.STA:FSIC(13.0.1),R,MEX,S12CFSI,FSI688_CFSI_PT,Q,2026-Q1,20.32297523105507,0,,,,,,,,,,SC,,,,,,
dataflow,IMF.STA:FSIC(13.0.1),R,MEX,S12CFSI,ROA_CFSI_PT,A,2005,2.390219322620345,0,,,,,,,,,,SC,,,,,,
dataflow,IMF.STA:FSIC(13.0.1),R,MEX,S12CFSI,ROA_CFSI_PT,A,2006,2.842005530113585,0,,,,,,,,,,SC,,,,,,
dataflow,IMF.STA:FSIC(13.0.1),R,MEX,S12CFSI,ROA_CFSI_PT,A,2007,2.346224108893095,0,,,,,,,,,,SC,,,,,,
dataflow,IMF.STA:FSIC(13.0.1),R,MEX,S12CFSI,ROA_CFSI_PT,A,2008,1.504184530055719,0,,,,,,,,,,SC,,,,,,
dataflow,IMF.STA:FSIC(13.0.1),R,MEX,S12CFSI,ROA_CFSI_PT,A,2009,1.600637770908732,0,,,,,,,,,,SC,,,,,,
dataflow,IMF.STA:FSIC(13.0.1),R,MEX,S12CFSI,ROA_CFSI_PT,A,2010,1.893907497710686,0,,,,,,,,,,SC,,,,,,
dataflow,IMF.STA:FSIC(13.0.1),R,MEX,S12CFSI,ROA_CFSI_PT,A,2011,1.653007755524386,0,,,,,,,,,,SC,,,,,,
dataflow,IMF.STA:FSIC(13.0.1),R,MEX,S12CFSI,ROA_CFSI_PT,A,2012,1.874219013119675,0,,,,,,,,,,SC,,,,,,
dataflow,IMF.STA:FSIC(13.0.1),R,MEX,S12CFSI,ROA_CFSI_PT,A,2013,2.060613336205714,0,,,,,,,,,,SC,,,,,,
dataflow,IMF.STA:FSIC(13.0.1),R,MEX,S12CFSI,ROA_CFSI_PT,A,2014,1.708125182128883,0,,,,,,,,,,SC,,,,,,
dataflow,IMF.STA:FSIC(13.0.1),R,MEX,S12CFSI,ROA_CFSI_PT,A,2015,1.691130891536105,0,,,,,,,,,,SC,,,,,,
dataflow,IMF.STA:FSIC(13.0.1),R,MEX,S12CFSI,ROA_CFSI_PT,A,2016,1.732720660681981,0,,,,,,,,,,SC,,,,,,
dataflow,IMF.STA:FSIC(13.0.1),R,MEX,S12CFSI,ROA_CFSI_PT,A,2017,2.082602795893281,0,,,,,,,,,,SC,,,,,,
dataflow,IMF.STA:FSIC(13.0.1),R,MEX,S12CFSI,ROA_CFSI_PT,A,2018,2.237186405958076,0,,,,,,,,,,SC,,,,,,
dataflow,IMF.STA:FSIC(13.0.1),R,MEX,S12CFSI,ROA_CFSI_PT,A,2019,2.256410400958052,0,,,,,,,,,,SC,,,,,,
dataflow,IMF.STA:FSIC(13.0.1),R,MEX,S12CFSI,ROA_CFSI_PT,A,2020,1.232302145964162,0,,,,,,,,,,SC,,,,,,
dataflow,IMF.STA:FSIC(13.0.1),R,MEX,S12CFSI,ROA_CFSI_PT,A,2021,2.140334331082072,0,,,,,,,,,,SC,,,,,,
dataflow,IMF.STA:FSIC(13.0.1),R,MEX,S12CFSI,ROA_CFSI_PT,A,2022,2.567847446022406,0,,,,,,,,,,SC,,,,,,
dataflow,IMF.STA:FSIC(13.0.1),R,MEX,S12CFSI,ROA_CFSI_PT,A,2023,2.80668435004798,0,,,,,,,,,,SC,,,,,,
dataflow,IMF.STA:FSIC(13.0.1),R,MEX,S12CFSI,ROA_CFSI_PT,A,2024,2.771380410056424,0,,,,,,,,,,SC,,,,,,
dataflow,IMF.STA:FSIC(13.0.1),R,MEX,S12CFSI,ROA_CFSI_PT,A,2025,2.735335348975497,0,,,,,,,,,,SC,,,,,,
dataflow,IMF.STA:FSIC(13.0.1),R,MEX,S12CFSI,ROA_CFSI_PT,M,2005-M12,2.390219322620345,0,,,,,,,,,,SC,,,,,,
dataflow,IMF.STA:FSIC(13.0.1),R,MEX,S12CFSI,ROA_CFSI_PT,M,2006-M01,2.411541594620327,0,,,,,,,,,,SC,,,,,,
dataflow,IMF.STA:FSIC(13.0.1),R,MEX,S12CFSI,ROA_CFSI_PT,M,2006-M02,2.448106635201113,0,,,,,,,,,,SC,,,,,,
dataflow,IMF.STA:FSIC(13.0.1),R,MEX,S12CFSI,ROA_CFSI_PT,M,2006-M03,2.068577706304919,0,,,,,,,,,,SC,,,,,,
dataflow,IMF.STA:FSIC(13.0.1),R,MEX,S12CFSI,ROA_CFSI_PT,M,2006-M04,2.458285092355209,0,,,,,,,,,,SC,,,,,,
dataflow,IMF.STA:FSIC(13.0.1),R,MEX,S12CFSI,ROA_CFSI_PT,M,2006-M05,2.343601877531249,0,,,,,,,,,,SC,,,,,,
dataflow,IMF.STA:FSIC(13.0.1),R,MEX,S12CFSI,ROA_CFSI_PT,M,2006-M06,2.370238859396091,0,,,,,,,,,,SC,,,,,,
dataflow,IMF.STA:FSIC(13.0.1),R,MEX,S12CFSI,ROA_CFSI_PT,M,2006-M07,2.542375785352198,0,,,,,,,,,,SC,,,,,,
dataflow,IMF.STA:FSIC(13.0.1),R,MEX,S12CFSI,ROA_CFSI_PT,M,2006-M08,2.566203217374831,0,,,,,,,,,,SC,,,,,,
dataflow,IMF.STA:FSIC(13.0.1),R,MEX,S12CFSI,ROA_CFSI_PT,M,2006-M09,2.752653159155868,0,,,,,,,,,,SC,,,,,,
dataflow,IMF.STA:FSIC(13.0.1),R,MEX,S12CFSI,ROA_CFSI_PT,M,2006-M10,2.82025153463753,0,,,,,,,,,,SC,,,,,,
dataflow,IMF.STA:FSIC(13.0.1),R,MEX,S12CFSI,ROA_CFSI_PT,M,2006-M11,2.891285726930369,0,,,,,,,,,,SC,,,,,,
dataflow,IMF.STA:FSIC(13.0.1),R,MEX,S12CFSI,ROA_CFSI_PT,M,2006-M12,2.842005530113585,0,,,,,,,,,,SC,,,,,,
dataflow,IMF.STA:FSIC(13.0.1),R,MEX,S12CFSI,ROA_CFSI_PT,M,2007-M01,2.74070441784232,0,,,,,,,,,,SC,,,,,,
dataflow,IMF.STA:FSIC(13.0.1),R,MEX,S12CFSI,ROA_CFSI_PT,M,2007-M02,2.702795052885369,0,,,,,,,,,,SC,,,,,,
dataflow,IMF.STA:FSIC(13.0.1),R,MEX,S12CFSI,ROA_CFSI_PT,M,2007-M03,3.170005234468459,0,,,,,,,,,,SC,,,,,,
dataflow,IMF.STA:FSIC(13.0.1),R,MEX,S12CFSI,ROA_CFSI_PT,M,2007-M04,2.727611945279784,0,,,,,,,,,,SC,,,,,,
dataflow,IMF.STA:FSIC(13.0.1),R,MEX,S12CFSI,ROA_CFSI_PT,M,2007-M05,2.758657932433763,0,,,,,,,,,,SC,,,,,,
dataflow,IMF.STA:FSIC(13.0.1),R,MEX,S12CFSI,ROA_CFSI_PT,M,2007-M06,2.688956932518321,0,,,,,,,,,,SC,,,,,,
dataflow,IMF.STA:FSIC(13.0.1),R,MEX,S12CFSI,ROA_CFSI_PT,M,2007-M07,2.542157625154077,0,,,,,,,,,,SC,,,,,,
dataflow,IMF.STA:FSIC(13.0.1),R,MEX,S12CFSI,ROA_CFSI_PT,M,2007-M08,2.433846857507559,0,,,,,,,,,,SC,,,,,,
dataflow,IMF.STA:FSIC(13.0.1),R,MEX,S12CFSI,ROA_CFSI_PT,M,2007-M09,2.513112632151678,0,,,,,,,,,,SC,,,,,,
dataflow,IMF.STA:FSIC(13.0.1),R,MEX,S12CFSI,ROA_CFSI_PT,M,2007-M10,2.449907937497131,0,,,,,,,,,,SC,,,,,,
dataflow,IMF.STA:FSIC(13.0.1),R,MEX,S12CFSI,ROA_CFSI_PT,M,2007-M11,2.296396054940051,0,,,,,,,,,,SC,,,,,,
dataflow,IMF.STA:FSIC(13.0.1),R,MEX,S12CFSI,ROA_CFSI_PT,M,2007-M12,2.346224108893095,0,,,,,,,,,,SC,,,,,,
dataflow,IMF.STA:FSIC(13.0.1),R,MEX,S12CFSI,ROA_CFSI_PT,M,2008-M01,2.474024009551522,0,,,,,,,,,,SC,,,,,,
dataflow,IMF.STA:FSIC(13.0.1),R,MEX,S12CFSI,ROA_CFSI_PT,M,2008-M02,2.496673969057221,0,,,,,,,,,,SC,,,,,,
dataflow,IMF.STA:FSIC(13.0.1),R,MEX,S12CFSI,ROA_CFSI_PT,M,2008-M03,2.406948538106998,0,,,,,,,,,,SC,,,,,,
dataflow,IMF.STA:FSIC(13.0.1),R,MEX,S12CFSI,ROA_CFSI_PT,M,2008-M04,2.271248556496658,0,,,,,,,,,,SC,,,,,,
dataflow,IMF.STA:FSIC(13.0.1),R,MEX,S12CFSI,ROA_CFSI_PT,M,2008-M05,2.136810367758658,0,,,,,,,,,,SC,,,,,,
dataflow,IMF.STA:FSIC(13.0.1),R,MEX,S12CFSI,ROA_CFSI_PT,M,2008-M06,1.963448089890882,0,,,,,,,,,,SC,,,,,,
dataflow,IMF.STA:FSIC(13.0.1),R,MEX,S12CFSI,ROA_CFSI_PT,M,2008-M07,1.857973620723231,0,,,,,,,,,,SC,,,,,,
dataflow,IMF.STA:FSIC(13.0.1),R,MEX,S12CFSI,ROA_CFSI_PT,M,2008-M08,1.84814192409046,0,,,,,,,,,,SC,,,,,,
dataflow,IMF.STA:FSIC(13.0.1),R,MEX,S12CFSI,ROA_CFSI_PT,M,2008-M09,1.602734502640611,0,,,,,,,,,,SC,,,,,,
dataflow,IMF.STA:FSIC(13.0.1),R,MEX,S12CFSI,ROA_CFSI_PT,M,2008-M10,1.540177693754223,0,,,,,,,,,,SC,,,,,,
dataflow,IMF.STA:FSIC(13.0.1),R,MEX,S12CFSI,ROA_CFSI_PT,M,2008-M11,1.499724185926158,0,,,,,,,,,,SC,,,,,,
dataflow,IMF.STA:FSIC(13.0.1),R,MEX,S12CFSI,ROA_CFSI_PT,M,2008-M12,1.504184530055719,0,,,,,,,,,,SC,,,,,,
dataflow,IMF.STA:FSIC(13.0.1),R,MEX,S12CFSI,ROA_CFSI_PT,M,2009-M01,1.468489148489222,0,,,,,,,,,,SC,,,,,,
dataflow,IMF.STA:FSIC(13.0.1),R,MEX,S12CFSI,ROA_CFSI_PT,M,2009-M02,1.318193452262203,0,,,,,,,,,,SC,,,,,,
dataflow,IMF.STA:FSIC(13.0.1),R,MEX,S12CFSI,ROA_CFSI_PT,M,2009-M03,1.34688837734313,0,,,,,,,,,,SC,,,,,,
dataflow,IMF.STA:FSIC(13.0.1),R,MEX,S12CFSI,ROA_CFSI_PT,M,2009-M04,1.517214616263337,0,,,,,,,,,,SC,,,,,,
dataflow,IMF.STA:FSIC(13.0.1),R,MEX,S12CFSI,ROA_CFSI_PT,M,2009-M05,1.562215143704883,0,,,,,,,,,,SC,,,,,,
dataflow,IMF.STA:FSIC(13.0.1),R,MEX,S12CFSI,ROA_CFSI_PT,M,2009-M06,1.638439169089185,0,,,,,,,,,,SC,,,,,,
dataflow,IMF.STA:FSIC(13.0.1),R,MEX,S12CFSI,ROA_CFSI_PT,M,2009-M07,1.680416579669785,0,,,,,,,,,,SC,,,,,,
dataflow,IMF.STA:FSIC(13.0.1),R,MEX,S12CFSI,ROA_CFSI_PT,M,2009-M08,1.634420346536734,0,,,,,,,,,,SC,,,,,,
dataflow,IMF.STA:FSIC(13.0.1),R,MEX,S12CFSI,ROA_CFSI_PT,M,2009-M09,1.756432103808008,0,,,,,,,,,,SC,,,,,,
dataflow,IMF.STA:FSIC(13.0.1),R,MEX,S12CFSI,ROA_CFSI_PT,M,2009-M10,1.74829749254124,0,,,,,,,,,,SC,,,,,,
dataflow,IMF.STA:FSIC(13.0.1),R,MEX,S12CFSI,ROA_CFSI_PT,M,2009-M11,1.758503366906915,0,,,,,,,,,,SC,,,,,,
dataflow,IMF.STA:FSIC(13.0.1),R,MEX,S12CFSI,ROA_CFSI_PT,M,2009-M12,1.600637770908732,0,,,,,,,,,,SC,,,,,,
dataflow,IMF.STA:FSIC(13.0.1),R,MEX,S12CFSI,ROA_CFSI_PT,M,2010-M01,1.591213222123888,0,,,,,,,,,,SC,,,,,,
dataflow,IMF.STA:FSIC(13.0.1),R,MEX,S12CFSI,ROA_CFSI_PT,M,2010-M02,1.694494175257294,0,,,,,,,,,,SC,,,,,,
dataflow,IMF.STA:FSIC(13.0.1),R,MEX,S12CFSI,ROA_CFSI_PT,M,2010-M03,1.66925482512104,0,,,,,,,,,,SC,,,,,,
dataflow,IMF.STA:FSIC(13.0.1),R,MEX,S12CFSI,ROA_CFSI_PT,M,2010-M04,1.629174410381667,0,,,,,,,,,,SC,,,,,,
dataflow,IMF.STA:FSIC(13.0.1),R,MEX,S12CFSI,ROA_CFSI_PT,M,2010-M05,1.715716145127512,0,,,,,,,,,,SC,,,,,,
dataflow,IMF.STA:FSIC(13.0.1),R,MEX,S12CFSI,ROA_CFSI_PT,M,2010-M06,1.752714470758631,0,,,,,,,,,,SC,,,,,,
dataflow,IMF.STA:FSIC(13.0.1),R,MEX,S12CFSI,ROA_CFSI_PT,M,2010-M07,1.788628138514589,0,,,,,,,,,,SC,,,,,,
dataflow,IMF.STA:FSIC(13.0.1),R,MEX,S12CFSI,ROA_CFSI_PT,M,2010-M08,1.842213855160908,0,,,,,,,,,,SC,,,,,,
dataflow,IMF.STA:FSIC(13.0.1),R,MEX,S12CFSI,ROA_CFSI_PT,M,2010-M09,1.84187263047336,0,,,,,,,,,,SC,,,,,,
dataflow,IMF.STA:FSIC(13.0.1),R,MEX,S12CFSI,ROA_CFSI_PT,M,2010-M10,1.86630090106137,0,,,,,,,,,,SC,,,,,,
dataflow,IMF.STA:FSIC(13.0.1),R,MEX,S12CFSI,ROA_CFSI_PT,M,2010-M11,1.859474862611211,0,,,,,,,,,,SC,,,,,,
dataflow,IMF.STA:FSIC(13.0.1),R,MEX,S12CFSI,ROA_CFSI_PT,M,2010-M12,1.893907497710686,0,,,,,,,,,,SC,,,,,,
dataflow,IMF.STA:FSIC(13.0.1),R,MEX,S12CFSI,ROA_CFSI_PT,M,2011-M01,1.870288342484792,0,,,,,,,,,,SC,,,,,,
dataflow,IMF.STA:FSIC(13.0.1),R,MEX,S12CFSI,ROA_CFSI_PT,M,2011-M02,1.845406406838389,0,,,,,,,,,,SC,,,,,,
dataflow,IMF.STA:FSIC(13.0.1),R,MEX,S12CFSI,ROA_CFSI_PT,M,2011-M03,1.770191748265902,0,,,,,,,,,,SC,,,,,,
dataflow,IMF.STA:FSIC(13.0.1),R,MEX,S12CFSI,ROA_CFSI_PT,M,2011-M04,1.764971883026415,0,,,,,,,,,,SC,,,,,,
dataflow,IMF.STA:FSIC(13.0.1),R,MEX,S12CFSI,ROA_CFSI_PT,M,2011-M05,1.725780842210314,0,,,,,,,,,,SC,,,,,,
dataflow,IMF.STA:FSIC(13.0.1),R,MEX,S12CFSI,ROA_CFSI_PT,M,2011-M06,1.743370660980306,0,,,,,,,,,,SC,,,,,,
dataflow,IMF.STA:FSIC(13.0.1),R,MEX,S12CFSI,ROA_CFSI_PT,M,2011-M07,1.705972311349219,0,,,,,,,,,,SC,,,,,,
dataflow,IMF.STA:FSIC(13.0.1),R,MEX,S12CFSI,ROA_CFSI_PT,M,2011-M08,1.64584749834173,0,,,,,,,,,,SC,,,,,,
dataflow,IMF.STA:FSIC(13.0.1),R,MEX,S12CFSI,ROA_CFSI_PT,M,2011-M09,1.6428415293352,0,,,,,,,,,,SC,,,,,,
dataflow,IMF.STA:FSIC(13.0.1),R,MEX,S12CFSI,ROA_CFSI_PT,M,2011-M10,1.630922212123856,0,,,,,,,,,,SC,,,,,,
dataflow,IMF.STA:FSIC(13.0.1),R,MEX,S12CFSI,ROA_CFSI_PT,M,2011-M11,1.637885939302303,0,,,,,,,,,,SC,,,,,,
dataflow,IMF.STA:FSIC(13.0.1),R,MEX,S12CFSI,ROA_CFSI_PT,M,2011-M12,1.653007755524386,0,,,,,,,,,,SC,,,,,,
dataflow,IMF.STA:FSIC(13.0.1),R,MEX,S12CFSI,ROA_CFSI_PT,M,2012-M01,1.702592301146091,0,,,,,,,,,,SC,,,,,,
dataflow,IMF.STA:FSIC(13.0.1),R,MEX,S12CFSI,ROA_CFSI_PT,M,2012-M02,1.705464577426286,0,,,,,,,,,,SC,,,,,,
dataflow,IMF.STA:FSIC(13.0.1),R,MEX,S12CFSI,ROA_CFSI_PT,M,2012-M03,1.725480958264844,0,,,,,,,,,,SC,,,,,,
dataflow,IMF.STA:FSIC(13.0.1),R,MEX,S12CFSI,ROA_CFSI_PT,M,2012-M04,1.71246892841285,0,,,,,,,,,,SC,,,,,,
dataflow,IMF.STA:FSIC(13.0.1),R,MEX,S12CFSI,ROA_CFSI_PT,M,2012-M05,1.72921504597376,0,,,,,,,,,,SC,,,,,,
dataflow,IMF.STA:FSIC(13.0.1),R,MEX,S12CFSI,ROA_CFSI_PT,M,2012-M06,1.744550792631092,0,,,,,,,,,,SC,,,,,,
dataflow,IMF.STA:FSIC(13.0.1),R,MEX,S12CFSI,ROA_CFSI_PT,M,2012-M07,1.775542763504193,0,,,,,,,,,,SC,,,,,,
dataflow,IMF.STA:FSIC(13.0.1),R,MEX,S12CFSI,ROA_CFSI_PT,M,2012-M08,1.811011460293632,0,,,,,,,,,,SC,,,,,,
dataflow,IMF.STA:FSIC(13.0.1),R,MEX,S12CFSI,ROA_CFSI_PT,M,2012-M09,1.811220308466623,0,,,,,,,,,,SC,,,,,,
dataflow,IMF.STA:FSIC(13.0.1),R,MEX,S12CFSI,ROA_CFSI_PT,M,2012-M10,1.817304074336059,0,,,,,,,,,,SC,,,,,,
dataflow,IMF.STA:FSIC(13.0.1),R,MEX,S12CFSI,ROA_CFSI_PT,M,2012-M11,1.83791040766811,0,,,,,,,,,,SC,,,,,,
dataflow,IMF.STA:FSIC(13.0.1),R,MEX,S12CFSI,ROA_CFSI_PT,M,2012-M12,1.874219013119675,0,,,,,,,,,,SC,,,,,,
dataflow,IMF.STA:FSIC(13.0.1),R,MEX,S12CFSI,ROA_CFSI_PT,M,2013-M01,2.036163964772382,0,,,,,,,,,,SC,,,,,,
dataflow,IMF.STA:FSIC(13.0.1),R,MEX,S12CFSI,ROA_CFSI_PT,M,2013-M02,2.025785457532192,0,,,,,,,,,,SC,,,,,,
dataflow,IMF.STA:FSIC(13.0.1),R,MEX,S12CFSI,ROA_CFSI_PT,M,2013-M03,2.034493378937503,0,,,,,,,,,,SC,,,,,,
dataflow,IMF.STA:FSIC(13.0.1),R,MEX,S12CFSI,ROA_CFSI_PT,M,2013-M04,2.037727080378667,0,,,,,,,,,,SC,,,,,,
dataflow,IMF.STA:FSIC(13.0.1),R,MEX,S12CFSI,ROA_CFSI_PT,M,2013-M05,2.061285280083349,0,,,,,,,,,,SC,,,,,,
dataflow,IMF.STA:FSIC(13.0.1),R,MEX,S12CFSI,ROA_CFSI_PT,M,2013-M06,2.007821014165477,0,,,,,,,,,,SC,,,,,,
dataflow,IMF.STA:FSIC(13.0.1),R,MEX,S12CFSI,ROA_CFSI_PT,M,2013-M07,1.976182900664856,0,,,,,,,,,,SC,,,,,,
dataflow,IMF.STA:FSIC(13.0.1),R,MEX,S12CFSI,ROA_CFSI_PT,M,2013-M08,1.990934925415629,0,,,,,,,,,,SC,,,,,,
dataflow,IMF.STA:FSIC(13.0.1),R,MEX,S12CFSI,ROA_CFSI_PT,M,2013-M09,2.04458302163583,0,,,,,,,,,,SC,,,,,,
dataflow,IMF.STA:FSIC(13.0.1),R,MEX,S12CFSI,ROA_CFSI_PT,M,2013-M10,2.042515088304744,0,,,,,,,,,,SC,,,,,,
dataflow,IMF.STA:FSIC(13.0.1),R,MEX,S12CFSI,ROA_CFSI_PT,M,2013-M11,2.116093393207261,0,,,,,,,,,,SC,,,,,,
dataflow,IMF.STA:FSIC(13.0.1),R,MEX,S12CFSI,ROA_CFSI_PT,M,2013-M12,2.060613336205714,0,,,,,,,,,,SC,,,,,,
dataflow,IMF.STA:FSIC(13.0.1),R,MEX,S12CFSI,ROA_CFSI_PT,M,2014-M01,1.816328013724522,0,,,,,,,,,,SC,,,,,,
dataflow,IMF.STA:FSIC(13.0.1),R,MEX,S12CFSI,ROA_CFSI_PT,M,2014-M02,1.855253250657085,0,,,,,,,,,,SC,,,,,,
dataflow,IMF.STA:FSIC(13.0.1),R,MEX,S12CFSI,ROA_CFSI_PT,M,2014-M03,1.859469833252817,0,,,,,,,,,,SC,,,,,,
dataflow,IMF.STA:FSIC(13.0.1),R,MEX,S12CFSI,ROA_CFSI_PT,M,2014-M04,1.84589373290058,0,,,,,,,,,,SC,,,,,,
dataflow,IMF.STA:FSIC(13.0.1),R,MEX,S12CFSI,ROA_CFSI_PT,M,2014-M05,1.791177429031854,0,,,,,,,,,,SC,,,,,,
dataflow,IMF.STA:FSIC(13.0.1),R,MEX,S12CFSI,ROA_CFSI_PT,M,2014-M06,1.856093911279972,0,,,,,,,,,,SC,,,,,,
dataflow,IMF.STA:FSIC(13.0.1),R,MEX,S12CFSI,ROA_CFSI_PT,M,2014-M07,1.901727963089515,0,,,,,,,,,,SC,,,,,,
dataflow,IMF.STA:FSIC(13.0.1),R,MEX,S12CFSI,ROA_CFSI_PT,M,2014-M08,1.876646123491437,0,,,,,,,,,,SC,,,,,,
dataflow,IMF.STA:FSIC(13.0.1),R,MEX,S12CFSI,ROA_CFSI_PT,M,2014-M09,1.812001051410858,0,,,,,,,,,,SC,,,,,,
dataflow,IMF.STA:FSIC(13.0.1),R,MEX,S12CFSI,ROA_CFSI_PT,M,2014-M10,1.770401664595203,0,,,,,,,,,,SC,,,,,,
dataflow,IMF.STA:FSIC(13.0.1),R,MEX,S12CFSI,ROA_CFSI_PT,M,2014-M11,1.705488445261168,0,,,,,,,,,,SC,,,,,,
dataflow,IMF.STA:FSIC(13.0.1),R,MEX,S12CFSI,ROA_CFSI_PT,M,2014-M12,1.708125182128883,0,,,,,,,,,,SC,,,,,,
dataflow,IMF.STA:FSIC(13.0.1),R,MEX,S12CFSI,ROA_CFSI_PT,M,2015-M01,1.720135314036224,0,,,,,,,,,,SC,,,,,,
dataflow,IMF.STA:FSIC(13.0.1),R,MEX,S12CFSI,ROA_CFSI_PT,M,2015-M02,1.69349981749689,0,,,,,,,,,,SC,,,,,,
dataflow,IMF.STA:FSIC(13.0.1),R,MEX,S12CFSI,ROA_CFSI_PT,M,2015-M03,1.72316885275302,0,,,,,,,,,,SC,,,,,,
dataflow,IMF.STA:FSIC(13.0.1),R,MEX,S12CFSI,ROA_CFSI_PT,M,2015-M04,1.747777645900529,0,,,,,,,,,,SC,,,,,,
dataflow,IMF.STA:FSIC(13.0.1),R,MEX,S12CFSI,ROA_CFSI_PT,M,2015-M05,1.767809587076914,0,,,,,,,,,,SC,,,,,,
dataflow,IMF.STA:FSIC(13.0.1),R,MEX,S12CFSI,ROA_CFSI_PT,M,2015-M06,1.79102736924232,0,,,,,,,,,,SC,,,,,,
dataflow,IMF.STA:FSIC(13.0.1),R,MEX,S12CFSI,ROA_CFSI_PT,M,2015-M07,1.722575184686612,0,,,,,,,,,,SC,,,,,,
dataflow,IMF.STA:FSIC(13.0.1),R,MEX,S12CFSI,ROA_CFSI_PT,M,2015-M08,1.684967955330567,0,,,,,,,,,,SC,,,,,,
dataflow,IMF.STA:FSIC(13.0.1),R,MEX,S12CFSI,ROA_CFSI_PT,M,2015-M09,1.666965106342394,0,,,,,,,,,,SC,,,,,,
dataflow,IMF.STA:FSIC(13.0.1),R,MEX,S12CFSI,ROA_CFSI_PT,M,2015-M10,1.741885041336598,0,,,,,,,,,,SC,,,,,,
dataflow,IMF.STA:FSIC(13.0.1),R,MEX,S12CFSI,ROA_CFSI_PT,M,2015-M11,1.708454517135737,0,,,,,,,,,,SC,,,,,,
dataflow,IMF.STA:FSIC(13.0.1),R,MEX,S12CFSI,ROA_CFSI_PT,M,2015-M12,1.691130891536105,0,,,,,,,,,,SC,,,,,,
dataflow,IMF.STA:FSIC(13.0.1),R,MEX,S12CFSI,ROA_CFSI_PT,M,2016-M01,1.687754139995891,0,,,,,,,,,,SC,,,,,,
dataflow,IMF.STA:FSIC(13.0.1),R,MEX,S12CFSI,ROA_CFSI_PT,M,2016-M02,1.705100636631353,0,,,,,,,,,,SC,,,,,,
dataflow,IMF.STA:FSIC(13.0.1),R,MEX,S12CFSI,ROA_CFSI_PT,M,2016-M03,1.680660767229856,0,,,,,,,,,,SC,,,,,,
dataflow,IMF.STA:FSIC(13.0.1),R,MEX,S12CFSI,ROA_CFSI_PT,M,2016-M04,1.698200712514372,0,,,,,,,,,,SC,,,,,,
dataflow,IMF.STA:FSIC(13.0.1),R,MEX,S12CFSI,ROA_CFSI_PT,M,2016-M05,1.699811265840862,0,,,,,,,,,,SC,,,,,,
dataflow,IMF.STA:FSIC(13.0.1),R,MEX,S12CFSI,ROA_CFSI_PT,M,2016-M06,1.617909136330422,0,,,,,,,,,,SC,,,,,,
dataflow,IMF.STA:FSIC(13.0.1),R,MEX,S12CFSI,ROA_CFSI_PT,M,2016-M07,1.651540810183121,0,,,,,,,,,,SC,,,,,,
dataflow,IMF.STA:FSIC(13.0.1),R,MEX,S12CFSI,ROA_CFSI_PT,M,2016-M08,1.697566713444936,0,,,,,,,,,,SC,,,,,,
dataflow,IMF.STA:FSIC(13.0.1),R,MEX,S12CFSI,ROA_CFSI_PT,M,2016-M09,1.694984636253554,0,,,,,,,,,,SC,,,,,,
dataflow,IMF.STA:FSIC(13.0.1),R,MEX,S12CFSI,ROA_CFSI_PT,M,2016-M10,1.698614394801079,0,,,,,,,,,,SC,,,,,,
dataflow,IMF.STA:FSIC(13.0.1),R,MEX,S12CFSI,ROA_CFSI_PT,M,2016-M11,1.704155969055806,0,,,,,,,,,,SC,,,,,,
dataflow,IMF.STA:FSIC(13.0.1),R,MEX,S12CFSI,ROA_CFSI_PT,M,2016-M12,1.732720660681981,0,,,,,,,,,,SC,,,,,,
dataflow,IMF.STA:FSIC(13.0.1),R,MEX,S12CFSI,ROA_CFSI_PT,M,2017-M01,1.819165168378209,0,,,,,,,,,,SC,,,,,,
dataflow,IMF.STA:FSIC(13.0.1),R,MEX,S12CFSI,ROA_CFSI_PT,M,2017-M02,1.804428362141311,0,,,,,,,,,,SC,,,,,,
dataflow,IMF.STA:FSIC(13.0.1),R,MEX,S12CFSI,ROA_CFSI_PT,M,2017-M03,1.838953704677002,0,,,,,,,,,,SC,,,,,,
dataflow,IMF.STA:FSIC(13.0.1),R,MEX,S12CFSI,ROA_CFSI_PT,M,2017-M04,1.832054639854712,0,,,,,,,,,,SC,,,,,,
dataflow,IMF.STA:FSIC(13.0.1),R,MEX,S12CFSI,ROA_CFSI_PT,M,2017-M05,1.846842458895107,0,,,,,,,,,,SC,,,,,,
dataflow,IMF.STA:FSIC(13.0.1),R,MEX,S12CFSI,ROA_CFSI_PT,M,2017-M06,1.908495221855105,0,,,,,,,,,,SC,,,,,,
dataflow,IMF.STA:FSIC(13.0.1),R,MEX,S12CFSI,ROA_CFSI_PT,M,2017-M07,1.918597004143546,0,,,,,,,,,,SC,,,,,,
dataflow,IMF.STA:FSIC(13.0.1),R,MEX,S12CFSI,ROA_CFSI_PT,M,2017-M08,1.942033299081564,0,,,,,,,,,,SC,,,,,,
dataflow,IMF.STA:FSIC(13.0.1),R,MEX,S12CFSI,ROA_CFSI_PT,M,2017-M09,1.992811614681916,0,,,,,,,,,,SC,,,,,,
dataflow,IMF.STA:FSIC(13.0.1),R,MEX,S12CFSI,ROA_CFSI_PT,M,2017-M10,1.965239764711639,0,,,,,,,,,,SC,,,,,,
dataflow,IMF.STA:FSIC(13.0.1),R,MEX,S12CFSI,ROA_CFSI_PT,M,2017-M11,2.039646344387425,0,,,,,,,,,,SC,,,,,,
dataflow,IMF.STA:FSIC(13.0.1),R,MEX,S12CFSI,ROA_CFSI_PT,M,2017-M12,2.082602795893281,0,,,,,,,,,,SC,,,,,,
dataflow,IMF.STA:FSIC(13.0.1),R,MEX,S12CFSI,ROA_CFSI_PT,M,2018-M01,2.065379389350235,0,,,,,,,,,,SC,,,,,,
dataflow,IMF.STA:FSIC(13.0.1),R,MEX,S12CFSI,ROA_CFSI_PT,M,2018-M02,2.087771244956455,0,,,,,,,,,,SC,,,,,,
dataflow,IMF.STA:FSIC(13.0.1),R,MEX,S12CFSI,ROA_CFSI_PT,M,2018-M03,2.094564442143806,0,,,,,,,,,,SC,,,,,,
dataflow,IMF.STA:FSIC(13.0.1),R,MEX,S12CFSI,ROA_CFSI_PT,M,2018-M04,2.112349709476909,0,,,,,,,,,,SC,,,,,,
dataflow,IMF.STA:FSIC(13.0.1),R,MEX,S12CFSI,ROA_CFSI_PT,M,2018-M05,2.146437350295326,0,,,,,,,,,,SC,,,,,,
dataflow,IMF.STA:FSIC(13.0.1),R,MEX,S12CFSI,ROA_CFSI_PT,M,2018-M06,2.171185089661381,0,,,,,,,,,,SC,,,,,,
dataflow,IMF.STA:FSIC(13.0.1),R,MEX,S12CFSI,ROA_CFSI_PT,M,2018-M07,2.170003070445359,0,,,,,,,,,,SC,,,,,,
dataflow,IMF.STA:FSIC(13.0.1),R,MEX,S12CFSI,ROA_CFSI_PT,M,2018-M08,2.182184779821421,0,,,,,,,,,,SC,,,,,,
dataflow,IMF.STA:FSIC(13.0.1),R,MEX,S12CFSI,ROA_CFSI_PT,M,2018-M09,2.194207189018052,0,,,,,,,,,,SC,,,,,,
dataflow,IMF.STA:FSIC(13.0.1),R,MEX,S12CFSI,ROA_CFSI_PT,M,2018-M10,2.212448908848271,0,,,,,,,,,,SC,,,,,,
dataflow,IMF.STA:FSIC(13.0.1),R,MEX,S12CFSI,ROA_CFSI_PT,M,2018-M11,2.199121855646492,0,,,,,,,,,,SC,,,,,,
dataflow,IMF.STA:FSIC(13.0.1),R,MEX,S12CFSI,ROA_CFSI_PT,M,2018-M12,2.237186405958076,0,,,,,,,,,,SC,,,,,,
dataflow,IMF.STA:FSIC(13.0.1),R,MEX,S12CFSI,ROA_CFSI_PT,M,2019-M01,2.280124039967466,0,,,,,,,,,,SC,,,,,,
dataflow,IMF.STA:FSIC(13.0.1),R,MEX,S12CFSI,ROA_CFSI_PT,M,2019-M02,2.287603719422013,0,,,,,,,,,,SC,,,,,,
dataflow,IMF.STA:FSIC(13.0.1),R,MEX,S12CFSI,ROA_CFSI_PT,M,2019-M03,2.298158869461795,0,,,,,,,,,,SC,,,,,,
dataflow,IMF.STA:FSIC(13.0.1),R,MEX,S12CFSI,ROA_CFSI_PT,M,2019-M04,2.293971886680818,0,,,,,,,,,,SC,,,,,,
dataflow,IMF.STA:FSIC(13.0.1),R,MEX,S12CFSI,ROA_CFSI_PT,M,2019-M05,2.281562276036936,0,,,,,,,,,,SC,,,,,,
dataflow,IMF.STA:FSIC(13.0.1),R,MEX,S12CFSI,ROA_CFSI_PT,M,2019-M06,2.266076916970606,0,,,,,,,,,,SC,,,,,,
dataflow,IMF.STA:FSIC(13.0.1),R,MEX,S12CFSI,ROA_CFSI_PT,M,2019-M07,2.306036624206697,0,,,,,,,,,,SC,,,,,,
dataflow,IMF.STA:FSIC(13.0.1),R,MEX,S12CFSI,ROA_CFSI_PT,M,2019-M08,2.288248999082191,0,,,,,,,,,,SC,,,,,,
dataflow,IMF.STA:FSIC(13.0.1),R,MEX,S12CFSI,ROA_CFSI_PT,M,2019-M09,2.280321248693629,0,,,,,,,,,,SC,,,,,,
dataflow,IMF.STA:FSIC(13.0.1),R,MEX,S12CFSI,ROA_CFSI_PT,M,2019-M10,2.280067501363502,0,,,,,,,,,,SC,,,,,,
dataflow,IMF.STA:FSIC(13.0.1),R,MEX,S12CFSI,ROA_CFSI_PT,M,2019-M11,2.289057517413693,0,,,,,,,,,,SC,,,,,,
dataflow,IMF.STA:FSIC(13.0.1),R,MEX,S12CFSI,ROA_CFSI_PT,M,2019-M12,2.256410400958052,0,,,,,,,,,,SC,,,,,,
dataflow,IMF.STA:FSIC(13.0.1),R,MEX,S12CFSI,ROA_CFSI_PT,M,2020-M01,2.214821826666545,0,,,,,,,,,,SC,,,,,,
dataflow,IMF.STA:FSIC(13.0.1),R,MEX,S12CFSI,ROA_CFSI_PT,M,2020-M02,2.215292971197788,0,,,,,,,,,,SC,,,,,,
dataflow,IMF.STA:FSIC(13.0.1),R,MEX,S12CFSI,ROA_CFSI_PT,M,2020-M03,2.018009326356115,0,,,,,,,,,,SC,,,,,,
dataflow,IMF.STA:FSIC(13.0.1),R,MEX,S12CFSI,ROA_CFSI_PT,M,2020-M04,1.947007503632564,0,,,,,,,,,,SC,,,,,,
dataflow,IMF.STA:FSIC(13.0.1),R,MEX,S12CFSI,ROA_CFSI_PT,M,2020-M05,1.860427036022513,0,,,,,,,,,,SC,,,,,,
dataflow,IMF.STA:FSIC(13.0.1),R,MEX,S12CFSI,ROA_CFSI_PT,M,2020-M06,1.727575015755357,0,,,,,,,,,,SC,,,,,,
dataflow,IMF.STA:FSIC(13.0.1),R,MEX,S12CFSI,ROA_CFSI_PT,M,2020-M07,1.64812248441118,0,,,,,,,,,,SC,,,,,,
dataflow,IMF.STA:FSIC(13.0.1),R,MEX,S12CFSI,ROA_CFSI_PT,M,2020-M08,1.623796003683486,0,,,,,,,,,,SC,,,,,,
dataflow,IMF.STA:FSIC(13.0.1),R,MEX,S12CFSI,ROA_CFSI_PT,M,2020-M09,1.538051056153328,0,,,,,,,,,,SC,,,,,,
dataflow,IMF.STA:FSIC(13.0.1),R,MEX,S12CFSI,ROA_CFSI_PT,M,2020-M10,1.48217883014771,0,,,,,,,,,,SC,,,,,,
dataflow,IMF.STA:FSIC(13.0.1),R,MEX,S12CFSI,ROA_CFSI_PT,M,2020-M11,1.358306496267396,0,,,,,,,,,,SC,,,,,,
dataflow,IMF.STA:FSIC(13.0.1),R,MEX,S12CFSI,ROA_CFSI_PT,M,2020-M12,1.232302145964162,0,,,,,,,,,,SC,,,,,,
dataflow,IMF.STA:FSIC(13.0.1),R,MEX,S12CFSI,ROA_CFSI_PT,M,2021-M01,1.186164798294956,0,,,,,,,,,,SC,,,,,,
dataflow,IMF.STA:FSIC(13.0.1),R,MEX,S12CFSI,ROA_CFSI_PT,M,2021-M02,1.128959507809621,0,,,,,,,,,,SC,,,,,,
dataflow,IMF.STA:FSIC(13.0.1),R,MEX,S12CFSI,ROA_CFSI_PT,M,2021-M03,1.260726984369679,0,,,,,,,,,,SC,,,,,,
dataflow,IMF.STA:FSIC(13.0.1),R,MEX,S12CFSI,ROA_CFSI_PT,M,2021-M04,1.306961376236096,0,,,,,,,,,,SC,,,,,,
dataflow,IMF.STA:FSIC(13.0.1),R,MEX,S12CFSI,ROA_CFSI_PT,M,2021-M05,1.393254363053416,0,,,,,,,,,,SC,,,,,,
dataflow,IMF.STA:FSIC(13.0.1),R,MEX,S12CFSI,ROA_CFSI_PT,M,2021-M06,1.502097949981125,0,,,,,,,,,,SC,,,,,,
dataflow,IMF.STA:FSIC(13.0.1),R,MEX,S12CFSI,ROA_CFSI_PT,M,2021-M07,1.581709980573865,0,,,,,,,,,,SC,,,,,,
dataflow,IMF.STA:FSIC(13.0.1),R,MEX,S12CFSI,ROA_CFSI_PT,M,2021-M08,1.656980322431751,0,,,,,,,,,,SC,,,,,,
dataflow,IMF.STA:FSIC(13.0.1),R,MEX,S12CFSI,ROA_CFSI_PT,M,2021-M09,1.740829483099372,0,,,,,,,,,,SC,,,,,,
dataflow,IMF.STA:FSIC(13.0.1),R,MEX,S12CFSI,ROA_CFSI_PT,M,2021-M10,1.845392642938209,0,,,,,,,,,,SC,,,,,,
dataflow,IMF.STA:FSIC(13.0.1),R,MEX,S12CFSI,ROA_CFSI_PT,M,2021-M11,1.961511599378142,0,,,,,,,,,,SC,,,,,,
dataflow,IMF.STA:FSIC(13.0.1),R,MEX,S12CFSI,ROA_CFSI_PT,M,2021-M12,2.140334331082072,0,,,,,,,,,,SC,,,,,,
dataflow,IMF.STA:FSIC(13.0.1),R,MEX,S12CFSI,ROA_CFSI_PT,M,2022-M01,2.218517953443305,0,,,,,,,,,,SC,,,,,,
dataflow,IMF.STA:FSIC(13.0.1),R,MEX,S12CFSI,ROA_CFSI_PT,M,2022-M02,2.313802896113501,0,,,,,,,,,,SC,,,,,,
dataflow,IMF.STA:FSIC(13.0.1),R,MEX,S12CFSI,ROA_CFSI_PT,M,2022-M03,2.338523172721892,0,,,,,,,,,,SC,,,,,,
dataflow,IMF.STA:FSIC(13.0.1),R,MEX,S12CFSI,ROA_CFSI_PT,M,2022-M04,2.385359546628483,0,,,,,,,,,,SC,,,,,,
dataflow,IMF.STA:FSIC(13.0.1),R,MEX,S12CFSI,ROA_CFSI_PT,M,2022-M05,2.395644327294439,0,,,,,,,,,,SC,,,,,,
dataflow,IMF.STA:FSIC(13.0.1),R,MEX,S12CFSI,ROA_CFSI_PT,M,2022-M06,2.440164583644145,0,,,,,,,,,,SC,,,,,,
dataflow,IMF.STA:FSIC(13.0.1),R,MEX,S12CFSI,ROA_CFSI_PT,M,2022-M07,2.442678195463165,0,,,,,,,,,,SC,,,,,,
dataflow,IMF.STA:FSIC(13.0.1),R,MEX,S12CFSI,ROA_CFSI_PT,M,2022-M08,2.459676337493788,0,,,,,,,,,,SC,,,,,,
dataflow,IMF.STA:FSIC(13.0.1),R,MEX,S12CFSI,ROA_CFSI_PT,M,2022-M09,2.517369392953203,0,,,,,,,,,,SC,,,,,,
dataflow,IMF.STA:FSIC(13.0.1),R,MEX,S12CFSI,ROA_CFSI_PT,M,2022-M10,2.4993527278172,0,,,,,,,,,,SC,,,,,,
dataflow,IMF.STA:FSIC(13.0.1),R,MEX,S12CFSI,ROA_CFSI_PT,M,2022-M11,2.534485196763767,0,,,,,,,,,,SC,,,,,,
dataflow,IMF.STA:FSIC(13.0.1),R,MEX,S12CFSI,ROA_CFSI_PT,M,2022-M12,2.567847446022406,0,,,,,,,,,,SC,,,,,,
dataflow,IMF.STA:FSIC(13.0.1),R,MEX,S12CFSI,ROA_CFSI_PT,M,2023-M01,2.624264692073182,0,,,,,,,,,,SC,,,,,,
dataflow,IMF.STA:FSIC(13.0.1),R,MEX,S12CFSI,ROA_CFSI_PT,M,2023-M02,2.601677714080981,0,,,,,,,,,,SC,,,,,,
dataflow,IMF.STA:FSIC(13.0.1),R,MEX,S12CFSI,ROA_CFSI_PT,M,2023-M03,2.679576210952294,0,,,,,,,,,,SC,,,,,,
dataflow,IMF.STA:FSIC(13.0.1),R,MEX,S12CFSI,ROA_CFSI_PT,M,2023-M04,2.716128927953057,0,,,,,,,,,,SC,,,,,,
dataflow,IMF.STA:FSIC(13.0.1),R,MEX,S12CFSI,ROA_CFSI_PT,M,2023-M05,2.742382671567766,0,,,,,,,,,,SC,,,,,,
dataflow,IMF.STA:FSIC(13.0.1),R,MEX,S12CFSI,ROA_CFSI_PT,M,2023-M06,2.779264686070092,0,,,,,,,,,,SC,,,,,,
dataflow,IMF.STA:FSIC(13.0.1),R,MEX,S12CFSI,ROA_CFSI_PT,M,2023-M07,2.79239594706007,0,,,,,,,,,,SC,,,,,,
dataflow,IMF.STA:FSIC(13.0.1),R,MEX,S12CFSI,ROA_CFSI_PT,M,2023-M08,2.803460838983498,0,,,,,,,,,,SC,,,,,,
dataflow,IMF.STA:FSIC(13.0.1),R,MEX,S12CFSI,ROA_CFSI_PT,M,2023-M09,2.814499966504449,0,,,,,,,,,,SC,,,,,,
dataflow,IMF.STA:FSIC(13.0.1),R,MEX,S12CFSI,ROA_CFSI_PT,M,2023-M10,2.842121632222854,0,,,,,,,,,,SC,,,,,,
dataflow,IMF.STA:FSIC(13.0.1),R,MEX,S12CFSI,ROA_CFSI_PT,M,2023-M11,2.837030608695913,0,,,,,,,,,,SC,,,,,,
dataflow,IMF.STA:FSIC(13.0.1),R,MEX,S12CFSI,ROA_CFSI_PT,M,2023-M12,2.80668435004798,0,,,,,,,,,,SC,,,,,,
dataflow,IMF.STA:FSIC(13.0.1),R,MEX,S12CFSI,ROA_CFSI_PT,M,2024-M01,2.80863588798514,0,,,,,,,,,,SC,,,,,,
dataflow,IMF.STA:FSIC(13.0.1),R,MEX,S12CFSI,ROA_CFSI_PT,M,2024-M02,2.838665918428562,0,,,,,,,,,,SC,,,,,,
dataflow,IMF.STA:FSIC(13.0.1),R,MEX,S12CFSI,ROA_CFSI_PT,M,2024-M03,2.778142083342324,0,,,,,,,,,,SC,,,,,,
dataflow,IMF.STA:FSIC(13.0.1),R,MEX,S12CFSI,ROA_CFSI_PT,M,2024-M04,2.772791972135742,0,,,,,,,,,,SC,,,,,,
dataflow,IMF.STA:FSIC(13.0.1),R,MEX,S12CFSI,ROA_CFSI_PT,M,2024-M05,2.782948430166595,0,,,,,,,,,,SC,,,,,,
dataflow,IMF.STA:FSIC(13.0.1),R,MEX,S12CFSI,ROA_CFSI_PT,M,2024-M06,2.790731963263279,0,,,,,,,,,,SC,,,,,,
dataflow,IMF.STA:FSIC(13.0.1),R,MEX,S12CFSI,ROA_CFSI_PT,M,2024-M07,2.826495488145718,0,,,,,,,,,,SC,,,,,,
dataflow,IMF.STA:FSIC(13.0.1),R,MEX,S12CFSI,ROA_CFSI_PT,M,2024-M08,2.811744524180421,0,,,,,,,,,,SC,,,,,,
dataflow,IMF.STA:FSIC(13.0.1),R,MEX,S12CFSI,ROA_CFSI_PT,M,2024-M09,2.830175011561954,0,,,,,,,,,,SC,,,,,,
dataflow,IMF.STA:FSIC(13.0.1),R,MEX,S12CFSI,ROA_CFSI_PT,M,2024-M10,2.81547803310367,0,,,,,,,,,,SC,,,,,,
dataflow,IMF.STA:FSIC(13.0.1),R,MEX,S12CFSI,ROA_CFSI_PT,M,2024-M11,2.817657301149504,0,,,,,,,,,,SC,,,,,,
dataflow,IMF.STA:FSIC(13.0.1),R,MEX,S12CFSI,ROA_CFSI_PT,M,2024-M12,2.771380410056424,0,,,,,,,,,,SC,,,,,,
dataflow,IMF.STA:FSIC(13.0.1),R,MEX,S12CFSI,ROA_CFSI_PT,M,2025-M01,2.751508970516661,0,,,,,,,,,,SC,,,,,,
dataflow,IMF.STA:FSIC(13.0.1),R,MEX,S12CFSI,ROA_CFSI_PT,M,2025-M02,2.742157954644095,0,,,,,,,,,,SC,,,,,,
dataflow,IMF.STA:FSIC(13.0.1),R,MEX,S12CFSI,ROA_CFSI_PT,M,2025-M03,2.773039519996972,0,,,,,,,,,,SC,,,,,,
dataflow,IMF.STA:FSIC(13.0.1),R,MEX,S12CFSI,ROA_CFSI_PT,M,2025-M04,2.751406188702508,0,,,,,,,,,,SC,,,,,,
dataflow,IMF.STA:FSIC(13.0.1),R,MEX,S12CFSI,ROA_CFSI_PT,M,2025-M05,2.736568342920941,0,,,,,,,,,,SC,,,,,,
dataflow,IMF.STA:FSIC(13.0.1),R,MEX,S12CFSI,ROA_CFSI_PT,M,2025-M06,2.711907789322295,0,,,,,,,,,,SC,,,,,,
dataflow,IMF.STA:FSIC(13.0.1),R,MEX,S12CFSI,ROA_CFSI_PT,M,2025-M07,2.69618895876219,0,,,,,,,,,,SC,,,,,,
dataflow,IMF.STA:FSIC(13.0.1),R,MEX,S12CFSI,ROA_CFSI_PT,M,2025-M08,2.687442850472771,0,,,,,,,,,,SC,,,,,,
dataflow,IMF.STA:FSIC(13.0.1),R,MEX,S12CFSI,ROA_CFSI_PT,M,2025-M09,2.649676015114544,0,,,,,,,,,,SC,,,,,,
dataflow,IMF.STA:FSIC(13.0.1),R,MEX,S12CFSI,ROA_CFSI_PT,M,2025-M10,2.663369312876638,0,,,,,,,,,,SC,,,,,,
dataflow,IMF.STA:FSIC(13.0.1),R,MEX,S12CFSI,ROA_CFSI_PT,M,2025-M11,2.682465569017651,0,,,,,,,,,,SC,,,,,,
dataflow,IMF.STA:FSIC(13.0.1),R,MEX,S12CFSI,ROA_CFSI_PT,M,2025-M12,2.735335348975497,0,,,,,,,,,,SC,,,,,,
dataflow,IMF.STA:FSIC(13.0.1),R,MEX,S12CFSI,ROA_CFSI_PT,M,2026-M01,2.737726376496622,0,,,,,,,,,,SC,,,,,,
dataflow,IMF.STA:FSIC(13.0.1),R,MEX,S12CFSI,ROA_CFSI_PT,M,2026-M02,2.716571325286587,0,,,,,,,,,,SC,,,,,,
dataflow,IMF.STA:FSIC(13.0.1),R,MEX,S12CFSI,ROA_CFSI_PT,M,2026-M03,2.766769673174963,0,,,,,,,,,,SC,,,,,,
dataflow,IMF.STA:FSIC(13.0.1),R,MEX,S12CFSI,ROA_CFSI_PT,Q,2005-Q1,1.969383033607868,0,,,,,,,,,,SC,,,,,,
dataflow,IMF.STA:FSIC(13.0.1),R,MEX,S12CFSI,ROA_CFSI_PT,Q,2005-Q2,2.440137568023857,0,,,,,,,,,,SC,,,,,,
dataflow,IMF.STA:FSIC(13.0.1),R,MEX,S12CFSI,ROA_CFSI_PT,Q,2005-Q3,2.221839951167898,0,,,,,,,,,,SC,,,,,,
dataflow,IMF.STA:FSIC(13.0.1),R,MEX,S12CFSI,ROA_CFSI_PT,Q,2005-Q4,2.390219322620345,0,,,,,,,,,,SC,,,,,,
dataflow,IMF.STA:FSIC(13.0.1),R,MEX,S12CFSI,ROA_CFSI_PT,Q,2006-Q1,2.068577706304919,0,,,,,,,,,,SC,,,,,,
dataflow,IMF.STA:FSIC(13.0.1),R,MEX,S12CFSI,ROA_CFSI_PT,Q,2006-Q2,2.370238859396091,0,,,,,,,,,,SC,,,,,,
dataflow,IMF.STA:FSIC(13.0.1),R,MEX,S12CFSI,ROA_CFSI_PT,Q,2006-Q3,2.752653159155868,0,,,,,,,,,,SC,,,,,,
dataflow,IMF.STA:FSIC(13.0.1),R,MEX,S12CFSI,ROA_CFSI_PT,Q,2006-Q4,2.842005530113585,0,,,,,,,,,,SC,,,,,,
dataflow,IMF.STA:FSIC(13.0.1),R,MEX,S12CFSI,ROA_CFSI_PT,Q,2007-Q1,3.170005234468459,0,,,,,,,,,,SC,,,,,,
dataflow,IMF.STA:FSIC(13.0.1),R,MEX,S12CFSI,ROA_CFSI_PT,Q,2007-Q2,2.688956932518321,0,,,,,,,,,,SC,,,,,,
dataflow,IMF.STA:FSIC(13.0.1),R,MEX,S12CFSI,ROA_CFSI_PT,Q,2007-Q3,2.513112632151678,0,,,,,,,,,,SC,,,,,,
dataflow,IMF.STA:FSIC(13.0.1),R,MEX,S12CFSI,ROA_CFSI_PT,Q,2007-Q4,2.346224108893095,0,,,,,,,,,,SC,,,,,,
dataflow,IMF.STA:FSIC(13.0.1),R,MEX,S12CFSI,ROA_CFSI_PT,Q,2008-Q1,2.406948538106998,0,,,,,,,,,,SC,,,,,,
dataflow,IMF.STA:FSIC(13.0.1),R,MEX,S12CFSI,ROA_CFSI_PT,Q,2008-Q2,1.963448089890882,0,,,,,,,,,,SC,,,,,,
dataflow,IMF.STA:FSIC(13.0.1),R,MEX,S12CFSI,ROA_CFSI_PT,Q,2008-Q3,1.602734502640611,0,,,,,,,,,,SC,,,,,,
dataflow,IMF.STA:FSIC(13.0.1),R,MEX,S12CFSI,ROA_CFSI_PT,Q,2008-Q4,1.504184530055719,0,,,,,,,,,,SC,,,,,,
dataflow,IMF.STA:FSIC(13.0.1),R,MEX,S12CFSI,ROA_CFSI_PT,Q,2009-Q1,1.34688837734313,0,,,,,,,,,,SC,,,,,,
dataflow,IMF.STA:FSIC(13.0.1),R,MEX,S12CFSI,ROA_CFSI_PT,Q,2009-Q2,1.638439169089185,0,,,,,,,,,,SC,,,,,,
dataflow,IMF.STA:FSIC(13.0.1),R,MEX,S12CFSI,ROA_CFSI_PT,Q,2009-Q3,1.756432103808008,0,,,,,,,,,,SC,,,,,,
dataflow,IMF.STA:FSIC(13.0.1),R,MEX,S12CFSI,ROA_CFSI_PT,Q,2009-Q4,1.600637770908732,0,,,,,,,,,,SC,,,,,,
dataflow,IMF.STA:FSIC(13.0.1),R,MEX,S12CFSI,ROA_CFSI_PT,Q,2010-Q1,1.66925482512104,0,,,,,,,,,,SC,,,,,,
dataflow,IMF.STA:FSIC(13.0.1),R,MEX,S12CFSI,ROA_CFSI_PT,Q,2010-Q2,1.752714470758631,0,,,,,,,,,,SC,,,,,,
dataflow,IMF.STA:FSIC(13.0.1),R,MEX,S12CFSI,ROA_CFSI_PT,Q,2010-Q3,1.84187263047336,0,,,,,,,,,,SC,,,,,,
dataflow,IMF.STA:FSIC(13.0.1),R,MEX,S12CFSI,ROA_CFSI_PT,Q,2010-Q4,1.893907497710686,0,,,,,,,,,,SC,,,,,,
dataflow,IMF.STA:FSIC(13.0.1),R,MEX,S12CFSI,ROA_CFSI_PT,Q,2011-Q1,1.770191748265902,0,,,,,,,,,,SC,,,,,,
dataflow,IMF.STA:FSIC(13.0.1),R,MEX,S12CFSI,ROA_CFSI_PT,Q,2011-Q2,1.743370660980306,0,,,,,,,,,,SC,,,,,,
dataflow,IMF.STA:FSIC(13.0.1),R,MEX,S12CFSI,ROA_CFSI_PT,Q,2011-Q3,1.6428415293352,0,,,,,,,,,,SC,,,,,,
dataflow,IMF.STA:FSIC(13.0.1),R,MEX,S12CFSI,ROA_CFSI_PT,Q,2011-Q4,1.653007755524386,0,,,,,,,,,,SC,,,,,,
dataflow,IMF.STA:FSIC(13.0.1),R,MEX,S12CFSI,ROA_CFSI_PT,Q,2012-Q1,1.725480958264844,0,,,,,,,,,,SC,,,,,,
dataflow,IMF.STA:FSIC(13.0.1),R,MEX,S12CFSI,ROA_CFSI_PT,Q,2012-Q2,1.744550792631092,0,,,,,,,,,,SC,,,,,,
dataflow,IMF.STA:FSIC(13.0.1),R,MEX,S12CFSI,ROA_CFSI_PT,Q,2012-Q3,1.811220308466623,0,,,,,,,,,,SC,,,,,,
dataflow,IMF.STA:FSIC(13.0.1),R,MEX,S12CFSI,ROA_CFSI_PT,Q,2012-Q4,1.874219013119675,0,,,,,,,,,,SC,,,,,,
dataflow,IMF.STA:FSIC(13.0.1),R,MEX,S12CFSI,ROA_CFSI_PT,Q,2013-Q1,2.034493378937503,0,,,,,,,,,,SC,,,,,,
dataflow,IMF.STA:FSIC(13.0.1),R,MEX,S12CFSI,ROA_CFSI_PT,Q,2013-Q2,2.007821014165477,0,,,,,,,,,,SC,,,,,,
dataflow,IMF.STA:FSIC(13.0.1),R,MEX,S12CFSI,ROA_CFSI_PT,Q,2013-Q3,2.04458302163583,0,,,,,,,,,,SC,,,,,,
dataflow,IMF.STA:FSIC(13.0.1),R,MEX,S12CFSI,ROA_CFSI_PT,Q,2013-Q4,2.060613336205714,0,,,,,,,,,,SC,,,,,,
dataflow,IMF.STA:FSIC(13.0.1),R,MEX,S12CFSI,ROA_CFSI_PT,Q,2014-Q1,1.859469833252817,0,,,,,,,,,,SC,,,,,,
dataflow,IMF.STA:FSIC(13.0.1),R,MEX,S12CFSI,ROA_CFSI_PT,Q,2014-Q2,1.856093911279972,0,,,,,,,,,,SC,,,,,,
dataflow,IMF.STA:FSIC(13.0.1),R,MEX,S12CFSI,ROA_CFSI_PT,Q,2014-Q3,1.812001051410858,0,,,,,,,,,,SC,,,,,,
dataflow,IMF.STA:FSIC(13.0.1),R,MEX,S12CFSI,ROA_CFSI_PT,Q,2014-Q4,1.708125182128883,0,,,,,,,,,,SC,,,,,,
dataflow,IMF.STA:FSIC(13.0.1),R,MEX,S12CFSI,ROA_CFSI_PT,Q,2015-Q1,1.72316885275302,0,,,,,,,,,,SC,,,,,,
dataflow,IMF.STA:FSIC(13.0.1),R,MEX,S12CFSI,ROA_CFSI_PT,Q,2015-Q2,1.79102736924232,0,,,,,,,,,,SC,,,,,,
dataflow,IMF.STA:FSIC(13.0.1),R,MEX,S12CFSI,ROA_CFSI_PT,Q,2015-Q3,1.666965106342394,0,,,,,,,,,,SC,,,,,,
dataflow,IMF.STA:FSIC(13.0.1),R,MEX,S12CFSI,ROA_CFSI_PT,Q,2015-Q4,1.691130891536105,0,,,,,,,,,,SC,,,,,,
dataflow,IMF.STA:FSIC(13.0.1),R,MEX,S12CFSI,ROA_CFSI_PT,Q,2016-Q1,1.680660767229856,0,,,,,,,,,,SC,,,,,,
dataflow,IMF.STA:FSIC(13.0.1),R,MEX,S12CFSI,ROA_CFSI_PT,Q,2016-Q2,1.617909136330422,0,,,,,,,,,,SC,,,,,,
dataflow,IMF.STA:FSIC(13.0.1),R,MEX,S12CFSI,ROA_CFSI_PT,Q,2016-Q3,1.694984636253554,0,,,,,,,,,,SC,,,,,,
dataflow,IMF.STA:FSIC(13.0.1),R,MEX,S12CFSI,ROA_CFSI_PT,Q,2016-Q4,1.732720660681981,0,,,,,,,,,,SC,,,,,,
dataflow,IMF.STA:FSIC(13.0.1),R,MEX,S12CFSI,ROA_CFSI_PT,Q,2017-Q1,1.838953704677002,0,,,,,,,,,,SC,,,,,,
dataflow,IMF.STA:FSIC(13.0.1),R,MEX,S12CFSI,ROA_CFSI_PT,Q,2017-Q2,1.908495221855105,0,,,,,,,,,,SC,,,,,,
dataflow,IMF.STA:FSIC(13.0.1),R,MEX,S12CFSI,ROA_CFSI_PT,Q,2017-Q3,1.992811614681916,0,,,,,,,,,,SC,,,,,,
dataflow,IMF.STA:FSIC(13.0.1),R,MEX,S12CFSI,ROA_CFSI_PT,Q,2017-Q4,2.082602795893281,0,,,,,,,,,,SC,,,,,,
dataflow,IMF.STA:FSIC(13.0.1),R,MEX,S12CFSI,ROA_CFSI_PT,Q,2018-Q1,2.094564442143806,0,,,,,,,,,,SC,,,,,,
dataflow,IMF.STA:FSIC(13.0.1),R,MEX,S12CFSI,ROA_CFSI_PT,Q,2018-Q2,2.171185089661381,0,,,,,,,,,,SC,,,,,,
dataflow,IMF.STA:FSIC(13.0.1),R,MEX,S12CFSI,ROA_CFSI_PT,Q,2018-Q3,2.194207189018052,0,,,,,,,,,,SC,,,,,,
dataflow,IMF.STA:FSIC(13.0.1),R,MEX,S12CFSI,ROA_CFSI_PT,Q,2018-Q4,2.237186405958076,0,,,,,,,,,,SC,,,,,,
dataflow,IMF.STA:FSIC(13.0.1),R,MEX,S12CFSI,ROA_CFSI_PT,Q,2019-Q1,2.298158869461795,0,,,,,,,,,,SC,,,,,,
dataflow,IMF.STA:FSIC(13.0.1),R,MEX,S12CFSI,ROA_CFSI_PT,Q,2019-Q2,2.266076916970606,0,,,,,,,,,,SC,,,,,,
dataflow,IMF.STA:FSIC(13.0.1),R,MEX,S12CFSI,ROA_CFSI_PT,Q,2019-Q3,2.280321248693629,0,,,,,,,,,,SC,,,,,,
dataflow,IMF.STA:FSIC(13.0.1),R,MEX,S12CFSI,ROA_CFSI_PT,Q,2019-Q4,2.256410400958052,0,,,,,,,,,,SC,,,,,,
dataflow,IMF.STA:FSIC(13.0.1),R,MEX,S12CFSI,ROA_CFSI_PT,Q,2020-Q1,2.018009326356115,0,,,,,,,,,,SC,,,,,,
dataflow,IMF.STA:FSIC(13.0.1),R,MEX,S12CFSI,ROA_CFSI_PT,Q,2020-Q2,1.727575015755357,0,,,,,,,,,,SC,,,,,,
dataflow,IMF.STA:FSIC(13.0.1),R,MEX,S12CFSI,ROA_CFSI_PT,Q,2020-Q3,1.538051056153328,0,,,,,,,,,,SC,,,,,,
dataflow,IMF.STA:FSIC(13.0.1),R,MEX,S12CFSI,ROA_CFSI_PT,Q,2020-Q4,1.232302145964162,0,,,,,,,,,,SC,,,,,,
dataflow,IMF.STA:FSIC(13.0.1),R,MEX,S12CFSI,ROA_CFSI_PT,Q,2021-Q1,1.260726984369679,0,,,,,,,,,,SC,,,,,,
dataflow,IMF.STA:FSIC(13.0.1),R,MEX,S12CFSI,ROA_CFSI_PT,Q,2021-Q2,1.502097949981125,0,,,,,,,,,,SC,,,,,,
dataflow,IMF.STA:FSIC(13.0.1),R,MEX,S12CFSI,ROA_CFSI_PT,Q,2021-Q3,1.740829483099372,0,,,,,,,,,,SC,,,,,,
dataflow,IMF.STA:FSIC(13.0.1),R,MEX,S12CFSI,ROA_CFSI_PT,Q,2021-Q4,2.140334331082072,0,,,,,,,,,,SC,,,,,,
dataflow,IMF.STA:FSIC(13.0.1),R,MEX,S12CFSI,ROA_CFSI_PT,Q,2022-Q1,2.338523172721892,0,,,,,,,,,,SC,,,,,,
dataflow,IMF.STA:FSIC(13.0.1),R,MEX,S12CFSI,ROA_CFSI_PT,Q,2022-Q2,2.440164583644145,0,,,,,,,,,,SC,,,,,,
dataflow,IMF.STA:FSIC(13.0.1),R,MEX,S12CFSI,ROA_CFSI_PT,Q,2022-Q3,2.517369392953203,0,,,,,,,,,,SC,,,,,,
dataflow,IMF.STA:FSIC(13.0.1),R,MEX,S12CFSI,ROA_CFSI_PT,Q,2022-Q4,2.567847446022406,0,,,,,,,,,,SC,,,,,,
dataflow,IMF.STA:FSIC(13.0.1),R,MEX,S12CFSI,ROA_CFSI_PT,Q,2023-Q1,2.679576210952294,0,,,,,,,,,,SC,,,,,,
dataflow,IMF.STA:FSIC(13.0.1),R,MEX,S12CFSI,ROA_CFSI_PT,Q,2023-Q2,2.779264686070092,0,,,,,,,,,,SC,,,,,,
dataflow,IMF.STA:FSIC(13.0.1),R,MEX,S12CFSI,ROA_CFSI_PT,Q,2023-Q3,2.814499966504449,0,,,,,,,,,,SC,,,,,,
dataflow,IMF.STA:FSIC(13.0.1),R,MEX,S12CFSI,ROA_CFSI_PT,Q,2023-Q4,2.80668435004798,0,,,,,,,,,,SC,,,,,,
dataflow,IMF.STA:FSIC(13.0.1),R,MEX,S12CFSI,ROA_CFSI_PT,Q,2024-Q1,2.778142083342324,0,,,,,,,,,,SC,,,,,,
dataflow,IMF.STA:FSIC(13.0.1),R,MEX,S12CFSI,ROA_CFSI_PT,Q,2024-Q2,2.790731963263279,0,,,,,,,,,,SC,,,,,,
dataflow,IMF.STA:FSIC(13.0.1),R,MEX,S12CFSI,ROA_CFSI_PT,Q,2024-Q3,2.830175011561954,0,,,,,,,,,,SC,,,,,,
dataflow,IMF.STA:FSIC(13.0.1),R,MEX,S12CFSI,ROA_CFSI_PT,Q,2024-Q4,2.771380410056424,0,,,,,,,,,,SC,,,,,,
dataflow,IMF.STA:FSIC(13.0.1),R,MEX,S12CFSI,ROA_CFSI_PT,Q,2025-Q1,2.773039519996972,0,,,,,,,,,,SC,,,,,,
dataflow,IMF.STA:FSIC(13.0.1),R,MEX,S12CFSI,ROA_CFSI_PT,Q,2025-Q2,2.711907789322295,0,,,,,,,,,,SC,,,,,,
dataflow,IMF.STA:FSIC(13.0.1),R,MEX,S12CFSI,ROA_CFSI_PT,Q,2025-Q3,2.649676015114544,0,,,,,,,,,,SC,,,,,,
dataflow,IMF.STA:FSIC(13.0.1),R,MEX,S12CFSI,ROA_CFSI_PT,Q,2025-Q4,2.735335348975497,0,,,,,,,,,,SC,,,,,,
dataflow,IMF.STA:FSIC(13.0.1),R,MEX,S12CFSI,ROA_CFSI_PT,Q,2026-Q1,2.766769673174963,0,,,,,,,,,,SC,,,,,,
dataflow,IMF.STA:FSIC(13.0.1),R,PER,S12CFSI,AQ12_CFSI_PT,A,2010,1.867634862803519,0,,,,,,,,,,SC,,,,,,
dataflow,IMF.STA:FSIC(13.0.1),R,PER,S12CFSI,AQ12_CFSI_PT,A,2011,1.838889545269628,0,,,,,,,,,,SC,,,,,,
dataflow,IMF.STA:FSIC(13.0.1),R,PER,S12CFSI,AQ12_CFSI_PT,A,2012,2.16669888688339,0,,,,,,,,,,SC,,,,,,
dataflow,IMF.STA:FSIC(13.0.1),R,PER,S12CFSI,AQ12_CFSI_PT,A,2013,2.525328647246467,0,,,,,,,,,,SC,,,,,,
dataflow,IMF.STA:FSIC(13.0.1),R,PER,S12CFSI,AQ12_CFSI_PT,A,2014,2.866352340192971,0,,,,,,,,,,SC,,,,,,
dataflow,IMF.STA:FSIC(13.0.1),R,PER,S12CFSI,AQ12_CFSI_PT,A,2015,2.826271414473324,0,,,,,,,,,,SC,,,,,,
dataflow,IMF.STA:FSIC(13.0.1),R,PER,S12CFSI,AQ12_CFSI_PT,A,2016,3.036916731287849,0,,,,,,,,,,SC,,,,,,
dataflow,IMF.STA:FSIC(13.0.1),R,PER,S12CFSI,AQ12_CFSI_PT,A,2017,3.260998131271617,0,,,,,,,,,,SC,,,,,,
dataflow,IMF.STA:FSIC(13.0.1),R,PER,S12CFSI,AQ12_CFSI_PT,A,2018,3.271049634817588,0,,,,,,,,,,SC,,,,,,
dataflow,IMF.STA:FSIC(13.0.1),R,PER,S12CFSI,AQ12_CFSI_PT,A,2019,3.365994458587282,0,,,,,,,,,,SC,,,,,,
dataflow,IMF.STA:FSIC(13.0.1),R,PER,S12CFSI,AQ12_CFSI_PT,A,2020,4.127608565511422,0,,,,,,,,,,SC,,,,,,
dataflow,IMF.STA:FSIC(13.0.1),R,PER,S12CFSI,AQ12_CFSI_PT,A,2021,3.908746966592412,0,,,,,,,,,,SC,,,,,,
dataflow,IMF.STA:FSIC(13.0.1),R,PER,S12CFSI,AQ12_CFSI_PT,A,2022,4.116512832568401,0,,,,,,,,,,SC,,,,,,
dataflow,IMF.STA:FSIC(13.0.1),R,PER,S12CFSI,AQ12_CFSI_PT,A,2023,4.480435640564314,0,,,,,,,,,,SC,,,,,,
dataflow,IMF.STA:FSIC(13.0.1),R,PER,S12CFSI,AQ12_CFSI_PT,A,2024,3.990272411224289,0,,,,,,,,,,SC,,,,,,
dataflow,IMF.STA:FSIC(13.0.1),R,PER,S12CFSI,AQ12_CFSI_PT,Q,2010-Q4,1.867634862803519,0,,,,,,,,,,SC,,,,,,
dataflow,IMF.STA:FSIC(13.0.1),R,PER,S12CFSI,AQ12_CFSI_PT,Q,2011-Q1,1.899138847400239,0,,,,,,,,,,SC,,,,,,
dataflow,IMF.STA:FSIC(13.0.1),R,PER,S12CFSI,AQ12_CFSI_PT,Q,2011-Q2,1.918176339995692,0,,,,,,,,,,SC,,,,,,
dataflow,IMF.STA:FSIC(13.0.1),R,PER,S12CFSI,AQ12_CFSI_PT,Q,2011-Q3,1.958150036845347,0,,,,,,,,,,SC,,,,,,
dataflow,IMF.STA:FSIC(13.0.1),R,PER,S12CFSI,AQ12_CFSI_PT,Q,2011-Q4,1.838889545269628,0,,,,,,,,,,SC,,,,,,
dataflow,IMF.STA:FSIC(13.0.1),R,PER,S12CFSI,AQ12_CFSI_PT,Q,2012-Q1,2.028811366856774,0,,,,,,,,,,SC,,,,,,
dataflow,IMF.STA:FSIC(13.0.1),R,PER,S12CFSI,AQ12_CFSI_PT,Q,2012-Q2,2.130271254796304,0,,,,,,,,,,SC,,,,,,
dataflow,IMF.STA:FSIC(13.0.1),R,PER,S12CFSI,AQ12_CFSI_PT,Q,2012-Q3,2.180963393558362,0,,,,,,,,,,SC,,,,,,
dataflow,IMF.STA:FSIC(13.0.1),R,PER,S12CFSI,AQ12_CFSI_PT,Q,2012-Q4,2.16669888688339,0,,,,,,,,,,SC,,,,,,
dataflow,IMF.STA:FSIC(13.0.1),R,PER,S12CFSI,AQ12_CFSI_PT,Q,2013-Q1,2.435595299846503,0,,,,,,,,,,SC,,,,,,
dataflow,IMF.STA:FSIC(13.0.1),R,PER,S12CFSI,AQ12_CFSI_PT,Q,2013-Q2,2.494745199399403,0,,,,,,,,,,SC,,,,,,
dataflow,IMF.STA:FSIC(13.0.1),R,PER,S12CFSI,AQ12_CFSI_PT,Q,2013-Q3,2.56255825580432,0,,,,,,,,,,SC,,,,,,
dataflow,IMF.STA:FSIC(13.0.1),R,PER,S12CFSI,AQ12_CFSI_PT,Q,2013-Q4,2.525328647246467,0,,,,,,,,,,SC,,,,,,
dataflow,IMF.STA:FSIC(13.0.1),R,PER,S12CFSI,AQ12_CFSI_PT,Q,2014-Q1,2.775294877621999,0,,,,,,,,,,SC,,,,,,
dataflow,IMF.STA:FSIC(13.0.1),R,PER,S12CFSI,AQ12_CFSI_PT,Q,2014-Q2,2.826892438776926,0,,,,,,,,,,SC,,,,,,
dataflow,IMF.STA:FSIC(13.0.1),R,PER,S12CFSI,AQ12_CFSI_PT,Q,2014-Q3,2.897195453327882,0,,,,,,,,,,SC,,,,,,
dataflow,IMF.STA:FSIC(13.0.1),R,PER,S12CFSI,AQ12_CFSI_PT,Q,2014-Q4,2.866352340192971,0,,,,,,,,,,SC,,,,,,
dataflow,IMF.STA:FSIC(13.0.1),R,PER,S12CFSI,AQ12_CFSI_PT,Q,2015-Q1,2.954198662798363,0,,,,,,,,,,SC,,,,,,
dataflow,IMF.STA:FSIC(13.0.1),R,PER,S12CFSI,AQ12_CFSI_PT,Q,2015-Q2,3.026429352546466,0,,,,,,,,,,SC,,,,,,
dataflow,IMF.STA:FSIC(13.0.1),R,PER,S12CFSI,AQ12_CFSI_PT,Q,2015-Q3,2.909715964853277,0,,,,,,,,,,SC,,,,,,
dataflow,IMF.STA:FSIC(13.0.1),R,PER,S12CFSI,AQ12_CFSI_PT,Q,2015-Q4,2.826271414473324,0,,,,,,,,,,SC,,,,,,
dataflow,IMF.STA:FSIC(13.0.1),R,PER,S12CFSI,AQ12_CFSI_PT,Q,2016-Q1,3.016243993588029,0,,,,,,,,,,SC,,,,,,
dataflow,IMF.STA:FSIC(13.0.1),R,PER,S12CFSI,AQ12_CFSI_PT,Q,2016-Q2,3.150355310423087,0,,,,,,,,,,SC,,,,,,
dataflow,IMF.STA:FSIC(13.0.1),R,PER,S12CFSI,AQ12_CFSI_PT,Q,2016-Q3,3.150618035012883,0,,,,,,,,,,SC,,,,,,
dataflow,IMF.STA:FSIC(13.0.1),R,PER,S12CFSI,AQ12_CFSI_PT,Q,2016-Q4,3.036916731287849,0,,,,,,,,,,SC,,,,,,
dataflow,IMF.STA:FSIC(13.0.1),R,PER,S12CFSI,AQ12_CFSI_PT,Q,2017-Q1,3.273768593525706,0,,,,,,,,,,SC,,,,,,
dataflow,IMF.STA:FSIC(13.0.1),R,PER,S12CFSI,AQ12_CFSI_PT,Q,2017-Q2,3.35247322448479,0,,,,,,,,,,SC,,,,,,
dataflow,IMF.STA:FSIC(13.0.1),R,PER,S12CFSI,AQ12_CFSI_PT,Q,2017-Q3,3.331161961596232,0,,,,,,,,,,SC,,,,,,
dataflow,IMF.STA:FSIC(13.0.1),R,PER,S12CFSI,AQ12_CFSI_PT,Q,2017-Q4,3.260998131271617,0,,,,,,,,,,SC,,,,,,
dataflow,IMF.STA:FSIC(13.0.1),R,PER,S12CFSI,AQ12_CFSI_PT,Q,2018-Q1,3.350975751817285,0,,,,,,,,,,SC,,,,,,
dataflow,IMF.STA:FSIC(13.0.1),R,PER,S12CFSI,AQ12_CFSI_PT,Q,2018-Q2,3.394778979800046,0,,,,,,,,,,SC,,,,,,
dataflow,IMF.STA:FSIC(13.0.1),R,PER,S12CFSI,AQ12_CFSI_PT,Q,2018-Q3,3.406753923407797,0,,,,,,,,,,SC,,,,,,
dataflow,IMF.STA:FSIC(13.0.1),R,PER,S12CFSI,AQ12_CFSI_PT,Q,2018-Q4,3.271049634817588,0,,,,,,,,,,SC,,,,,,
dataflow,IMF.STA:FSIC(13.0.1),R,PER,S12CFSI,AQ12_CFSI_PT,Q,2019-Q1,3.365495587717736,0,,,,,,,,,,SC,,,,,,
dataflow,IMF.STA:FSIC(13.0.1),R,PER,S12CFSI,AQ12_CFSI_PT,Q,2019-Q2,3.442032634953012,0,,,,,,,,,,SC,,,,,,
dataflow,IMF.STA:FSIC(13.0.1),R,PER,S12CFSI,AQ12_CFSI_PT,Q,2019-Q3,3.463335724524646,0,,,,,,,,,,SC,,,,,,
dataflow,IMF.STA:FSIC(13.0.1),R,PER,S12CFSI,AQ12_CFSI_PT,Q,2019-Q4,3.365994458587282,0,,,,,,,,,,SC,,,,,,
dataflow,IMF.STA:FSIC(13.0.1),R,PER,S12CFSI,AQ12_CFSI_PT,Q,2020-Q1,3.498893099855322,0,,,,,,,,,,SC,,,,,,
dataflow,IMF.STA:FSIC(13.0.1),R,PER,S12CFSI,AQ12_CFSI_PT,Q,2020-Q2,3.471759384306446,0,,,,,,,,,,SC,,,,,,
dataflow,IMF.STA:FSIC(13.0.1),R,PER,S12CFSI,AQ12_CFSI_PT,Q,2020-Q3,3.609786234599269,0,,,,,,,,,,SC,,,,,,
dataflow,IMF.STA:FSIC(13.0.1),R,PER,S12CFSI,AQ12_CFSI_PT,Q,2020-Q4,4.127608565511422,0,,,,,,,,,,SC,,,,,,
dataflow,IMF.STA:FSIC(13.0.1),R,PER,S12CFSI,AQ12_CFSI_PT,Q,2021-Q1,4.128267665911689,0,,,,,,,,,,SC,,,,,,
dataflow,IMF.STA:FSIC(13.0.1),R,PER,S12CFSI,AQ12_CFSI_PT,Q,2021-Q2,3.907017086101182,0,,,,,,,,,,SC,,,,,,
dataflow,IMF.STA:FSIC(13.0.1),R,PER,S12CFSI,AQ12_CFSI_PT,Q,2021-Q3,3.961573481599517,0,,,,,,,,,,SC,,,,,,
dataflow,IMF.STA:FSIC(13.0.1),R,PER,S12CFSI,AQ12_CFSI_PT,Q,2021-Q4,3.908746966592412,0,,,,,,,,,,SC,,,,,,
dataflow,IMF.STA:FSIC(13.0.1),R,PER,S12CFSI,AQ12_CFSI_PT,Q,2022-Q1,3.976859455824097,0,,,,,,,,,,SC,,,,,,
dataflow,IMF.STA:FSIC(13.0.1),R,PER,S12CFSI,AQ12_CFSI_PT,Q,2022-Q2,3.996111784110734,0,,,,,,,,,,SC,,,,,,
dataflow,IMF.STA:FSIC(13.0.1),R,PER,S12CFSI,AQ12_CFSI_PT,Q,2022-Q3,4.136809385079063,0,,,,,,,,,,SC,,,,,,
dataflow,IMF.STA:FSIC(13.0.1),R,PER,S12CFSI,AQ12_CFSI_PT,Q,2022-Q4,4.116512832568401,0,,,,,,,,,,SC,,,,,,
dataflow,IMF.STA:FSIC(13.0.1),R,PER,S12CFSI,AQ12_CFSI_PT,Q,2023-Q1,4.170752944666543,0,,,,,,,,,,SC,,,,,,
dataflow,IMF.STA:FSIC(13.0.1),R,PER,S12CFSI,AQ12_CFSI_PT,Q,2023-Q2,4.297544096127502,0,,,,,,,,,,SC,,,,,,
dataflow,IMF.STA:FSIC(13.0.1),R,PER,S12CFSI,AQ12_CFSI_PT,Q,2023-Q3,4.43985443589139,0,,,,,,,,,,SC,,,,,,
dataflow,IMF.STA:FSIC(13.0.1),R,PER,S12CFSI,AQ12_CFSI_PT,Q,2023-Q4,4.480435640564314,0,,,,,,,,,,SC,,,,,,
dataflow,IMF.STA:FSIC(13.0.1),R,PER,S12CFSI,AQ12_CFSI_PT,Q,2024-Q1,4.740850917427353,0,,,,,,,,,,SC,,,,,,
dataflow,IMF.STA:FSIC(13.0.1),R,PER,S12CFSI,AQ12_CFSI_PT,Q,2024-Q2,4.743236239484023,0,,,,,,,,,,SC,,,,,,
dataflow,IMF.STA:FSIC(13.0.1),R,PER,S12CFSI,AQ12_CFSI_PT,Q,2024-Q3,4.39887209501457,0,,,,,,,,,,SC,,,,,,
dataflow,IMF.STA:FSIC(13.0.1),R,PER,S12CFSI,AQ12_CFSI_PT,Q,2024-Q4,3.990272411224289,0,,,,,,,,,,SC,,,,,,
dataflow,IMF.STA:FSIC(13.0.1),R,PER,S12CFSI,AQ12_CFSI_PT,Q,2025-Q1,3.980290744763505,0,,,,,,,,,,SC,,,,,,
dataflow,IMF.STA:FSIC(13.0.1),R,PER,S12CFSI,AQ12_CFSI_PT,Q,2025-Q2,3.760379821100061,0,,,,,,,,,,SC,,,,,,
dataflow,IMF.STA:FSIC(13.0.1),R,PER,S12CFSI,AQ12_CFSI_PT,Q,2025-Q3,3.649471911548558,0,,,,,,,,,,SC,,,,,,
dataflow,IMF.STA:FSIC(13.0.1),R,PER,S12CFSI,FSI688_CFSI_PT,A,2010,13.96206495265368,0,,,,,,,,,,SC,,,,,,
dataflow,IMF.STA:FSIC(13.0.1),R,PER,S12CFSI,FSI688_CFSI_PT,A,2011,13.67178999948742,0,,,,,,,,,,SC,,,,,,
dataflow,IMF.STA:FSIC(13.0.1),R,PER,S12CFSI,FSI688_CFSI_PT,A,2012,14.39526094363404,0,,,,,,,,,,SC,,,,,,
dataflow,IMF.STA:FSIC(13.0.1),R,PER,S12CFSI,FSI688_CFSI_PT,A,2013,13.94304912232334,0,,,,,,,,,,SC,,,,,,
dataflow,IMF.STA:FSIC(13.0.1),R,PER,S12CFSI,FSI688_CFSI_PT,A,2014,14.23980830415998,0,,,,,,,,,,SC,,,,,,
dataflow,IMF.STA:FSIC(13.0.1),R,PER,S12CFSI,FSI688_CFSI_PT,A,2015,14.32359726446881,0,,,,,,,,,,SC,,,,,,
dataflow,IMF.STA:FSIC(13.0.1),R,PER,S12CFSI,FSI688_CFSI_PT,A,2016,15.07613656960406,0,,,,,,,,,,SC,,,,,,
dataflow,IMF.STA:FSIC(13.0.1),R,PER,S12CFSI,FSI688_CFSI_PT,A,2017,15.21462510421809,0,,,,,,,,,,SC,,,,,,
dataflow,IMF.STA:FSIC(13.0.1),R,PER,S12CFSI,FSI688_CFSI_PT,A,2018,14.74812629496763,0,,,,,,,,,,SC,,,,,,
dataflow,IMF.STA:FSIC(13.0.1),R,PER,S12CFSI,FSI688_CFSI_PT,A,2019,14.69152759543467,0,,,,,,,,,,SC,,,,,,
dataflow,IMF.STA:FSIC(13.0.1),R,PER,S12CFSI,FSI688_CFSI_PT,A,2020,15.58881764265643,0,,,,,,,,,,SC,,,,,,
dataflow,IMF.STA:FSIC(13.0.1),R,PER,S12CFSI,FSI688_CFSI_PT,A,2021,14.9851455951082,0,,,,,,,,,,SC,,,,,,
dataflow,IMF.STA:FSIC(13.0.1),R,PER,S12CFSI,FSI688_CFSI_PT,A,2022,14.49830191619976,0,,,,,,,,,,SC,,,,,,
dataflow,IMF.STA:FSIC(13.0.1),R,PER,S12CFSI,FSI688_CFSI_PT,A,2023,16.32324125483317,0,,,,,,,,,,SC,,,,,,
dataflow,IMF.STA:FSIC(13.0.1),R,PER,S12CFSI,FSI688_CFSI_PT,A,2024,17.18713562997078,0,,,,,,,,,,SC,,,,,,
dataflow,IMF.STA:FSIC(13.0.1),R,PER,S12CFSI,FSI688_CFSI_PT,Q,2010-Q4,13.96206495265368,0,,,,,,,,,,SC,,,,,,
dataflow,IMF.STA:FSIC(13.0.1),R,PER,S12CFSI,FSI688_CFSI_PT,Q,2011-Q1,14.26184629711796,0,,,,,,,,,,SC,,,,,,
dataflow,IMF.STA:FSIC(13.0.1),R,PER,S12CFSI,FSI688_CFSI_PT,Q,2011-Q2,14.09812765253176,0,,,,,,,,,,SC,,,,,,
dataflow,IMF.STA:FSIC(13.0.1),R,PER,S12CFSI,FSI688_CFSI_PT,Q,2011-Q3,14.060585689097,0,,,,,,,,,,SC,,,,,,
dataflow,IMF.STA:FSIC(13.0.1),R,PER,S12CFSI,FSI688_CFSI_PT,Q,2011-Q4,13.67178999948742,0,,,,,,,,,,SC,,,,,,
dataflow,IMF.STA:FSIC(13.0.1),R,PER,S12CFSI,FSI688_CFSI_PT,Q,2012-Q1,14.60443609304543,0,,,,,,,,,,SC,,,,,,
dataflow,IMF.STA:FSIC(13.0.1),R,PER,S12CFSI,FSI688_CFSI_PT,Q,2012-Q2,14.86611302156668,0,,,,,,,,,,SC,,,,,,
dataflow,IMF.STA:FSIC(13.0.1),R,PER,S12CFSI,FSI688_CFSI_PT,Q,2012-Q3,13.91068311396425,0,,,,,,,,,,SC,,,,,,
dataflow,IMF.STA:FSIC(13.0.1),R,PER,S12CFSI,FSI688_CFSI_PT,Q,2012-Q4,14.39526094363404,0,,,,,,,,,,SC,,,,,,
dataflow,IMF.STA:FSIC(13.0.1),R,PER,S12CFSI,FSI688_CFSI_PT,Q,2013-Q1,14.77343570214822,0,,,,,,,,,,SC,,,,,,
dataflow,IMF.STA:FSIC(13.0.1),R,PER,S12CFSI,FSI688_CFSI_PT,Q,2013-Q2,14.76819356416335,0,,,,,,,,,,SC,,,,,,
dataflow,IMF.STA:FSIC(13.0.1),R,PER,S12CFSI,FSI688_CFSI_PT,Q,2013-Q3,14.02312981627487,0,,,,,,,,,,SC,,,,,,
dataflow,IMF.STA:FSIC(13.0.1),R,PER,S12CFSI,FSI688_CFSI_PT,Q,2013-Q4,13.94304912232334,0,,,,,,,,,,SC,,,,,,
dataflow,IMF.STA:FSIC(13.0.1),R,PER,S12CFSI,FSI688_CFSI_PT,Q,2014-Q1,14.55333310155983,0,,,,,,,,,,SC,,,,,,
dataflow,IMF.STA:FSIC(13.0.1),R,PER,S12CFSI,FSI688_CFSI_PT,Q,2014-Q2,14.42420404217761,0,,,,,,,,,,SC,,,,,,
dataflow,IMF.STA:FSIC(13.0.1),R,PER,S12CFSI,FSI688_CFSI_PT,Q,2014-Q3,14.71343182404432,0,,,,,,,,,,SC,,,,,,
dataflow,IMF.STA:FSIC(13.0.1),R,PER,S12CFSI,FSI688_CFSI_PT,Q,2014-Q4,14.23980830415998,0,,,,,,,,,,SC,,,,,,
dataflow,IMF.STA:FSIC(13.0.1),R,PER,S12CFSI,FSI688_CFSI_PT,Q,2015-Q1,14.52680496242037,0,,,,,,,,,,SC,,,,,,
dataflow,IMF.STA:FSIC(13.0.1),R,PER,S12CFSI,FSI688_CFSI_PT,Q,2015-Q2,14.41814354475145,0,,,,,,,,,,SC,,,,,,
dataflow,IMF.STA:FSIC(13.0.1),R,PER,S12CFSI,FSI688_CFSI_PT,Q,2015-Q3,14.33617751060346,0,,,,,,,,,,SC,,,,,,
dataflow,IMF.STA:FSIC(13.0.1),R,PER,S12CFSI,FSI688_CFSI_PT,Q,2015-Q4,14.32359726446881,0,,,,,,,,,,SC,,,,,,
dataflow,IMF.STA:FSIC(13.0.1),R,PER,S12CFSI,FSI688_CFSI_PT,Q,2016-Q1,14.86131397409908,0,,,,,,,,,,SC,,,,,,
dataflow,IMF.STA:FSIC(13.0.1),R,PER,S12CFSI,FSI688_CFSI_PT,Q,2016-Q2,15.11245502493573,0,,,,,,,,,,SC,,,,,,
dataflow,IMF.STA:FSIC(13.0.1),R,PER,S12CFSI,FSI688_CFSI_PT,Q,2016-Q3,15.2516946319052,0,,,,,,,,,,SC,,,,,,
dataflow,IMF.STA:FSIC(13.0.1),R,PER,S12CFSI,FSI688_CFSI_PT,Q,2016-Q4,15.07613656960406,0,,,,,,,,,,SC,,,,,,
dataflow,IMF.STA:FSIC(13.0.1),R,PER,S12CFSI,FSI688_CFSI_PT,Q,2017-Q1,15.79325874284594,0,,,,,,,,,,SC,,,,,,
dataflow,IMF.STA:FSIC(13.0.1),R,PER,S12CFSI,FSI688_CFSI_PT,Q,2017-Q2,15.77196346653945,0,,,,,,,,,,SC,,,,,,
dataflow,IMF.STA:FSIC(13.0.1),R,PER,S12CFSI,FSI688_CFSI_PT,Q,2017-Q3,15.80237241925609,0,,,,,,,,,,SC,,,,,,
dataflow,IMF.STA:FSIC(13.0.1),R,PER,S12CFSI,FSI688_CFSI_PT,Q,2017-Q4,15.21462510421809,0,,,,,,,,,,SC,,,,,,
dataflow,IMF.STA:FSIC(13.0.1),R,PER,S12CFSI,FSI688_CFSI_PT,Q,2018-Q1,15.78928460675582,0,,,,,,,,,,SC,,,,,,
dataflow,IMF.STA:FSIC(13.0.1),R,PER,S12CFSI,FSI688_CFSI_PT,Q,2018-Q2,15.14991369178496,0,,,,,,,,,,SC,,,,,,
dataflow,IMF.STA:FSIC(13.0.1),R,PER,S12CFSI,FSI688_CFSI_PT,Q,2018-Q3,15.03373942848749,0,,,,,,,,,,SC,,,,,,
dataflow,IMF.STA:FSIC(13.0.1),R,PER,S12CFSI,FSI688_CFSI_PT,Q,2018-Q4,14.74812629496763,0,,,,,,,,,,SC,,,,,,
dataflow,IMF.STA:FSIC(13.0.1),R,PER,S12CFSI,FSI688_CFSI_PT,Q,2019-Q1,15.31557834371329,0,,,,,,,,,,SC,,,,,,
dataflow,IMF.STA:FSIC(13.0.1),R,PER,S12CFSI,FSI688_CFSI_PT,Q,2019-Q2,14.93837636312517,0,,,,,,,,,,SC,,,,,,
dataflow,IMF.STA:FSIC(13.0.1),R,PER,S12CFSI,FSI688_CFSI_PT,Q,2019-Q3,15.02671462740513,0,,,,,,,,,,SC,,,,,,
dataflow,IMF.STA:FSIC(13.0.1),R,PER,S12CFSI,FSI688_CFSI_PT,Q,2019-Q4,14.69152759543467,0,,,,,,,,,,SC,,,,,,
dataflow,IMF.STA:FSIC(13.0.1),R,PER,S12CFSI,FSI688_CFSI_PT,Q,2020-Q1,14.48607838832849,0,,,,,,,,,,SC,,,,,,
dataflow,IMF.STA:FSIC(13.0.1),R,PER,S12CFSI,FSI688_CFSI_PT,Q,2020-Q2,15.03904812749579,0,,,,,,,,,,SC,,,,,,
dataflow,IMF.STA:FSIC(13.0.1),R,PER,S12CFSI,FSI688_CFSI_PT,Q,2020-Q3,15.83494221150169,0,,,,,,,,,,SC,,,,,,
dataflow,IMF.STA:FSIC(13.0.1),R,PER,S12CFSI,FSI688_CFSI_PT,Q,2020-Q4,15.58881764265643,0,,,,,,,,,,SC,,,,,,
dataflow,IMF.STA:FSIC(13.0.1),R,PER,S12CFSI,FSI688_CFSI_PT,Q,2021-Q1,16.27407291829325,0,,,,,,,,,,SC,,,,,,
dataflow,IMF.STA:FSIC(13.0.1),R,PER,S12CFSI,FSI688_CFSI_PT,Q,2021-Q2,15.50189446172008,0,,,,,,,,,,SC,,,,,,
dataflow,IMF.STA:FSIC(13.0.1),R,PER,S12CFSI,FSI688_CFSI_PT,Q,2021-Q3,15.23801504973371,0,,,,,,,,,,SC,,,,,,
dataflow,IMF.STA:FSIC(13.0.1),R,PER,S12CFSI,FSI688_CFSI_PT,Q,2021-Q4,14.9851455951082,0,,,,,,,,,,SC,,,,,,
dataflow,IMF.STA:FSIC(13.0.1),R,PER,S12CFSI,FSI688_CFSI_PT,Q,2022-Q1,15.1205536552178,0,,,,,,,,,,SC,,,,,,
dataflow,IMF.STA:FSIC(13.0.1),R,PER,S12CFSI,FSI688_CFSI_PT,Q,2022-Q2,14.78528805644624,0,,,,,,,,,,SC,,,,,,
dataflow,IMF.STA:FSIC(13.0.1),R,PER,S12CFSI,FSI688_CFSI_PT,Q,2022-Q3,14.62074483302116,0,,,,,,,,,,SC,,,,,,
dataflow,IMF.STA:FSIC(13.0.1),R,PER,S12CFSI,FSI688_CFSI_PT,Q,2022-Q4,14.49830191619976,0,,,,,,,,,,SC,,,,,,
dataflow,IMF.STA:FSIC(13.0.1),R,PER,S12CFSI,FSI688_CFSI_PT,Q,2023-Q1,15.65153360163706,0,,,,,,,,,,SC,,,,,,
dataflow,IMF.STA:FSIC(13.0.1),R,PER,S12CFSI,FSI688_CFSI_PT,Q,2023-Q2,16.09195741196753,0,,,,,,,,,,SC,,,,,,
dataflow,IMF.STA:FSIC(13.0.1),R,PER,S12CFSI,FSI688_CFSI_PT,Q,2023-Q3,16.21424554466984,0,,,,,,,,,,SC,,,,,,
dataflow,IMF.STA:FSIC(13.0.1),R,PER,S12CFSI,FSI688_CFSI_PT,Q,2023-Q4,16.32324125483317,0,,,,,,,,,,SC,,,,,,
dataflow,IMF.STA:FSIC(13.0.1),R,PER,S12CFSI,FSI688_CFSI_PT,Q,2024-Q1,15.61245897456878,0,,,,,,,,,,SC,,,,,,
dataflow,IMF.STA:FSIC(13.0.1),R,PER,S12CFSI,FSI688_CFSI_PT,Q,2024-Q2,15.85094839675964,0,,,,,,,,,,SC,,,,,,
dataflow,IMF.STA:FSIC(13.0.1),R,PER,S12CFSI,FSI688_CFSI_PT,Q,2024-Q3,17.10235923326214,0,,,,,,,,,,SC,,,,,,
dataflow,IMF.STA:FSIC(13.0.1),R,PER,S12CFSI,FSI688_CFSI_PT,Q,2024-Q4,17.18713562997078,0,,,,,,,,,,SC,,,,,,
dataflow,IMF.STA:FSIC(13.0.1),R,PER,S12CFSI,FSI688_CFSI_PT,Q,2025-Q1,16.75066056178798,0,,,,,,,,,,SC,,,,,,
dataflow,IMF.STA:FSIC(13.0.1),R,PER,S12CFSI,FSI688_CFSI_PT,Q,2025-Q2,17.0276087600383,0,,,,,,,,,,SC,,,,,,
dataflow,IMF.STA:FSIC(13.0.1),R,PER,S12CFSI,FSI688_CFSI_PT,Q,2025-Q3,17.19822043678205,0,,,,,,,,,,SC,,,,,,
dataflow,IMF.STA:FSIC(13.0.1),R,PER,S12CFSI,ROA_CFSI_PT,A,2010,2.811723937585662,0,,,,,,,,,,SC,,,,,,
dataflow,IMF.STA:FSIC(13.0.1),R,PER,S12CFSI,ROA_CFSI_PT,A,2011,3.125617208546817,0,,,,,,,,,,SC,,,,,,
dataflow,IMF.STA:FSIC(13.0.1),R,PER,S12CFSI,ROA_CFSI_PT,A,2012,2.957917089145781,0,,,,,,,,,,SC,,,,,,
dataflow,IMF.STA:FSIC(13.0.1),R,PER,S12CFSI,ROA_CFSI_PT,A,2013,2.69486854220656,0,,,,,,,,,,SC,,,,,,
dataflow,IMF.STA:FSIC(13.0.1),R,PER,S12CFSI,ROA_CFSI_PT,A,2014,2.669531078632755,0,,,,,,,,,,SC,,,,,,
dataflow,IMF.STA:FSIC(13.0.1),R,PER,S12CFSI,ROA_CFSI_PT,A,2015,2.900240952188258,0,,,,,,,,,,SC,,,,,,
dataflow,IMF.STA:FSIC(13.0.1),R,PER,S12CFSI,ROA_CFSI_PT,A,2016,2.667097173305704,0,,,,,,,,,,SC,,,,,,
dataflow,IMF.STA:FSIC(13.0.1),R,PER,S12CFSI,ROA_CFSI_PT,A,2017,2.736428784565478,0,,,,,,,,,,SC,,,,,,
dataflow,IMF.STA:FSIC(13.0.1),R,PER,S12CFSI,ROA_CFSI_PT,A,2018,2.945307671257058,0,,,,,,,,,,SC,,,,,,
dataflow,IMF.STA:FSIC(13.0.1),R,PER,S12CFSI,ROA_CFSI_PT,A,2019,2.987762343856069,0,,,,,,,,,,SC,,,,,,
dataflow,IMF.STA:FSIC(13.0.1),R,PER,S12CFSI,ROA_CFSI_PT,A,2020,0.4407890061384051,0,,,,,,,,,,SC,,,,,,
dataflow,IMF.STA:FSIC(13.0.1),R,PER,S12CFSI,ROA_CFSI_PT,A,2021,1.718536762215212,0,,,,,,,,,,SC,,,,,,
dataflow,IMF.STA:FSIC(13.0.1),R,PER,S12CFSI,ROA_CFSI_PT,A,2022,2.545812492157503,0,,,,,,,,,,SC,,,,,,
dataflow,IMF.STA:FSIC(13.0.1),R,PER,S12CFSI,ROA_CFSI_PT,A,2023,2.151636616415297,0,,,,,,,,,,SC,,,,,,
dataflow,IMF.STA:FSIC(13.0.1),R,PER,S12CFSI,ROA_CFSI_PT,A,2024,2.358913708637032,0,,,,,,,,,,SC,,,,,,
dataflow,IMF.STA:FSIC(13.0.1),R,PER,S12CFSI,ROA_CFSI_PT,Q,2010-Q4,2.811723937585662,0,,,,,,,,,,SC,,,,,,
dataflow,IMF.STA:FSIC(13.0.1),R,PER,S12CFSI,ROA_CFSI_PT,Q,2011-Q1,3.123640556037165,0,,,,,,,,,,SC,,,,,,
dataflow,IMF.STA:FSIC(13.0.1),R,PER,S12CFSI,ROA_CFSI_PT,Q,2011-Q2,3.009266139811151,0,,,,,,,,,,SC,,,,,,
dataflow,IMF.STA:FSIC(13.0.1),R,PER,S12CFSI,ROA_CFSI_PT,Q,2011-Q3,3.116076757944358,0,,,,,,,,,,SC,,,,,,
dataflow,IMF.STA:FSIC(13.0.1),R,PER,S12CFSI,ROA_CFSI_PT,Q,2011-Q4,3.125617208546817,0,,,,,,,,,,SC,,,,,,
dataflow,IMF.STA:FSIC(13.0.1),R,PER,S12CFSI,ROA_CFSI_PT,Q,2012-Q1,3.240755219525444,0,,,,,,,,,,SC,,,,,,
dataflow,IMF.STA:FSIC(13.0.1),R,PER,S12CFSI,ROA_CFSI_PT,Q,2012-Q2,3.014535108010043,0,,,,,,,,,,SC,,,,,,
dataflow,IMF.STA:FSIC(13.0.1),R,PER,S12CFSI,ROA_CFSI_PT,Q,2012-Q3,3.007300461457631,0,,,,,,,,,,SC,,,,,,
dataflow,IMF.STA:FSIC(13.0.1),R,PER,S12CFSI,ROA_CFSI_PT,Q,2012-Q4,2.957917089145781,0,,,,,,,,,,SC,,,,,,
dataflow,IMF.STA:FSIC(13.0.1),R,PER,S12CFSI,ROA_CFSI_PT,Q,2013-Q1,2.783510000802492,0,,,,,,,,,,SC,,,,,,
dataflow,IMF.STA:FSIC(13.0.1),R,PER,S12CFSI,ROA_CFSI_PT,Q,2013-Q2,2.665874091968799,0,,,,,,,,,,SC,,,,,,
dataflow,IMF.STA:FSIC(13.0.1),R,PER,S12CFSI,ROA_CFSI_PT,Q,2013-Q3,2.703039158937842,0,,,,,,,,,,SC,,,,,,
dataflow,IMF.STA:FSIC(13.0.1),R,PER,S12CFSI,ROA_CFSI_PT,Q,2013-Q4,2.69486854220656,0,,,,,,,,,,SC,,,,,,
dataflow,IMF.STA:FSIC(13.0.1),R,PER,S12CFSI,ROA_CFSI_PT,Q,2014-Q1,2.452447931814301,0,,,,,,,,,,SC,,,,,,
dataflow,IMF.STA:FSIC(13.0.1),R,PER,S12CFSI,ROA_CFSI_PT,Q,2014-Q2,2.413022182972028,0,,,,,,,,,,SC,,,,,,
dataflow,IMF.STA:FSIC(13.0.1),R,PER,S12CFSI,ROA_CFSI_PT,Q,2014-Q3,2.585007022909701,0,,,,,,,,,,SC,,,,,,
dataflow,IMF.STA:FSIC(13.0.1),R,PER,S12CFSI,ROA_CFSI_PT,Q,2014-Q4,2.669531078632755,0,,,,,,,,,,SC,,,,,,
dataflow,IMF.STA:FSIC(13.0.1),R,PER,S12CFSI,ROA_CFSI_PT,Q,2015-Q1,3.105695977383369,0,,,,,,,,,,SC,,,,,,
dataflow,IMF.STA:FSIC(13.0.1),R,PER,S12CFSI,ROA_CFSI_PT,Q,2015-Q2,3.03973522805874,0,,,,,,,,,,SC,,,,,,
dataflow,IMF.STA:FSIC(13.0.1),R,PER,S12CFSI,ROA_CFSI_PT,Q,2015-Q3,2.982228496543832,0,,,,,,,,,,SC,,,,,,
dataflow,IMF.STA:FSIC(13.0.1),R,PER,S12CFSI,ROA_CFSI_PT,Q,2015-Q4,2.900240952188258,0,,,,,,,,,,SC,,,,,,
dataflow,IMF.STA:FSIC(13.0.1),R,PER,S12CFSI,ROA_CFSI_PT,Q,2016-Q1,2.569769977230513,0,,,,,,,,,,SC,,,,,,
dataflow,IMF.STA:FSIC(13.0.1),R,PER,S12CFSI,ROA_CFSI_PT,Q,2016-Q2,2.564549869358999,0,,,,,,,,,,SC,,,,,,
dataflow,IMF.STA:FSIC(13.0.1),R,PER,S12CFSI,ROA_CFSI_PT,Q,2016-Q3,2.624466738105025,0,,,,,,,,,,SC,,,,,,
dataflow,IMF.STA:FSIC(13.0.1),R,PER,S12CFSI,ROA_CFSI_PT,Q,2016-Q4,2.667097173305704,0,,,,,,,,,,SC,,,,,,
dataflow,IMF.STA:FSIC(13.0.1),R,PER,S12CFSI,ROA_CFSI_PT,Q,2017-Q1,2.570404830611962,0,,,,,,,,,,SC,,,,,,
dataflow,IMF.STA:FSIC(13.0.1),R,PER,S12CFSI,ROA_CFSI_PT,Q,2017-Q2,2.586007388842254,0,,,,,,,,,,SC,,,,,,
dataflow,IMF.STA:FSIC(13.0.1),R,PER,S12CFSI,ROA_CFSI_PT,Q,2017-Q3,2.698324972871395,0,,,,,,,,,,SC,,,,,,
dataflow,IMF.STA:FSIC(13.0.1),R,PER,S12CFSI,ROA_CFSI_PT,Q,2017-Q4,2.736428784565478,0,,,,,,,,,,SC,,,,,,
dataflow,IMF.STA:FSIC(13.0.1),R,PER,S12CFSI,ROA_CFSI_PT,Q,2018-Q1,2.893771032627862,0,,,,,,,,,,SC,,,,,,
dataflow,IMF.STA:FSIC(13.0.1),R,PER,S12CFSI,ROA_CFSI_PT,Q,2018-Q2,2.900475169662947,0,,,,,,,,,,SC,,,,,,
dataflow,IMF.STA:FSIC(13.0.1),R,PER,S12CFSI,ROA_CFSI_PT,Q,2018-Q3,2.941594410720597,0,,,,,,,,,,SC,,,,,,
dataflow,IMF.STA:FSIC(13.0.1),R,PER,S12CFSI,ROA_CFSI_PT,Q,2018-Q4,2.945307671257058,0,,,,,,,,,,SC,,,,,,
dataflow,IMF.STA:FSIC(13.0.1),R,PER,S12CFSI,ROA_CFSI_PT,Q,2019-Q1,2.937217153642378,0,,,,,,,,,,SC,,,,,,
dataflow,IMF.STA:FSIC(13.0.1),R,PER,S12CFSI,ROA_CFSI_PT,Q,2019-Q2,2.977155922549097,0,,,,,,,,,,SC,,,,,,
dataflow,IMF.STA:FSIC(13.0.1),R,PER,S12CFSI,ROA_CFSI_PT,Q,2019-Q3,3.073005548036377,0,,,,,,,,,,SC,,,,,,
dataflow,IMF.STA:FSIC(13.0.1),R,PER,S12CFSI,ROA_CFSI_PT,Q,2019-Q4,2.987762343856069,0,,,,,,,,,,SC,,,,,,
dataflow,IMF.STA:FSIC(13.0.1),R,PER,S12CFSI,ROA_CFSI_PT,Q,2020-Q1,2.277620563373432,0,,,,,,,,,,SC,,,,,,
dataflow,IMF.STA:FSIC(13.0.1),R,PER,S12CFSI,ROA_CFSI_PT,Q,2020-Q2,1.182891272489131,0,,,,,,,,,,SC,,,,,,
dataflow,IMF.STA:FSIC(13.0.1),R,PER,S12CFSI,ROA_CFSI_PT,Q,2020-Q3,0.7587025980952828,0,,,,,,,,,,SC,,,,,,
dataflow,IMF.STA:FSIC(13.0.1),R,PER,S12CFSI,ROA_CFSI_PT,Q,2020-Q4,0.4407890061384051,0,,,,,,,,,,SC,,,,,,
dataflow,IMF.STA:FSIC(13.0.1),R,PER,S12CFSI,ROA_CFSI_PT,Q,2021-Q1,0.8137554961264125,0,,,,,,,,,,SC,,,,,,
dataflow,IMF.STA:FSIC(13.0.1),R,PER,S12CFSI,ROA_CFSI_PT,Q,2021-Q2,1.112380702463493,0,,,,,,,,,,SC,,,,,,
dataflow,IMF.STA:FSIC(13.0.1),R,PER,S12CFSI,ROA_CFSI_PT,Q,2021-Q3,1.426668990896767,0,,,,,,,,,,SC,,,,,,
dataflow,IMF.STA:FSIC(13.0.1),R,PER,S12CFSI,ROA_CFSI_PT,Q,2021-Q4,1.718536762215212,0,,,,,,,,,,SC,,,,,,
dataflow,IMF.STA:FSIC(13.0.1),R,PER,S12CFSI,ROA_CFSI_PT,Q,2022-Q1,2.568906837440998,0,,,,,,,,,,SC,,,,,,
dataflow,IMF.STA:FSIC(13.0.1),R,PER,S12CFSI,ROA_CFSI_PT,Q,2022-Q2,2.570039313262128,0,,,,,,,,,,SC,,,,,,
dataflow,IMF.STA:FSIC(13.0.1),R,PER,S12CFSI,ROA_CFSI_PT,Q,2022-Q3,2.596807754540812,0,,,,,,,,,,SC,,,,,,
dataflow,IMF.STA:FSIC(13.0.1),R,PER,S12CFSI,ROA_CFSI_PT,Q,2022-Q4,2.545812492157503,0,,,,,,,,,,SC,,,,,,
dataflow,IMF.STA:FSIC(13.0.1),R,PER,S12CFSI,ROA_CFSI_PT,Q,2023-Q1,2.594073697979763,0,,,,,,,,,,SC,,,,,,
dataflow,IMF.STA:FSIC(13.0.1),R,PER,S12CFSI,ROA_CFSI_PT,Q,2023-Q2,2.512082899897408,0,,,,,,,,,,SC,,,,,,
dataflow,IMF.STA:FSIC(13.0.1),R,PER,S12CFSI,ROA_CFSI_PT,Q,2023-Q3,2.364988186140148,0,,,,,,,,,,SC,,,,,,
dataflow,IMF.STA:FSIC(13.0.1),R,PER,S12CFSI,ROA_CFSI_PT,Q,2023-Q4,2.151636616415297,0,,,,,,,,,,SC,,,,,,
dataflow,IMF.STA:FSIC(13.0.1),R,PER,S12CFSI,ROA_CFSI_PT,Q,2024-Q1,1.948011957670949,0,,,,,,,,,,SC,,,,,,
dataflow,IMF.STA:FSIC(13.0.1),R,PER,S12CFSI,ROA_CFSI_PT,Q,2024-Q2,1.903721558378855,0,,,,,,,,,,SC,,,,,,
dataflow,IMF.STA:FSIC(13.0.1),R,PER,S12CFSI,ROA_CFSI_PT,Q,2024-Q3,2.230896180493345,0,,,,,,,,,,SC,,,,,,
dataflow,IMF.STA:FSIC(13.0.1),R,PER,S12CFSI,ROA_CFSI_PT,Q,2024-Q4,2.358913708637032,0,,,,,,,,,,SC,,,,,,
dataflow,IMF.STA:FSIC(13.0.1),R,PER,S12CFSI,ROA_CFSI_PT,Q,2025-Q1,3.047139642892022,0,,,,,,,,,,SC,,,,,,
dataflow,IMF.STA:FSIC(13.0.1),R,PER,S12CFSI,ROA_CFSI_PT,Q,2025-Q2,3.188642672649007,0,,,,,,,,,,SC,,,,,,
dataflow,IMF.STA:FSIC(13.0.1),R,PER,S12CFSI,ROA_CFSI_PT,Q,2025-Q3,3.259881745344655,0,,,,,,,,,,SC,,,,,,
